% Model,51.mph
% Version,COMSOL 5.4.0.295
% Date,"Nov 11 2020, 00:49"
% Dimension,2
% Nodes,1679
% Expressions,1
% Description,표면
% x,y,Color
3.781899448181163,3,0
4,3,0
3.781899448181163,3.063332048023028,-2.7431730781041783
4,2.7678651283988205,0
4.064940952365453,2.7678651283988205,-0.4736554029692698
12,11.324055977340084,31.39721131835871
12,11.65619217434977,31.258560719358442
11.300914408229058,11.329943301664171,31.23116363778617
12,10.772133061659485,31.43181062767293
11.132719022108423,10.701462492592448,31.244876117478587
12,9.969028115464788,31.52818883875626
11.059658545088643,9.874136144985853,31.355499490218225
12,8.887083905238182,31.904902778727237
10.99652367359581,8.65886760902668,31.78378836498513
-0.053222221790682096,2.7979420751625073,4.772463248846099
0,2.7873704802249883,0
0,3,0
0.21810055181883747,3,0
0.21810055181883747,3.0568772118121195,5.596485540695709
12,7.284477887893232,32.70683624343006
10.899677532332857,7.023279206077111,32.64579629397778
11.999999999999998,5.68187187054828,31.35297710174974
10.862339997092656,5.778860951043026,31.905073377094187
10.85688191979689,4.517053883640892,23.767160671720532
12,3.872816202816466,16.754685578577668
10.962501657190591,3.3128382929126534,6.742721522502479
12,2.4951013216216795,-4.485540337746832
-1.7858788097261002,2,0
-1.7915271936790762,2.0549376618260062,3.0256653559949216
-2,2,0
10.863862291149136,1.9263680794548448,-5.066461189001352
12,1.2360321060637354,-4.664373547008965
12,-0.04953350529973477,-4.795558166156001
10.504520200813351,0.5554634633134214,-5.134446085809038
4,-2.76786512839882,0
4,-3,0
4.063738322845536,-2.76786512839882,-0.34467098584886574
-2.0532605807918687,1.7979496944577773,2.8561901517802624
-2,1.7873704802249883,0
10.723351364103564,-0.6703976422438986,-5.709895717279248
12,-1.4259839783550525,-5.175398287376378
12,-11.27412655696994,31.428016367959135
11.464454210103867,-11.355249699324737,31.281417512323703
12,-11.641977755074695,31.320905061359138
10.889550885570618,-2.0379083160121745,-3.67318992810624
12,-2.8128828498683998,-0.34903787342799825
-12,11.337787543163426,20
-11.408256483221907,11.34448186779929,20.121581651888807
-12,11.669575668924626,20
12,-10.52916217110932,31.442210251359313
11.30936700375669,-10.932753194747116,31.265083050248517
10.873762185432097,-3.285416720003457,8.58150162699363
12,-4.079484629732646,19.49899949218033
10.905353006154721,-4.49125129477334,24.353157652343786
12,-5.442755440104435,29.984364217183103
12,-9.784197785248693,31.678655785603834
11.116648009895675,-10.107727644298269,31.330743824259468
10.996878912688043,-9.197581259321614,31.787427901081255
12,-8.539865919616982,32.36093443455887
10.818270518211488,-5.84522485816221,31.643752999840498
12,-6.982980350503524,32.320710132680496
10.888103058181011,-7.726235462794614,32.48402605497583
3.7818994481811625,-3,0
3.7818994481811625,-3.061443061788052,-2.306085003177736
-12,10.800857468494048,20
-11.247869454212063,10.829612537968629,20.093643692791677
-12,9.860072482257198,20
-11.123180912950842,10.010788562984754,20.069000647529347
-12,8.705760003063734,20
-11.024037288843534,8.838371161885199,20.044454069903875
-12,7.117775058198784,19.999999999999996
-11.027081621054634,7.38406268779239,20.03213054802262
-3.7858788097261002,1,0
-3.7913687376917173,1.0533964773880664,3.757103636225738
-4,1,0
-10.970340605800168,5.731474507350491,20.014724306259946
-12,5.315647769779183,20
-10.947348106870246,4.370098634531171,19.986088202819584
-12,3.748410268628078,20
-10.996706682376484,3.1102010952946806,19.967674117050404
-12,2.4360966394119057,20
-12,-11.322751707108157,20
-12,-11.66315992632334,20
-11.29863139834842,-11.35212560376036,20.147594960850377
-12,1.2586864036469372,20
-10.965544765237437,1.9023785177564765,19.948372108566584
-12,-10.7522587832071,20
-11.15034457927289,-10.751638299092146,20.11634511756647
-4,0.7873996968333579,0
-4.054124229827855,0.7873996968333579,2.539676899967742
-12.000000000000002,0.10961103825256124,20
-10.810542423601644,0.6850050726332475,19.915118565018883
-12,-9.825446186026756,20
-11.04610559114318,-9.901715010229985,20.0754873628369
-12,-1.0874087838582787,20
-10.730654330139872,-0.6263580986023825,19.905880505818985
-12,-8.704969764729839,20
-10.928649868864518,-8.635641974093652,20.0506443338332
-12,-7.053183910307663,20
-10.831866898800703,-6.987549305797477,20.03713609498651
-11.999999999999998,-5.401398055885489,20
-10.832098486310548,-5.661957570011401,20.014263863996053
-10.862106774766982,-4.35954286222303,19.991309635026884
-12,-3.78910946047494,20
-10.869879998147828,-3.2098381493855936,19.966001713568435
-12,-2.365205842668871,20
-10.74460003622852,-1.8117254212444163,19.911797993311584
0.2181005518188364,-2.9999999999999996,0
0,-3,0
0.2181005518188365,-3.0574134989151873,5.6375624208248105
-0.05464006917599004,-2.798231508673071,5.008558810685103
0,-2.7873704802249875,0
-4,-0.7873996968333572,0
-4.055081763368074,-0.7873996968333572,2.6572983812932063
-4,-1,0
-3.7858788097260994,-1,0
-3.7914207059917864,-1.058568054985732,3.9443895157310367
-1.7858788097260996,-2,0
-2,-2,0
-1.7910558282702056,-2.0547119419449773,3.052176652944647
-2.053589265847118,-1.7980226362279896,2.8074421482494527
-2,-1.7873704802249875,0
4.078090156067096,3.2103125620025983,-3.0477818086948845
3.8898168137345492,3.23638426797218,-4.2341880307843445
3.9948818958398125,3.3655377865983804,-2.2725094609046486
3.781899448181163,3.1393305056506624,-3.7102176963807714
4.22233703173139,3.0734008530183528,-1.80943039421145
4.26764646057414,3.2559383814092158,-1.7261802972694844
4.1804161248142275,3.3942112873237824,-1.0204904303236157
10.710876567485784,11.23278544822862,31.127145917198103
11.172413793103473,11.656192174349776,31.061255264909853
10.344827586206918,11.645974538394727,30.91104335914698
4.009832439225422,3.571157067030583,3.71904583434375
3.808247109286179,3.4236159974950024,-1.7197875188242213
3.675782273033043,3.2795087560864356,-4.731187955112564
3.5402604894641465,3.145570977256443,-4.86396100676779
7.600092165380151,11.267699504910937,30.358543890723244
7.86206896551726,11.615751640373087,30.364040662809327
7.0344827586207055,11.60730168302662,30.112347893780008
8.435790266266046,11.289213819502818,30.59972044781969
8.689655172413815,11.625076132019531,30.578373457984156
9.177966453210361,11.219552630348451,30.79901969691333
9.517241379310367,11.635286369164296,30.758574062779722
9.95495768629668,11.225347834140905,30.976054688682183
4.142870095203997,2.7678651283988205,-0.44319233022625115
4.248056338331341,2.8777582431302413,-0.8363635259641988
4.400790237293416,2.987991405422593,-1.159654645751804
4.4334964530145005,3.1916157127905893,-1.1744447162197658
4.41578663783613,3.4033794340529155,-0.0028342540592304756
4.305927344863719,3.6063592591390594,4.127593842680255
10.311188945484023,10.801930806182696,31.06106347203839
4.180632135178941,3.81281658333706,14.85151479811851
6.766521320300025,11.247055476203201,30.077254501665
6.206896551724153,11.599498928821479,29.821145076373607
7.167849296575303,10.730003456907243,30.21410164491422
3.9598312529910595,3.859790731109463,17.37335161436835
3.7441135348279904,3.6476160810869747,9.547680289893366
3.602091921052181,3.4355964193708357,-1.0096537217415043
3.428110785353239,3.3040925362141524,-4.61189102093055
3.266775409317087,3.154057699382082,-5.143437221438439
7.978239618735297,10.696085046656231,30.475101204838897
8.780021095581086,10.664676554960508,30.70637947282128
9.616674024286686,10.670323800812975,30.916045655792207
7.489368359216845,10.095227751652661,30.43853313587791
4.279073508247825,2.6621994090822896,-0.6009182951745049
4.152844244053509,2.502371843096872,-0.25406669236956386
4.443267157511416,2.7750926628593913,-0.8734551905157764
4.616611189585749,2.9285864906038004,-0.8616844207698405
4.587317598081246,3.130946981464613,-0.7850693559639937
4.482965123720749,3.7949190677357687,13.049884653746028
4.45370070771144,4.0513717336093595,20.98870769348078
4.6337449515382225,3.3563713478503456,0.18356234451199407
4.594284356804779,3.603895486342256,4.481280844082321
4.307938898455433,2.3836529990082007,-0.4738262052928676
4.165737355768149,2.198726490827928,-0.2230532084153174
10.212204572669696,10.135998921687744,31.13256168428396
4.15360135351655,4.141544880493614,24.172396843990644
3.896528927678313,4.1411847724279935,24.979591706198548
4.373483476776509,4.388364503274199,27.966524281514747
5.907939491490467,11.239925309326225,29.74085576666866
5.3793103448276005,11.592400918723593,29.48841521694306
6.800215734334528,9.886091269316966,30.25715060725744
6.297332070492516,10.72076165198708,29.885519999752315
3.688349792253974,3.953877747570029,21.524608882541035
3.508099835102738,3.6851770471669063,12.791223135519013
3.3252119041472143,3.5016264790810774,1.3871684663501445
3.1448603849812287,3.3251851020392285,-4.184489516218105
2.957247126986142,3.162798927953705,-4.7617942645446325
3.6848335751438968,4.26687222519048,27.67523860412236
8.294502041329215,9.919594706172969,30.733051440572307
9.263705392478265,9.974436057557549,30.965845555132706
7.5041745782689295,9.261499618296922,30.756207958015242
4.481037174598763,2.5342411930521345,-0.7526100172655977
4.79246002320908,3.053981699530413,-0.5086175856380177
4.683454232407404,2.6855292448152963,-0.8369582972506969
4.860703726543339,2.8722462181334776,-0.6865585624336238
4.822204391380966,3.2562800902500566,0.10852893867653067
4.729077775835811,4.3424549516300655,26.512494791548836
4.782997417294872,3.89223212555867,15.919070803162693
4.859327472649714,3.5515879006922977,3.3655188691556917
4.329995091844297,2.0782954981128006,-0.47576686915497607
4.180938307440463,1.851446493392896,-0.24131326010401546
4.520199978462633,2.242932481407297,-0.7456446894431493
10.03043783969758,9.071666163218927,31.416618520918117
3.992341965451992,4.439106023194282,29.24869522972119
4.608954750095916,4.762786383373548,31.36648723626563
5.10439819533942,4.721056078228355,30.678647142975247
4.22084767230075,4.722547337261511,31.41853104977141
3.719379704486434,4.574865274928535,30.703651174140738
5.053058571466373,11.211332953233377,29.363886873693755
4.551724137931046,11.586280623456737,29.102414932005807
5.589207021554094,10.705552269491303,29.58338121821927
6.295714565562135,8.887146597776395,30.537112720032976
5.872962020136181,9.869670592510372,29.901071427686237
3.438836540786602,4.050315169743645,24.95155323987171
3.236162489514715,3.7713333764683523,17.976174350604335
3.0431872008795446,3.509976431357586,2.9091361037498262
2.8234037817386177,3.341365606306478,-3.159470160461634
2.606925460636851,3.1689035823080434,-3.9310211587717747
3.414151985440708,4.444830921763464,30.179282498652864
2.4543759007909354,3.356267566842302,-0.7671028887596424
2.210438914509554,3.1704444711324897,-2.73546577498488
8.776386998144844,8.881890380277213,31.229266512819773
7.518162537725848,8.23653003876491,31.258259178101586
4.745361347449701,2.4293514514000694,-0.9232762988892768
5.044395667013234,3.0753564514447826,-0.032141875450238895
4.990796012013124,2.646921925787365,-0.8629678801169894
5.142255608044689,2.8674220130071344,-0.4662231432002092
6.205604552885353,5.220450474502202,32.39834285701153
5.959860219761183,5.663984846025679,32.556936993215366
5.567796364356802,5.135944251394662,32.38843024283502
5.12059629961992,3.3466199940800934,1.2686241348828735
5.095991360057032,4.1465330265377665,22.321012042038806
5.172122945118258,3.720543562281723,9.162954732876313
5.466216424462351,4.34944143557418,25.15660692193276
5.618527064598808,4.640236827724497,29.306470729222703
4.35909834656132,1.723367339624291,-0.5361786885055896
4.197669863253499,1.454261519063497,-0.28895162902522326
4.545943132692999,1.9613396191551464,-0.813140926883093
4.845421675262665,2.135054400467081,-1.1103855405744232
9.792451923148464,7.775032963949357,32.06107377599967
4.24310441985257,11.206768528139756,28.949413153109777
3.724137931034493,11.581530515136906,28.667099400050535
7.330945461695576,7.126314646969029,31.809191402330953
6.432546173901688,7.468784291200001,31.27069981211743
6.419500793688391,6.415638079519135,32.144139547906995
4.894175299573675,5.18844711046932,32.60762827459104
5.158816975937072,5.64552187793654,32.484363445358404
5.57454073952191,6.2191761867327084,32.0446369131672
3.9416144261104034,4.821069681232588,32.104200241112615
4.269745251173393,5.131500113120438,32.616851725577085
3.554076549638861,4.8038684695717295,32.25538760500209
4.681226711097585,10.665055615513468,29.156098826624497
5.113307624867192,10.01407913557945,29.49691898546511
5.612172610889734,8.018303284783721,30.680700499939594
5.141995104006619,9.00439263091104,29.99590009165504
2.01262818359158,3.3544991178394796,2.4415462754295665
1.7895610854904493,3.1669646840694012,-1.2763533576481934
3.16495434567642,4.162195345135001,27.688434846645958
2.922458038300404,3.8102102957184156,21.11824243598433
2.6889794248722376,3.5700372228187778,8.507533301432678
3.1713406656278536,4.606843810501593,31.757338311203625
2.2523632138978082,3.6186929781989146,14.283755565612486
-0.11708888793950062,2.81062798908753,7.131930080498681
-0.2670990870641806,2.2844281548116108,-1.6393088432145713
-0.1285738467294534,2.1285738467294535,-1.1569072797654623
-0.122306853851638,2.3768696548066353,-1.0309596612137744
-0.4280355625353121,2.1323357902638085,-1.9305048671615208
-0.2643695562604285,2.4783917715207857,0.7966057176431555
-0.11600087413208592,2.603931533953125,2.165298049742627
-0.2140014084174827,2.666531861767152,5.893140048431722
0.21810055181883747,3.1251298659866626,8.84414602616621
0.5821180073640486,3.2766867889438536,12.586884543294568
0.45973951053585305,3.1320828302264094,6.677061124290377
0.7332245906829122,3.14144747728256,3.0799379125126807
0.33296174223414204,3.2558099744879123,16.365562184226032
8.437870552914385,7.183462914270837,32.16752262865236
7.56688051116853,6.442462476348913,32.388162791767634
5.104910904231863,2.379961541377039,-1.1594600692390487
5.392385249518746,3.053546466463016,0.4178332877926297
5.3514468960392305,2.6824048664561686,-0.8022000786697915
6.711584919451872,5.556049548590087,32.62915751838842
7.338307676630735,5.832531868469794,32.94541767893816
6.0129840630620235,4.793528498248821,30.126684098144874
6.612262611426675,4.989047049303514,31.33738264835744
5.547516338035919,3.4423600442047078,3.731337197524921
5.577000819522522,3.917279817905128,14.969862745637323
5.960956883017237,4.236426239188124,22.347753286776626
4.395602449628388,1.306275963185537,-0.608576946959118
4.2132808615922395,1,-0.37313634715646793
4.640565998956062,1.5502908550163106,-1.0049789031650906
4.887760519609865,1.805679685267272,-1.3078120813404341
5.258352123265026,2.061093277115655,-1.5540639080337562
9.568603309090799,6.3456785624935,32.865373943776895
1.5663691390657106,3.34576865540344,4.6579807342624155
1.39307453936315,3.159761407642456,-1.0959279386053264
1.1898395014608953,3.3276012762779748,6.818846259153907
1.042752873013859,3.1506044424625084,0.44789888951710133
0.8644579210645169,3.3025300759868075,9.213239250247547
0.6898616095167203,3.4703683379749695,23.31293820761024
3.4155796920962147,11.202131764931337,28.475692220585703
2.8965517241379395,11.578343234109015,28.17447303326943
3.901223179166331,10.66237751605429,28.731142027615636
5.451256964944615,7.000020517398959,31.242649011841728
4.541595734576609,5.68396100324432,32.30176897778262
4.88696369725146,6.2616328102555725,31.731937731510012
3.763353661253543,5.211208448922343,32.60501840559562
4.049883954319281,5.626078134997596,32.20930717322567
3.347890115181031,5.062921625718165,32.62534172001501
4.30633419365158,9.79255271217917,29.15805500501474
4.700765879406226,7.785344680592518,30.421169126979375
4.297663933745815,8.670698462286305,29.737978447141565
1.7959970665947083,3.6208511700540793,17.527754102785646
2.8067763543882394,4.289638496614533,30.205549444634723
2.537689655326086,3.896846323609775,25.422655742931525
2.8556379094221724,4.830318872321212,32.52824259852428
2.076081489136536,3.9825784239994775,28.744725102395524
-0.20153186306675894,2.88259634017742,9.137429311076348
-0.4573637943919856,2.3373534177427837,-1.246001764757713
-0.7455356963769177,2.13322256056163,-1.598092504404523
-0.4094453197051984,2.601236006043409,5.558581898252329
-0.3420821421744417,2.7845007947632614,10.547201932491006
0.12176257815136449,3.230143703484675,19.58232777924565
0.4219625853356565,3.409313505665081,24.284781034337513
0.22893830909535864,3.3761177748961986,25.121650330714623
-0.7801705328703334,2.2912557030049805,-0.4311714481624139
-1.0572865668211775,2.1323925294223796,-0.8646296285472985
4.443898632194458,0.8256856711480904,-0.7184461322119079
4.223118702147475,0.5238577510159346,-0.3927106690251008
8.423505027821419,5.767710030382743,32.58825904914016
5.81864797349678,3.1748000214638235,1.8211164797314443
5.5754669300344215,2.38706259512819,-1.4027762003538433
5.7602278911433595,2.7369042727829878,-0.6107453066269165
7.453425449739931,4.949333646076317,29.785678773442047
6.642772740823039,4.275150168860409,21.713345659493935
6.119309511864257,3.6464811518399016,8.922734011941287
4.7244178728492985,1.0971344719241112,-1.1204841500310307
4.983124292078499,1.371513232121721,-1.5668055370685083
5.390959805152412,1.6568540139054762,-1.9999200492965505
5.801694767944605,2.0042855490876166,-2.08130381477524
9.536265001142963,5.050673446281931,29.119652903534842
-1.1192166832181123,2.2530512636338256,1.783571743436733
-1.334232885868408,2.1295885152158878,0.7985542044385882
1.356214203212767,3.588261557773697,20.403870127373565
0.9883945898482556,3.5153763027856466,21.74812050932235
0.5018612462934482,3.6483281750106125,29.542763237990524
0.7803753071943957,3.669975179457815,28.839076939859023
2.6045471577312607,11.192338039627295,27.962319314020103
2.068965517241386,11.576504997953817,27.637611239015165
2.9806119150785046,10.578281368793665,28.1820941968968
3.423609536657208,9.911865414382424,28.602418307109236
4.401025975841887,6.891044745560581,30.854093509525374
4.103437196595743,6.175220108075105,31.479870221271607
3.470898700610446,5.724782908543536,31.773035991057615
3.0294937612212163,5.343637233179314,32.084696235261795
3.5967315606487555,9.007710474685373,29.142599523119554
3.7406467874663596,7.731348252514428,29.967493456297856
1.5334657246748742,3.8936132176009854,29.777005234410353
2.3092696626105456,4.4737415253986805,32.160119722972404
2.5227365389741054,5.175455279077288,32.0042018707146
1.7416980878810449,4.398343033480533,32.016605100860595
-0.1836301166496292,3.069980701543265,17.309257198626202
-0.37938894990513033,2.962105103572833,17.79690405556204
-0.6662714576985361,2.546188852709347,7.107722511127954
-0.5381070924091728,2.812112518392332,15.78059512259783
-0.07578900643168278,3.235184761903831,22.96080626699116
-0.24944939549736955,3.284194251373945,24.20030218854622
0.049721226973198834,3.418679762457377,27.15437108498404
0.22393353443107022,3.5992745251339517,29.28006472921604
0.3453918200005681,3.9022400659801875,30.0941202996075
-0.9949085660235544,2.4814148232614706,9.562267506897955
-1.296687932466116,2.457228187087052,13.591380067593917
4.4702552878152195,0.2999510237155543,-0.6926847376482765
4.2254648020352015,-3.885780586188048E-16,-0.3021427836712222
4.773227647603524,0.6108050147027525,-1.17306834064877
8.382150313347859,4.474732004028219,24.73774155833536
6.2536676254788475,2.946262883609478,0.5071849715281859
6.110193784246573,2.4620766073202485,-1.4927693738356245
7.493545252750789,3.972847451405614,16.50373619532068
6.846925413900359,3.3383871459605774,5.139271032198611
6.303813662296698,1.9739958957471215,-2.5158132513400893
5.110088216634857,0.9182360953702564,-1.701639162282028
5.519507725577612,1.1403476218896933,-2.37421383865416
6.036144403095462,1.481213759182449,-2.8601207524991406
9.601110961148327,3.9367920909639498,16.520555388703002
-1.3964076772530762,2.2498629805776686,5.436747796589208
-1.5799645182849122,2.1247535751441893,3.17881219929042
-1.5792016977337526,2.4023226894366667,16.313387155549872
1.0632191976321579,3.826358724520061,30.345393790085925
0.6769176691915566,3.936230847737688,30.596713226453435
1.7635745739103037,11.19173634214932,27.38735558701455
1.2413793103448327,11.575652001231044,27.05327821764005
2.2572342500043723,10.581874334844848,27.69355519996535
2.671696050234543,9.643354619639362,28.207322844878284
3.4417179710154526,6.640031178400134,30.555617475285114
2.810396601111468,5.882380340341255,31.069987819585084
2.7939987076059882,8.493320261046785,28.892180330369204
2.8607849716664147,7.470505969027569,29.582975679280487
2.2567307478056797,5.735732040827781,30.79653359233833
1.2012716592246644,4.344086309749485,31.67782858307413
1.9429735762177518,5.080360859808465,31.649220090505903
1.4470555643445984,4.801185154241076,31.45441873606206
-0.40208714928232964,3.1962498958381382,23.222590982188922
-0.6096111159385837,3.063875022105686,22.58805654717921
-0.8584119255933969,2.8426540506845765,20.963475636353923
-0.1576027782322193,3.451252996110629,26.64336506313074
-0.38658124005249167,3.443825946704694,26.098966276943624
-0.04291527517469824,3.6201048132149767,28.150064003713762
0.4692595251723765,4.180266209766502,30.45875284110549
0.070077152939794,3.8537438900592234,29.133316448308165
0.2021990906783702,4.148234697502026,29.674668303008385
-1.206514519920456,2.720423809028839,21.442793686963572
-1.4838784506477443,2.636293556583839,21.817408125652822
-1.7079342508176638,2.60736534099082,22.48909730052387
4.379320177782653,-1.7411281681038357,-0.2292289933100579
4.2048453638237735,-1.454261519063497,-0.11225421983102676
4.185830090193813,-1.8514464933928951,-0.09098287185551261
4.413041501881131,-1.3347751798176368,-0.30764119137380425
4.216328132873351,-1,-0.16263018301434484
4.472652642168245,-0.8261746373686992,-0.47095664685058786
4.220896467454276,-0.5238577510159352,-0.2179244615660984
4.4767230712539865,-0.27774140591738194,-0.5846418565199883
4.801102605356981,0.05256432331822366,-1.0883272839730367
4.661075534390263,-1.62236854178727,-0.466888324959796
5.142153890454319,0.434823683920494,-1.66683125001792
8.490501257947761,3.3378844344269956,6.190119204474531
6.7739717548764915,2.4315673127628172,-1.9868729038818924
7.5725362351990455,2.748045567326063,-0.6409342371155801
6.746805731494093,1.5726564336451734,-3.5086390417011475
5.711808577853513,0.6210065897026633,-2.494543146868464
6.270880670216364,0.9822235870372468,-3.3527057233166473
9.846741174783007,2.625803594388142,-1.8586436893021145
4.34928834421708,-2.0956605146693286,-0.18756318929547697
4.167455122705876,-2.198726490827927,-0.08749118948824867
-1.656065302087499,2.2398898215322696,9.614668111280148
-1.7983052544226474,2.1208628560172134,5.4328932812277655
-1.7942613373337284,2.3983415748013592,19.143190087812755
0.7828157741342288,4.317286710688582,31.128635774252047
0.8195197688445349,11.188304926136135,26.69389064182761
0.41379310344827935,11.575698734064297,26.436520288365017
1.3676312513378865,10.548508894847382,27.0529093490251
1.8935307690970267,9.961281317899612,27.555745562043285
1.9203914316612694,9.00878846806768,27.95076937604639
2.392013927197257,6.643134079521569,29.839886070230598
2.020276376558945,7.697214265869089,28.77569991425338
1.692006775498831,5.69764308726161,30.245166403928927
1.8094940985195567,6.179915043693593,29.778566725467847
0.9429415300238927,4.8268123343185865,30.602549099611547
1.3210395736690244,5.317544213228369,30.340165200279518
-0.6101943359943804,3.3748435174772005,25.566389727850403
-0.8694772424470923,3.195285046669034,24.859805163168712
-1.13032574305999,3.10060345037412,24.755371287897276
-0.3007765906062391,3.6606504936575703,27.389416874102206
-0.5514972804160883,3.6507737990852736,26.751556124967504
-0.18759664256579112,3.900939862661919,28.295813765925477
0.382963337219131,4.487842358790483,29.794734501795944
-0.03523450851863382,4.166572040140205,28.901246088534624
0.09038791712715591,4.425812325245131,29.07107872842626
-1.423182243796577,2.982209559054018,24.536635019262906
-1.6464758915566737,2.8857775978464764,24.237648820889707
-1.8842472541027748,2.600819362472614,22.81372010823114
-1.8290643306116512,2.8198230387608807,23.970762679173628
4.558906183190239,-2.0199870863235527,-0.3160491528734615
4.511466672964836,-2.3380156446756843,-0.2788570295843336
4.743932207279822,-1.1932221263960103,-0.6606003380021211
4.894586785732636,-0.6122046232641979,-1.0241478972767697
5.303938497586042,-0.2202969620699559,-1.6558532286758314
4.968320885628073,-1.5447146186368332,-0.7555716476466916
4.902932250579661,-1.9003840714457496,-0.5436790510539443
5.757878893986833,0.13067049770385927,-2.3825504650247002
8.66148634533759,2.0499632180843674,-3.782056755000242
7.578797576780572,1.7580157778738505,-3.8871468033137604
7.241997017250793,0.9123609333238035,-4.384076777313314
6.55375801014112,0.33172909122118655,-3.4464812938465594
9.449986568104078,1.1532271803233265,-5.43259701450146
4.321841856995671,-2.4027143679590073,-0.2062226553288549
4.151596767970167,-2.5023718430968716,-0.10987631932144695
-1.879519720761884,2.2231057402539345,13.181021790691716
-1.960197662872454,2.383197740253066,20.214809618068674
0.5422305060523798,4.815522309858776,29.743636275766388
-0.026564273851082863,11.159914665502852,26.041685851116398
-0.41379310344827314,11.577390495979117,25.79609829027375
0.4873962759226211,10.596407262132342,26.373736781814497
0.9845318702484607,9.771449185922036,26.913645570128754
1.1519985171684115,8.544360395657643,27.551719549517703
1.52289614331723,6.755298430177417,28.997440647198715
1.1302424427382554,7.5239543442610195,28.086778730325374
1.072869733852435,5.949079202797785,29.14704601397026
0.7446101939692904,5.29823165533711,29.437447079289473
-0.7983905952096395,3.5236713243125344,26.07747776893361
-1.0899920106036396,3.471458277801391,25.73005873869015
-1.4019578610457262,3.3265391446008428,25.249040267737215
-0.4642962022121985,3.906228684411762,27.481943354198872
-0.6999523916612598,3.8318284186525404,26.824472597430933
-0.36006795734784697,4.18775300570794,27.927821384672075
0.08515993071759975,4.779799535641213,28.74661391969667
-0.16572248966932004,4.476171586469777,28.34192834456074
-1.6589452791847175,3.1666690997851585,24.812047823729003
-1.8619357031916035,3.044604126731831,24.444238164619136
-2.0783993420984155,2.576638062346559,22.807573340863602
-2.0097402354208733,2.828862741548599,23.946519940985695
-0.801393627278221,11.114948538355188,25.426106571057577
-1.2413793103448256,11.580234603390213,25.151012743437605
4.80291086672318,-2.2226546545807566,-0.3730819301104728
4.479401375935617,-2.600472652543449,-0.3077585033746892
4.797525666985549,-2.529966788939498,-0.2820476333988143
5.218052143527833,-1.1233431833712342,-1.1863187627121474
5.402105868372784,-0.7341481890439716,-1.612452081653069
5.825802941612701,-0.5934874650541427,-2.2054046066817286
5.4663654744671,-1.4936695274033924,-1.1842249449753721
5.367583311235794,-1.8107676431277522,-0.8656024212299761
5.211660254062986,-2.134779614076904,-0.548155901473847
6.567521466258097,-0.43327119372089,-3.186565945930494
8.270587709114295,0.6521943678707046,-5.206618055227111
7.434396771839548,-0.03778210759541292,-4.290970095208986
7.371271484220889,-0.7580734733687231,-3.720768930305296
9.311112200884224,-0.17379092733408,-5.439026160165892
4.271842858180446,-2.6810390619407856,-0.27370762238727675
4.140224310260179,-2.76786512839882,-0.22463078908339845
4.458224700860095,-2.8343195945018564,-0.43277953701958305
-2.0735041791104987,2.2287553610069306,16.906053272463506
-2.1651414084706264,2.423244458218025,21.467506371441036
-2.1171732777421113,1.8106447515371242,4.730582488859075
0.24261945691396627,5.236169328309827,28.627638721176975
-0.3522417626050057,10.604408222148363,25.704091206272846
0.14366579681203467,9.93045314480936,26.18315792687668
0.24140358449716956,8.991427246270556,26.559926893540062
0.35440013150936417,7.804651541677506,27.14314540435937
0.5546638862033929,6.712606863897315,27.980484383648875
0.4393883777473517,5.854789271241251,28.382300145020725
-0.9602153228806986,3.8163345161791686,26.3157577530847
-1.335866624264897,3.697587084447167,25.622612811858378
-1.651424055297872,3.4827191411740057,25.066227360949497
-0.1092273609876143,5.188260187337788,27.99726759753036
-0.7295028575208677,4.138665278171798,26.949784979922928
-0.5011466511893137,4.508445354316394,27.492449985461743
-0.308173867883982,4.847600579408038,27.810591632168677
-1.9136081426165878,3.3260109723416917,24.61839430471205
-2.088738593730574,3.1119719640503196,24.256693906183006
-2.328194496268651,2.6424409717168493,23.224692333353627
-2.2186160995936537,2.843559988749844,23.84362751797266
-1.6495347370971096,11.16832183704918,24.779168528511107
-2.0689655172413763,11.58229169627979,24.518590020539644
-1.12484857632303,10.599421406061404,25.080376958666452
-2.532675042596013,11.178749126894273,24.120844688294458
-2.896551724137929,11.583087352951079,23.91418243001618
11.172413793103448,-11.641977755074691,31.10902246891081
5.120012142075532,-2.4059576149557946,-0.33329705541166504
5.0535164936011086,-2.6714639802763704,-0.1385479018149277
4.727472380885535,-2.796551176978335,-0.21418390756739533
4.947884855295066,-2.7787037470617113,-0.07066309308179378
5.46989373221928,-2.4124899831864717,-0.3340390581798552
5.833001639686583,-1.1621000154830003,-1.7803476092208845
6.287284773430323,-0.9812992758948276,-2.3896761422047135
5.864326982160742,-1.7293988887339455,-1.217043361333882
5.624963384897967,-2.1179189608539244,-0.663226218070819
6.822845536739819,-1.156248684439013,-2.705669755673235
8.300873744962386,-0.7942504466806831,-4.505362807712628
7.5845437816437205,-1.4147818289066607,-2.789729553686952
9.583830839524314,-1.4427876957800887,-4.797272345034634
4.621659002070268,-3.0416711286583666,-0.16444086437939123
4.244279862703924,-2.8954655747948768,-0.47955833251054597
4.388840135939857,-3.0037128233788493,-0.6115759042473937
4.416388920337641,-3.1823724145938797,-0.6659993952200574
-2.2058309003759327,1.8888724152117307,6.852429604011533
-2.239734968540304,2.2689719496774168,18.9679297692965
-2.196431314017723,2.0740122776391394,13.219216165538597
-2.360930335407104,2.441668667991304,22.206891046243854
-2.2329447087754493,1.6933277725461993,3.331924236450456
-2.118431851543681,1.6049374630742337,0.556565449458544
-0.10074588125570193,5.710456680513852,27.672302340419773
-0.6427609840030724,9.688573807573501,25.573105126513816
-0.5383218828492612,8.418690361337399,26.02962550272289
-0.3075316936365085,7.169978181227907,26.71625741975276
-0.12018871033990688,6.306644612437582,27.35239490913749
-1.9653840847586819,3.656334904560368,24.596388933387086
-1.2218996019485133,4.102577769548004,25.9447039288313
-1.617017096984602,3.904825732545884,25.210787704453335
-0.5266857674299001,5.315441308971777,27.164059971432625
-0.9601360149812647,4.469598767777384,26.49963088015765
-0.7266830061057598,4.88971086752961,26.93721143062393
-2.2119585898794445,3.4142198697448167,24.15870162963746
-2.53867175619706,2.616461073177333,23.10278042130994
-2.377425767515184,3.159085162406316,23.83286875521335
-2.494275027893979,2.8651922636395066,23.515364254820934
-3.4021037720558063,11.183909783668597,23.5078064157758
-3.7241379310344813,11.585052319498597,23.3470769859315
-4.260825302673167,11.198771060164566,22.95040939002381
-4.551724137931032,11.59007751327442,22.815419621873332
-2.089260937275456,10.64125518227224,24.33304810240946
-1.5620214789656066,9.932453390045607,24.756585617801047
-2.942571902595862,10.641740752642995,23.688896428204227
-10.769116652477827,11.31026479872516,20.51947480563304
-10.344827586206897,11.665942750637278,20.980580197977776
-11.172413793103448,11.669575668924626,20.33066222090115
10.81609698864901,-11.274371574452182,31.166452709249338
10.344827586206897,-11.630645306181624,30.96201735731089
9.962998719744682,-11.259090863057272,31.012114109220473
9.517241379310345,-11.616924305836436,30.82906639266634
5.303369367760866,-2.6923441835749986,-0.0138751498730796
5.201935291545547,-2.9289850175964847,0.355086311953079
4.912850947287577,-3.0203448283897676,0.25661633684521856
4.853694848560059,-3.2715862443959898,0.8451423454011965
5.81878396961218,-2.4664670320687305,-0.21211548074315495
5.674683894410813,-2.736355044589744,0.19556450962205793
6.430667661820986,-1.6343925225524012,-1.6792057771158488
6.120267904473996,-2.220680511096429,-0.6790898227166081
6.994207570334676,-1.7657131266841002,-1.7275890345151548
7.495352064652838,-2.1639008253178362,-1.1192948240384877
8.50259520765947,-2.088754084519686,-2.5306529529827606
9.594789781953581,-2.631161563261792,0.16311494328981066
4.590064052565113,-3.344792338871143,0.33618074929142144
4.205666471569362,-3.08657877673137,-1.290741712192313
4.258331945714129,-3.265967645989414,-1.3246259439623576
4.3973462314104586,-3.412399011764278,-0.043294592168649615
-2.34222499104433,1.7918562995545386,7.3659606940502655
-2.377601099646412,1.970397355612575,13.643519745697708
-2.390746597505551,2.202714046746397,18.818072948019942
-2.5878244049829418,2.382889804468486,22.40582896250945
-2.2656819943973088,1.483308739610586,-0.39911212346504493
-2.1231495445388853,1.3774324311269,-1.2420279423252676
-2.266581540054076,1.2832886315696366,-1.7865725825444403
-2.1284222068266656,1.1284222068266658,-1.0003450237029357
-2.419005501214897,1.6101150983761512,1.9377164278322336
-2.4274434783364267,1.1315667175678439,-2.219578301370593
-0.6870682217449313,5.920474169552277,26.70568947049389
-1.5470304391351672,9.04250080647986,24.93060480728842
-1.2500191828105565,7.782979815294616,25.498922738401628
-0.9347505279867264,6.710584316247268,26.14099454878941
-1.9725406983132345,4.068217114483405,24.659229711656554
-2.3331624523641388,3.818661042911758,24.03243642832334
-1.6011116627506918,4.49937122350605,25.37547286964082
-1.1212453022465818,5.348532298299519,26.15489297272892
-1.2808246366797325,4.907998311432594,25.940103270242552
-2.538282873716504,3.5117034383932024,23.644874808616617
-2.854780026228723,2.626098174080091,22.907078252978863
-2.7691018961270646,2.83928678279921,23.104289500235435
-2.7353531017378203,3.149550983681336,23.231675965779427
-5.127695191083177,11.244440066337779,22.44464124931525
-5.3793103448275845,11.598242090288556,22.334069004615777
-6.764098060160421,11.202924125041676,21.630025998836174
-6.206896551724136,11.606406667302693,21.911000045824192
-7.0344827586206895,11.617710627555144,21.561430829160273
-5.989102135010397,11.254760157428871,21.991951339261945
-3.8665804051939845,10.686103935616106,23.047388541631495
-4.666375997279628,10.657819842120755,22.528984199604654
-2.477077268893025,9.801512054182286,24.019210903755205
-3.272669239549239,9.873628404347656,23.400968636031987
-9.921576331123907,11.305538890255399,20.84978814101558
-9.517241379310345,11.655698885598264,21.063326028475878
-7.577206273770568,11.2147402849498,21.32997081584409
-7.862068965517242,11.6315828240572,21.298430403120054
-9.073990606547744,11.266495792224575,20.978089321688127
-8.689655172413794,11.643640854827732,21.135692565597683
-8.32761438662804,11.238171263439627,21.116401299077896
-10.176468330940764,10.767879208495131,20.443426902088223
9.209014333971481,-11.260089517831984,30.853252756564924
8.689655172413794,-11.60439848518211,30.66273867815127
10.269604371521043,-10.557411791366885,31.084417153346784
9.401334063811467,-10.705840481685383,30.892130527099784
5.5846323675972664,-3.015001475874565,0.9233725252895469
5.217509809717951,-3.2548738622015665,1.4433852419563935
4.77236179136801,-3.519176287840761,1.9988180208562238
5.027528682296275,-3.543036654898352,3.536984585108675
6.131319346534086,-2.938232876351974,1.0562133016282715
6.764496565693356,-2.473678734180692,-0.37174244741212575
7.620047448872179,-2.877624734017724,1.794619992860557
9.68917124667505,-4.03681727936969,19.468350197912514
8.639310002539009,-3.358709664736817,8.603439042457511
9.845333271262305,-5.2752436524587925,29.991393490221608
10.115238411750862,-9.567492306403336,31.319186404692264
9.96974045035671,-8.230021773348355,32.15025528814244
9.685488305257591,-6.591891015309558,32.50353343911087
4.561728551292443,-3.6074550630252338,2.5821901998006385
3.7818994481811625,-3.1351747359337145,-3.1216330860757973
4.062464146581903,-3.19464156616583,-2.3854080980228005
3.8733640571874894,-3.2241741077881088,-3.427324859312552
4.180490895924144,-3.409015901067379,-1.2775483058346897
4.33376684840534,-3.622692024129396,2.6627451879303066
-2.53663448761429,1.8116807933910173,11.500966304592199
-2.5893964696381895,2.0644445238547644,18.208878816830183
-2.8370552881172366,2.2625541335528623,22.16170840564311
-2.4601175425352215,1.3338482495689257,-1.375990896652082
-2.6764292829227827,1.5466687355856417,2.926318473776204
-2.744308061695873,1.131144104136515,-2.09376693150967
-1.511447507158887,5.98695318426933,25.53129001570709
-2.341625556188702,8.43861079344302,24.32237003767177
-1.9654209199649821,6.932453699648322,24.894571451227254
-2.098544870057637,4.569756707041677,24.609709932853363
-2.757917027458267,3.8570414191620634,23.395594223018886
-2.481815417078209,4.225882390331394,23.93286065695847
-1.9246253515069314,5.204263901141941,24.931135908816728
-3.13765477659596,2.4960469750160885,22.427021600292452
-2.9137611949154514,3.543261218563646,23.05292558698363
-3.1174249128201112,2.9230683497866017,22.502896601665135
-3.1080626963455216,3.2661955873751087,22.655211930946997
-5.572319985747325,10.660010562510474,22.011776523246038
-7.261439188448996,10.677280578558141,21.23348491134686
-6.448415231874002,10.766657381430692,21.604438456050826
-4.108269925340612,9.899012973018564,22.793318712692084
-5.171940403912903,9.973941489417758,22.124985097392283
-3.3143695970118046,8.716847896648087,23.42614102900186
-9.324402543268127,10.744994031658353,20.649235919506506
-8.041980877606882,10.698292058863544,20.97017789645319
-8.650173055823299,10.812327964105437,20.83745309988112
-9.547634794819313,10.259462630521547,20.45032466651545
-10.248210209743352,10.1574023618417,20.25143144686388
8.425561897125519,-11.24012884812329,30.659120925395737
7.862068965517242,-11.594574584818796,30.45165237858371
8.802950657059133,-10.612594070246965,30.75570744683844
9.332059120416652,-9.993588051184666,30.98908000278016
5.688807390624602,-3.418465002223283,4.420810528793749
5.342260029149818,-3.6840007314450065,7.968329275227667
4.768787003001401,-3.757230938827317,8.140558978732246
5.029972937932349,-3.866755960171963,13.222587534889625
6.129957447514623,-3.752861005904117,11.732554089302091
6.740616360478148,-3.3373094726081987,5.944734166481939
7.577914492210252,-3.8433956227431163,16.019377768506715
8.548334574313156,-4.450958320888358,24.422099360805962
8.504042218822867,-5.629287016157021,31.785836956654382
8.938393492850372,-8.838708101433193,31.406717945931806
8.666043324003766,-7.136943396904012,32.546926331944256
4.4939441273291205,-3.8343474767602914,11.802363786925731
3.662697826202164,-3.26200260249458,-4.619645974083055
3.5402604894641465,-3.140095757727881,-4.486771497356162
3.9557473351944306,-3.395474497624361,-2.493388678531661
3.7741829295816816,-3.3699379229342847,-3.1939496347011778
4.056421428472004,-3.5973349154131706,2.24405630331012
4.226112222900832,-3.854911252452783,13.759797138754594
3.4148089129411097,-3.288193637402278,-4.849912456719479
3.2667754093170873,-3.147853258769803,-4.985153462210064
-2.85956569364957,1.8349793051212913,16.49025483827136
-3.129727993636728,2.035683744699736,21.38905376475073
-3.378484063935013,2.3437332987257613,21.90292473146516
-2.8015135889417824,1.2843704337399868,-1.145078540268974
-3.02161568660405,1.4691329284060441,5.088017372479839
-3.0553655600452077,1.1280731187410729,-1.4512997946455861
-2.582289519594142,6.132341101616426,24.17986854354657
-3.0533427121104486,7.323935402600675,23.76540629453112
-3.2567400802664683,3.918439601666204,22.695006171350084
-2.692049612214723,4.767083826286807,23.803302437126714
-3.090230768731871,4.277029521409477,23.106147813239303
-2.835456224191083,5.357451074648174,23.78109684272351
-3.3995079573478657,5.705972153763833,23.193887333380594
-3.5084563748379485,2.785144149251477,21.690454901487303
-3.690445049943576,2.4492688517346837,21.04820445662767
-3.3572280921764395,3.5486434598905006,22.375824990288326
-3.4469112745250716,3.2054589081681586,22.064609093858476
-3.7634116490281393,3.0069652369456144,21.397197170412188
-7.744464398252799,10.149411713146225,20.940621997421655
-6.048620160369415,10.015004610717103,21.643477099435273
-6.992470289029306,10.03165790791692,21.215197905244978
-4.560430127409209,8.969428933078701,22.490355664924767
-5.5454288638233935,8.974338747863436,21.853243717069006
-4.116431132032769,7.6350916951410275,22.821358831443145
-8.623941741203847,10.017831495957317,20.634204303169966
-9.43596055174994,9.657947803665467,20.380407246646634
-10.026100209736978,9.103416314333804,20.205459200849308
7.523606822982654,-11.225897274462856,30.389448731912044
7.0344827586206895,-11.58744998556277,30.195100967662604
7.919448143861703,-10.508799596227549,30.52018054569925
8.412070803797393,-9.807069315952116,30.81458642675067
5.642018563502027,-3.986157588283076,17.224877165008177
5.30618051194658,-4.056640746122045,19.720856531784314
4.733433307385264,-4.087678761697289,22.346323266597658
5.076569852090671,-4.2194188807314745,24.155308131267585
5.979073114781566,-4.3320130472998395,25.183528889975808
6.627103813714887,-4.409679919566058,25.421556837034352
7.429643153343122,-4.9124576578665495,29.129834223919953
7.912292899291421,-8.949406854173247,31.04771439123033
7.580945662840269,-6.218865207172862,32.77900653991684
7.85689040052736,-7.958518598341869,31.624637806503696
7.608132158644586,-7.199904376878836,32.13529483923452
4.367555940342016,-4.123142389239268,24.700654851387295
4.078741957673205,-4.126282457312958,25.748739808795225
3.568573292525208,-3.444727527598232,-1.7013450814724236
3.7875605534193575,-3.5777425723773923,2.7038415465626877
3.9571849226213125,-3.859957459760674,15.396685194144892
3.296338304456992,-3.490535158786747,0.18250176008656235
3.1252892656418703,-3.3145862454906143,-4.410820294770371
2.9572471269861405,-3.1560667373711304,-4.707197669336789
-3.227256714752538,1.659342004671535,16.026747875634836
-3.418939736113598,1.9492299451932038,21.358475016384787
-3.598980640593969,2.1502582060417463,21.251665435171375
-3.8278681853899363,2.1360091473790748,20.40910959350764
-3.9430902319578793,2.3808177781271254,20.288974745283355
-3.122897369384464,1.2506973425709853,0.4219519500627418
-3.313991526015585,1.4386490182281062,8.673925713245412
-3.3323696669178324,1.1237658161895379,0.32222429710676637
-3.7726842601365207,6.510839896173141,23.018681501909672
-3.6951661967229037,3.817774018496355,22.030630305248483
-3.6730582336886104,4.300859143742274,22.365395072920496
-3.5682547257231247,4.923947728605866,22.77530457221038
-4.042330580191345,5.656040053973858,22.5226322917957
-3.915948800413524,2.6908850484449434,20.778289895605692
-3.8166185323681527,3.3571499689336277,21.56412561555638
-4.0340491484369405,3.0179750070791433,20.94958875967917
-7.696511562218924,9.244241710758832,20.85484312750046
-6.581786190487021,9.078163205333956,21.300380295127457
-5.162342683879054,7.848335501481467,22.059733327909637
-6.297281937232569,8.135427824696194,21.410627938601387
-4.882997228287279,6.897626555034751,22.135907681691137
-8.733915803246216,8.751626215672957,20.472333779902698
-9.831331817497956,7.86785892758765,20.172299243317124
6.643444196415937,-11.134445845815504,30.08083525668734
6.206896551724136,-11.582555902336187,29.889280899457237
7.045244197870417,-10.53687274710982,30.22331197740243
7.3072544843350995,-9.63023532147025,30.528417538270705
4.493585028510221,-4.4357510805202915,28.992013258968473
5.409790774828697,-4.574513252190481,28.94238737631372
4.903471728360469,-4.511505683475597,29.325157621087317
4.656601066835856,-4.7497538596177575,30.852158036197988
5.933752098684768,-5.005986743493173,30.478595295850912
5.422827395100333,-4.992634985187266,31.19704524839193
6.598770028991735,-5.683735887047416,32.437209589044166
5.929417057887459,-5.64235757258594,32.458584486783465
7.046855314946886,-8.512502933668815,31.00101200912763
6.67904309323554,-6.750862908183341,32.1756518231608
6.93542160798979,-7.618260119604983,31.501838134211187
4.165845089398767,-4.455056550236214,29.58795160260033
3.894221834225801,-4.3924287908438195,29.390791984375106
3.750182890696831,-4.117455306747371,26.5389469081731
3.473507803798625,-3.6874297896141397,10.473145430498404
3.6552583602530033,-3.8565222354564783,16.974341993141547
2.9855258105549574,-3.54255741252534,4.222818481473722
3.2157074389171907,-3.702338368562532,12.815699283052743
5.811238666359945,-11.13669610546117,29.73448107401057
5.3793103448275845,-11.579407103975127,29.530745121734448
2.802868788864353,-3.3374199053120943,-2.994627346557586
2.60692546063685,-3.161996152744483,-3.9625442192706686
-4.081321723082317,2.108807724880414,19.408331858960583
-4.187873937662342,2.4257181747228924,19.79280415396543
-3.5098540633586053,1.605195439434206,17.7480399832175
-3.679166167587723,1.873049787176009,20.870996386361423
-3.9318758654216994,1.8234374120779446,19.641666766645965
-3.417442510314107,1.2414619192493492,3.808262994636498
-3.5848828116797438,1.4060644750365174,12.558314734308953
-3.578911011031356,1.1196888041485165,3.5460508289308104
-4.959937782479526,6.046289130331568,21.86203798880661
-4.082979299066748,3.663219106036577,21.404599960661326
-4.030756131809791,4.07434797039572,21.771145188706473
-4.222503570632966,4.488787861955598,21.848643117861087
-4.499892077624424,5.12955038498459,21.900026868105524
-4.284315211027841,2.770306141253668,20.237287995325293
-4.336584066620822,3.2400140459190467,20.67753342504872
-4.517642280421832,2.421359275391294,19.186335004216513
-7.638686416719661,7.899190732382349,20.777818936815525
-6.158537432279583,6.927908348070165,21.297333231417152
-8.819799908936831,7.134421728337427,20.335528203556738
-9.959257490348362,6.436463489126743,20.11396865908526
6.2753832162625045,-10.629336326897622,29.911703811918446
6.484112743994025,-9.93247350730833,30.133887223819425
6.3144201959730895,-8.997027867224068,30.460721234238495
4.293214675667959,-4.771724132546047,31.197724853301253
5.016030939804164,-5.0069695508746355,31.637499351861976
4.4902081589610265,-5.080621501396946,31.95355922748423
5.375326395718833,-5.566609651488106,32.37165011495596
5.831128122834934,-6.402624577468841,32.08468394741249
6.166003365887685,-7.714488556907145,31.120117556480942
3.91856193795062,-4.740882561364782,31.29381647669237
3.5868784252483588,-4.444101132441416,30.199835937257493
3.3078556307288918,-4.0400260487828135,26.33310483906208
2.6355180440502406,-3.599842589475761,9.829311917600977
2.9136172428789773,-3.879724652836563,23.280387338642317
4.972077959778673,-11.119932708209328,29.339528601725657
4.551724137931032,-11.577697995923742,29.122949488943327
5.347197864632439,-10.61015793198587,29.498544239545513
2.4237386585612444,-3.3410970646677853,-0.6293297809771699
2.2104389145095515,-3.164482697430761,-2.858287634046658
-4.224770562709104,1.8488352797135066,18.20540022034921
-4.350300229326017,2.103189100985328,18.62652025725225
-3.7931279487856284,1.5888967343799871,19.137269672114787
-4.0356530794677425,1.5944186594684655,18.0833453028548
-3.6754172792380047,1.2355294554303966,7.595038990218941
-3.784657202804639,1.3640579381155726,14.481696383775269
-3.7979566512504577,1.117472250253746,5.030012646827002
-4.679067348639641,2.139051520323031,18.148999252219543
-6.243480045629441,5.555332726475565,20.948122217524283
-5.3993857305853625,5.042063373766451,21.194052701113158
-4.578060644722993,3.789542534702558,20.941465408061102
-5.058316456272291,4.3544278742597085,21.002254933938875
-4.712868356311352,2.83160770502006,19.710801261868685
-4.875751295448891,3.206878575769309,20.025704844723688
-4.840884185251267,2.4450006318494233,18.814809885097297
-7.526956877682475,6.177457100388295,20.571474023417256
-8.88724881414665,5.92970385181391,20.242557511131402
-7.201276725545756,4.902331810879998,20.31767896144307
-9.918255590652556,5.2001208157619505,20.0333449408497
5.611308066481493,-9.713722393704526,29.831480788336787
5.396535103499914,-8.505502883829337,30.31470453752768
4.008930401976875,-5.20950025214891,32.25753431785129
4.5547289790934355,-5.543325111558281,32.304972049532275
4.906874471871005,-6.204329926990526,31.884916940279968
5.095185351929469,-7.185512020876869,31.019434902070603
4.3901675145299635,-5.9744267739274095,31.965665268435497
3.5460273802546554,-4.931213461864701,32.0046305595281
3.586273118232589,-5.356974504143489,32.21685412603328
2.2024290113770912,-3.6024777799402727,13.584957609387049
3.202479063796767,-4.559819880599263,31.39732280173695
2.840905484255917,-4.286738411151146,29.937738221469235
2.4976261223114657,-3.9072957957912187,25.83168409441912
4.130039791027504,-11.11655404847186,28.88577523745747
3.7241379310344813,-11.57707144531298,28.663837145093776
4.5635336289706645,-10.610810513980045,29.098960960188606
4.83494663469833,-9.938651368919803,29.377595393612744
1.9778840240997795,-3.345927339664092,2.3271592588934173
1.7895610854904462,-3.1631248902672913,-1.693279902879302
-4.345260934615574,1.627248117928036,16.570524044051783
-4.588182316500354,1.7910690024292177,16.925256551269054
-4.87805693954915,1.8843517885243215,16.97480632522722
-4.158171562038928,1.426117430264295,16.2079844974992
-3.952616702069056,1.397404940280528,17.1063487770405
-3.879592901965181,1.2140491934365014,10.512936057148378
-5.054280163924061,2.1745098609096996,17.960181165539367
-6.098111325433177,4.1992970710732545,20.25568579041941
-5.468825349455312,3.4427644195372795,19.849380769409066
-5.240562776959444,2.6584747976030307,18.894711169403525
-8.633646759456328,4.776726080536383,20.037366742537298
-7.504188619527364,3.8028460759264964,19.786134075682526
-9.843405175617292,3.8678430531326367,19.923027643267336
-10.714258378003686,-11.263105229779354,20.51102241145387
-11.172413793103473,-11.66315992632334,20.357714878283865
-10.344827586206918,-11.65353111059395,21.01821237523887
1.7267595887342626,-3.6041333886315754,17.68554905456303
4.680378133096891,-8.989902367576777,29.701637914473547
4.402332106640526,-7.648377175628702,30.34595852825105
3.9102382441363077,-5.818346167494278,31.969367710503406
4.1991229544832045,-6.554745953587818,31.1059973470959
3.169473074736625,-5.1672003449182435,32.2139470585001
3.282333268753164,-5.722200033430832,31.746046098916974
1.9315512876156324,-3.9254660949663034,28.2981314126103
2.749875257927186,-4.7802425183181985,32.0731377898143
2.2985946993595023,-4.421770452296537,31.696031654400574
3.2839535802166027,-11.11409993497562,28.383039247803456
2.896551724137929,-11.577088619827354,28.158555242860935
3.6941811485357428,-10.612014325273279,28.603544617854826
3.972570792139239,-9.716457347796815,28.97669560846827
2.4006775009437447,-11.169319416466656,27.808449970546263
2.0689655172413763,-11.577507714109633,27.61001879984827
1.539552709825875,-3.3406295191826794,4.775820155480552
1.3930745393631496,-3.158105748716976,-1.2332382796223929
1.3161521796654274,-3.586958991117632,21.245691138260018
-4.404583239476878,1.396373341136875,14.562613306759784
-4.624661768494851,1.4934454303978817,15.12932483148271
-4.900968169300112,1.5903316347393455,15.706374770623055
-5.136748601521711,1.8348845065756765,16.74163459578369
-4.261842413981969,1.2774612055516192,13.750309650926727
-4.064497517352217,1.1968896860183462,13.405336546480028
-5.504593152808744,1.9787231303179995,17.431421437333707
-6.571905984476413,3.0438503309050744,19.226818964336356
-5.970642575696655,2.5331039070140644,18.546218430671598
-7.650886716409367,2.3817413635364737,19.05541453695719
-8.596408758378516,3.1539731147899177,19.66834618155089
-9.778333914030517,2.4882586031941956,19.774823110447983
-9.953631582465976,-11.255340878523128,20.813593732784337
-9.517241379310367,-11.642999339892041,21.111744863967793
-9.143919678114683,-11.24596929413669,20.962166700617406
-8.689655172413815,-11.633735890333273,21.176941468749302
-8.340294996441854,-11.235106778271925,21.117034387696098
-7.86206896551726,-11.626401454496229,21.326715717127296
-10.325817889956735,-10.857523041237084,20.448341766847307
-7.5310667352260685,-11.226536203339037,21.345352310407886
-7.0344827586207055,-11.620743545347947,21.57189434813333
-6.780066060107635,-11.280694692500248,21.63280435002199
-6.206896551724153,-11.616238560116997,21.904782742427756
1.4487956707498264,-3.877977824715075,29.42894101604111
3.771562303092135,-8.550824331637978,29.431128769242665
3.53816801804227,-7.25593125182388,30.144375227301484
3.3501114718849165,-6.367250543663212,30.81144294019759
2.7097443549067277,-5.46001172254732,31.74919097126544
2.742557727531115,-6.075331990886856,30.72811337633421
1.6244817291349363,-4.4014424426172045,31.811697800552874
2.2210449160400443,-5.177345446932694,31.70524430274462
1.8219433267164973,-4.945742366468151,31.57679451624363
2.8581333856202176,-10.632551754501597,28.072636137472283
3.193754988047057,-9.905290312564382,28.435606405150175
3.0714258913373738,-9.042264187740573,28.71802320589427
1.5684164566859695,-11.16080122053009,27.221095182956017
1.2413793103448256,-11.578274385355702,27.02223691893517
2.0319912302536034,-10.636612855028384,27.503017579594864
0.7319890010902408,-11.195101122859029,26.60080521801135
0.41379310344827314,-11.579792524489749,26.412850136777564
1.164556470232252,-3.328424072552515,7.330738820561662
1.042752873013858,-3.150273967511823,0.27517305580387613
0.9355020809499864,-3.5097884123618406,22.523371994430615
1.0817465575003617,-3.8608007292621087,30.259108154136232
-4.401825417575864,1.1696211456092542,12.36786652811353
-4.613589528601181,1.267874361872284,13.443684604501305
-4.914151399701052,1.3459506162650954,14.445230027979393
-5.27961344005682,1.4990552508923252,15.652997897374448
-4.175623825154667,1.0844134269303376,10.608521884221055
-4.336545823928718,0.9837093077689555,9.675052897633337
-6.07884257875466,1.8324272666898191,17.4864359187412
-5.759309544382986,1.5379769677527917,16.452702129845683
-6.738781320336615,1.9033491483428775,18.182338427641707
-7.677536408479113,1.328176211886957,18.5048428962977
-8.727488739874401,1.8281870872597068,19.3027657469168
-9.691213906687821,1.1514222185872551,19.606155617889613
-9.592392976371839,-10.732328145409753,20.597881379733597
-7.979367360871208,-10.653142880067321,20.982165734280372
-8.771486886038739,-10.68512764304409,20.77302341793175
-10.233688629947329,-10.18785188277482,20.265222062279552
-5.938720445132742,-11.263993236874425,22.002238206002314
-5.3793103448276005,-11.611763112035137,22.311701529446754
-5.104940731690743,-11.253981771488938,22.433894328648048
-4.551724137931046,-11.606434345693453,22.784256055931998
-4.276787307773604,-11.232717537716878,22.919072749455996
-3.724137931034493,-11.600806538359178,23.31685608517521
-7.162324234055376,-10.693023223912656,21.280939140231364
-6.3338018793127615,-10.687534296023223,21.629527249902427
1.1619161238737283,-4.319327280287574,31.457918099741068
2.8205893836983,-7.843449699514474,29.23280080820425
2.5264554566665804,-6.7288227575494854,29.893675815322435
2.200401151869548,-5.953581030861956,30.423020498565673
1.292599150587911,-4.948213211368717,30.918509781334
1.6061208127786957,-5.657423885233152,30.175088996682856
2.4832588451578177,-9.759794186402035,28.00116101021805
2.177642290510307,-8.435726329385089,28.38139283920952
-0.08932640143890677,-11.206582762158606,25.974089998877872
-0.41379310344827935,-11.582536898825335,25.77924255499331
-0.9065785689514351,-11.12575409299042,25.322276773780064
-1.2413793103448327,-11.586383450459124,25.136022482247444
1.1076152147028584,-10.552369749121787,26.82373682193486
1.4913650297122147,-9.942132600863653,27.216833865912218
0.24156981068123198,-10.61886435103909,26.148039985086996
-3.4431686122035607,-11.201341684083761,23.461680274422914
-2.8965517241379395,-11.595518270226046,23.895018484598296
-2.5732073097906167,-11.192726110145337,24.07499853215413
-2.068965517241386,-11.590950860342586,24.506898315809337
-1.7388018004727883,-11.142850394453214,24.683562575054353
0.8250826804967218,-4.134907508882262,30.97461075943433
0.8388765590644592,-3.3054858063771846,9.982888002358967
0.7332245906829125,-3.1411368406624587,2.850043663882781
0.6262022083138367,-3.4507143275545484,23.807905684865144
0.7491728640815064,-3.7347362114873626,29.709931657369594
-4.555964148249148,0.9645641450490295,10.915724958601698
-4.826178664730062,1.1098956409080796,12.843633314927185
-5.150312866443981,1.0795036037041303,13.752545553279063
-5.591210346239143,1.126016296891236,15.07801914398508
-4.209358284875316,0.8890349631368896,5.8620246292444635
-4.380991707267095,0.800811798321822,7.666785489524344
-4.119073305621281,0.7873996968333579,3.01932270907838
-6.203282615581951,1.2134193281129886,16.514402437961976
-6.888827560909846,0.9685649101642837,17.34346647099403
-7.62035841481548,0.5141752391238177,18.079721156164634
-8.557186371507498,0.4855913910071701,18.96291874505585
-9.628658091754575,-0.1044358488606101,19.584952971570463
-9.180496767514558,-10.047196452584549,20.486595563242876
-7.69749260115684,-10.035657203212834,20.92941950127099
-8.373538712308374,-10.043406228623384,20.709541144770213
-9.963950468774335,-9.257452936185432,20.2332329108576
-5.504363139955376,-10.739728994783542,22.056819131146174
-4.628695057672573,-10.68376743348159,22.544307673474794
-3.8705396089721,-10.652357205661225,23.027505939051363
-6.685979775974768,-9.979508339606708,21.313142519765535
-5.8793862809462,-10.093886511921344,21.73120741969292
-7.111223070877136,-9.189174414478437,21.069685952084082
0.8202489007602468,-4.682034903823163,30.45999318076574
0.7926477235450168,-5.1195652783557675,29.725700561919325
1.9049724486429527,-7.301271922620565,28.889798047804003
1.7474186962559108,-6.319152968877725,29.584005694511323
1.0039817980612478,-5.526294107727206,29.509320246619012
1.2250438502251089,-6.065502298551514,29.267959384339594
1.4395708283596655,-9.098421013125199,27.489142728255853
1.2988157925832424,-7.880900827710976,27.943507418386087
-0.6383757055977071,-10.608107096644714,25.449389229791347
-1.3759066322780222,-10.526865685564855,24.85616915231937
0.5803597597938898,-9.760706344410481,26.54566107256122
-0.2589383698076992,-9.942478614082642,25.80953341689092
-3.0417415867897333,-10.604741934717977,23.597248207051393
-2.2615025017680463,-10.646253151696039,24.18515736950467
0.5140797723955282,-4.038932519033872,30.41150903777392
0.4836456193859496,-4.473157771114653,29.97398244388169
0.5558069897595864,-3.2815241688263743,13.711741626847557
0.45973951053585305,-3.132448470143311,6.532060585720589
0.3731028725717437,-3.4168046741874494,25.431945821905177
0.4746013454267839,-3.690225936237023,29.708568482548653
-4.566338657580695,0.7370398945999462,8.978078401393944
-5.8204858908846315,0.7096528583550276,14.861628805917787
-4.859147979923299,0.8045563490716642,11.406555027637243
-5.265409596731069,0.7401324565988051,13.056013227722742
-4.243915047280134,0.6778755489668642,4.679041867346016
-4.392664100478355,0.5867367462255961,6.198987384012372
-4.120881069483521,0.5559496456049593,2.2164651538279996
-6.346818140749781,0.4510687270654948,15.854839334883936
-5.882647260478176,0.2002637615394742,14.440401168895507
-6.928571970081007,0.05855672870056825,16.922225273272257
-9.540899702319388,-1.2212876558313932,19.57298968033786
-7.642070306746235,-0.27814167764039777,18.122216796184954
-8.467681263369313,-0.7012915893878577,18.950609235245455
-8.48471768727756,-8.913378055733252,20.556039283740986
-9.691960952078903,-8.08682878725383,20.20139307845716
-7.457085817790402,-8.162213645473182,20.855917826996997
-5.168817375739242,-10.029670225341686,22.119869447012068
-4.276120401855633,-9.957431079900731,22.667073026006104
-3.489906628855897,-10.087985132810525,23.233267991581346
-5.931650589500294,-9.17777438809176,21.630282548381704
-6.500675665859184,-8.15143422431555,21.271326996272283
-9.542140882073879,-6.615429788815118,20.16849037600178
-9.700318888350791,-5.100566089663415,20.046664886015467
-9.685023369294784,-3.74065655872584,19.90598131912999
-9.64408473326193,-2.4294708620293406,19.73023139986199
0.47094842651411417,-4.902783626215396,29.35302975199795
0.3815882913790144,-5.433126356122879,28.652600419853062
1.0761409436296314,-6.83080249476435,28.436657223829112
0.6480682079153112,-6.090170577301752,28.538939068066018
-1.7082769496790664,-9.952807869621829,24.603688715920338
0.4595596431943656,-8.60011655068198,26.848432271824425
0.5362472981345275,-7.5215892533187985,27.406886977147074
-1.00190426719909,-9.685421507982927,25.22389779130307
-0.26600955187991343,-8.989718538130637,26.03934306356194
-2.612124859148178,-9.847788323910972,23.878660384429644
0.2526259839856423,-3.952661270139698,29.72568920289427
0.239812263880434,-4.300645746853264,29.480950140257615
0.12789596999634523,-4.6850185180316695,28.82113288162248
0.31206260616629883,-3.263912666379943,17.876822512769724
0.2181005518188366,-3.1263096976134124,9.002887132395752
0.17378130130834746,-3.4161287377076315,26.735822280310696
0.2298025177937253,-3.65131271240149,29.29195787759873
-4.642925351985574,0.5285304343316193,8.491168329888843
-5.408009069371494,0.35948951334894325,12.80928259479199
-4.996786224582798,0.47600145347124384,10.818668241802827
-5.778974968274979,-0.12375908185630893,14.032366273834361
-5.506438483537275,0.04555769934030019,12.801273658643087
-4.251108648827651,0.4337732421622973,3.8436704474562684
-4.436946858802968,0.306360734500035,5.762493457418047
-4.121150674002135,0.29519452786475675,1.9584304239395807
-6.214223343025388,-0.23637972052363862,15.454701668597094
-5.724268684475023,-0.5030960271107918,14.359106538128637
-6.770794944112574,-0.7124175756307943,17.111865276281588
-8.505073729412379,-1.804952818717889,19.20025785324597
-7.52843149147339,-1.2743742891022976,18.345172942873344
-8.228812341814097,-7.208155154483499,20.49715961011083
-6.96000032312403,-7.348926378355168,20.98374340184369
-4.674448020445478,-9.176370787480488,22.375152442236015
-3.6187479846241044,-9.296825229986123,23.123911935900583
-5.257865302402133,-8.306851770582067,21.97203976192932
-5.916821935884842,-7.341618787418157,21.505073052973287
-8.335855054522408,-5.763935218747057,20.289159668639574
-8.428445887010579,-4.484296193485326,20.009278148772538
-8.639660890863164,-3.116927154864462,19.638089599683102
0.012312601263667806,-5.055483753361176,28.28421523849629
-0.0981287109288814,-5.506711688930195,27.808012739253336
0.01363043588268826,-6.013473436877573,27.70080820313107
0.17505346965810514,-6.697864263195408,27.488907524035337
-1.8701747387566303,-8.928342414878056,24.59059757841307
-0.36097538210604074,-7.65973598387405,26.386725831128416
-1.165696658774702,-8.48396729467117,25.337960107095487
-2.8835576010648616,-8.697856401823403,23.730012331906806
0.04232542269702182,-4.1572495075143285,28.97779496804059
0.03124492352875173,-3.8599320143030664,28.884333668682796
-0.2881709060767649,-4.7807925586513536,27.811421541641952
-0.07108310507653155,-4.453962551862752,28.502671922867194
0.09989559104605499,-3.2218585836602904,19.278910645385196
0.002058915876262803,-3.340621425510454,25.55377687409412
-0.017280948863218487,-3.5606324073994036,27.919052879191444
-4.661134362447614,0.1726880999582967,7.683122273611143
-5.025443658227465,-0.0024054968857222005,10.279596313284017
-5.430531955679861,-0.2119258756913269,12.856868273226437
-4.241167931939102,0.1305268623307113,3.4255687274571263
-4.432680757139512,-0.014090978008310884,5.454424211731407
-4.119558082847737,-4.440892098500626E-16,1.9429349699044927
-5.366899081467607,-0.555131691044773,13.048069216523377
-5.514438632012916,-0.8534889728594758,14.275263465252925
-6.756480684427135,-1.337608394469319,17.50094592427587
-6.07287609432953,-1.0227513275098894,16.10306481168217
-5.503511828533873,-1.2456279112612576,15.338525816158436
-7.680533158446502,-2.50438748369112,19.079533017973606
-6.900982383923732,-2.1129281969580003,18.353030301533398
-6.9097720742292505,-6.389960752198238,20.81843433630544
-3.9978525987069644,-8.239153283680961,22.821957573868495
-4.995272468803194,-7.156338210531828,22.05051010641098
-5.809912695726257,-6.432420844025651,21.37589774588079
-7.094117863335698,-4.976839243276307,20.352513984263393
-7.508180924480503,-3.6570423478394525,19.716441815215575
-0.4835274260969374,-5.223403521202536,27.262977519673452
-0.4540583743276647,-5.761383098687813,27.128349049976986
-0.6577305134275273,-6.44783024380718,26.567295193094363
-2.1766829006711603,-7.666983299361819,24.503147666798785
-1.41476588701386,-7.176831433231973,25.395800660913178
-3.2020416878454174,-7.152457551876539,23.539195331918624
-0.1686284652705922,-4.121486727449826,28.33009203586686
-0.22484840741456644,-3.8377515132181905,27.924249059184948
-0.6379173331771413,-4.747595335439044,27.071450022357833
-0.39022293497091065,-4.387585077045505,27.701090199252153
-0.10662982889341587,-3.1841789747503007,21.381751050926486
-0.18418647683079234,-3.410139594229806,26.103535563853168
-0.3053666456825824,-3.600386721101735,27.023280534240836
-4.648789103892316,-0.21312046217150288,7.72111069083314
-4.990605422187582,-0.43170820500743085,10.908377031652991
-4.249140460489043,-0.17146295240689433,3.5031986827467385
-4.432105184346337,-0.3262976414089204,5.809821453032213
-4.118456608104868,-0.29519452786475764,1.9166754405628725
-5.12076086806308,-0.789062354086327,12.569984385286292
-5.162194787785129,-1.0534268412282508,13.8077350736
-6.270286747287618,-1.7550412434229037,17.42202602622797
-5.760203459576635,-1.554675568332621,16.457684424429115
-5.111302942159387,-1.3537204527145235,14.965037874234552
-5.382815982895355,-1.541307707682025,15.90975168778867
-6.128623273010525,-2.4796682263621443,18.403631872449
-6.710083258215941,-2.9969062221063596,19.168193610472343
-6.126911789487477,-5.695290990160818,20.979484507939656
-4.217820222761789,-6.78754266089842,22.599609937453263
-5.098088482512001,-5.99275775486132,21.712945118027026
-6.070251968819425,-4.841286708535933,20.666203982662218
-6.250223250695807,-3.9977568960692027,20.057250345054275
-0.9450723021783515,-5.044002387736022,26.47714320008522
-1.0904596283995889,-5.579942507932086,26.21430698844276
-1.4711478157853382,-6.216653030932112,25.541591596605603
-2.335353122914183,-6.435013576152878,24.45701973646315
-3.496138570263606,-5.988228319550212,23.131067729983027
-0.1202081521871781,-2.8112647428107715,7.509805312860442
-0.434417722873851,-4.063828409088293,27.537438175663876
-0.4545086985374752,-3.814989556236058,27.190360178711167
-1.0232450980201937,-4.627427304510703,26.30275633005525
-0.7077272392459981,-4.315492400657321,26.94368850502568
-0.27638386251745595,-3.241065953823279,23.190373655743578
-0.2349544466895921,-3.070297889903498,18.598669023305032
-0.21334121819518728,-2.8880753559201224,9.385731005024946
-0.40637235211091555,-3.390062037281991,25.66747918158193
-0.5589515995969214,-3.5979025125985635,26.440210659479174
-4.636759006705792,-0.508617889382937,8.399969110020342
-4.809534748432455,-0.682804743294621,10.698953527207872
-4.248574091708435,-0.44365245426740824,3.9371270431019227
-4.386672358200512,-0.6102334132301,6.329268488718131
-4.11920196646414,-0.555949645604958,2.2667310752481398
-4.78874556990461,-0.9301279220568853,11.778452094548841
-4.880104504417077,-1.1870755535378974,13.636894303079885
-5.732737075699346,-2.0810171567072713,17.57040339722472
-5.4444504688632875,-1.8022712316705778,16.731967982595947
-4.827975231117053,-1.4856477623782676,15.241256967459037
-5.089657049754415,-1.6910244340235396,16.14437246320301
-5.491953818461943,-2.5339098209897553,18.464422070837475
-5.723681900519742,-3.201891968798916,19.46376386853215
-5.284080830251405,-5.0948744046076095,21.238988500195493
-4.425390380966711,-5.5992058908333435,22.13822163316979
-5.375700293883074,-4.373385921161588,20.779150240551647
-5.420082811225157,-3.7388253007455807,20.207244681145806
-1.4702459900372549,-4.922735522850341,25.603429495426433
-1.3610321335420397,-4.491617330630645,25.67218430437901
-1.8533490977104685,-5.497758566339592,25.088253396832638
-3.657416053734123,-5.143696725452775,22.762614227573692
-2.715512071753644,-5.337804766744974,23.93807939733607
-1.7489855915048031,-4.452384707672995,25.040951076713593
-0.23253896731636411,-2.693839778574965,6.736126942403293
-0.1209307017268357,-2.6059865495888874,2.1114305063379604
-0.7469658152929897,-3.8962799692120615,26.659585752186867
-1.058571264721078,-4.173280251470468,26.163036360568867
-1.45378394453212,-4.167407502723802,25.445389896655126
-1.7888380004975248,-4.132819797705771,24.887222667462066
-0.4191893120349326,-3.1603337421820714,22.49014977931034
-0.3941824584965609,-2.948133312745211,17.77403264787883
-0.3444819684617729,-2.790036884805919,10.564364089675594
-0.6149124435847274,-3.3078220022760862,25.204214006509243
-0.8539646612654225,-3.5601807278961823,25.973412983735148
-4.55284722317555,-0.7875428711850467,9.563298502453128
-4.2393930308199534,-0.681777447627614,4.664389346382884
-4.351123451364321,-0.7867176076858475,7.174049282412453
-4.1211798794097625,-0.7873996968333572,3.1876799238483855
-4.6088307679500655,-1.0558992690112294,11.86283308835838
-4.642089216906651,-1.3202410264986675,14.047898661686615
-5.178936775875973,-2.8984854976878185,19.26086224821431
-5.195368927717811,-2.0860927347388065,17.515238663063297
-4.595379805233505,-1.587351804881361,15.845675324338236
-4.828770990550189,-1.8229360951244105,16.679318837910383
-4.979208276254767,-2.4926869871170414,18.6340769389693
-5.013940731940822,-3.347593569309403,20.088865970120754
-4.502284597508333,-4.664008355932547,21.670465278264512
-4.683233141509573,-3.889906643597823,20.917876045301824
-3.793376996416056,-4.4764207268006135,22.30864507014143
-2.2396385057867745,-4.787580623216982,24.440676476240924
-3.101887426666765,-4.609542934946711,23.22657109099495
-2.1379971874394617,-4.245187724318857,24.38587822520299
-0.2713273156753547,-2.483086135397013,0.87170366850806
-0.12544217831271953,-2.3789635267216167,-1.0292158624585312
-0.2690439342313512,-2.2844302930337452,-1.6711243242666913
-0.13057401410664177,-2.130574014106642,-1.1673450297666905
-0.42939963922214025,-2.134107622947441,-2.0162717624422024
-0.4195852244408505,-2.6004859177626476,5.812931197240341
-1.9282887700401237,-3.850245757811282,24.574083163090027
-1.1676387991992867,-3.815356001677506,25.835097372187647
-1.5840677064294715,-3.7943351594379524,25.122028784955315
-0.600345027687051,-3.0039954729729694,21.424010900040404
-0.558993088553149,-2.800135209035524,15.437280498819078
-0.8492519731520018,-3.167305454449889,24.693459341213483
-1.0941959167187827,-3.425508809364426,25.54466087062925
-4.3988681075659075,-0.9610374527793729,10.12605188320065
-4.216317426734206,-0.8870545341246049,5.791738799888123
-4.446361451276395,-1.1706660795973893,12.445948192470246
-4.421502321477464,-1.397845396341323,14.701800675461827
-4.352720205604283,-1.6219110124076812,16.6189098228769
-4.685899152202585,-2.916345142223976,19.696050014848055
-4.71480475290081,-2.1658281596489535,18.039182690561166
-4.4946917674236415,-1.889574945752048,17.379991645099498
-4.559633134005043,-2.5087988310636726,19.146696900726877
-4.254622015870513,-1.8749373434585033,18.052542586204794
-4.342827160546104,-3.4040581124386935,20.80897376723019
-4.127279647212524,-3.9803105751837418,21.588475687414817
-3.3971060505430213,-4.037513720197609,22.52645509619695
-2.6837650304794485,-4.180590386929659,23.586193745130824
-2.300591285289864,-3.9328220675168253,24.02581185754894
-0.4604228880240069,-2.3348107467002155,-1.3242357408089986
-0.7458369162313999,-2.1348181920592384,-1.7736035730280393
-2.135622961653887,-3.6132636893679817,24.171099471479167
-0.68420891108111,-2.534238178741824,7.056663356873286
-1.7641811015016353,-3.538855610695084,24.74995086041363
-1.3984452928792281,-3.406813944314689,25.256989557856134
-0.8797515387369303,-2.8074840656588202,20.180132405951742
-1.154180153363753,-3.040038821113903,24.460615797593274
-4.217728324894903,-1.0783443550721195,10.727239296116949
-4.265783395271761,-1.256910552183079,13.502961997782375
-4.2019100508438285,-1.4205857889173699,16.00323595762504
-4.1204358414074935,-1.605255804199887,17.902462970930333
-4.317499762908647,-2.8924441805623986,20.14091051303529
-4.028552336933754,-3.1102297872788434,20.869575032957155
-4.046585748464175,-1.805210746905572,18.95658121957697
-4.328244004651637,-2.200501383827957,18.79670162034036
-4.254603379494229,-2.5281594794538624,19.733865222936693
-4.063220054408832,-2.0550064670732975,19.23440452607511
-3.7506385613120736,-3.4937353378722062,21.682944951945448
-3.318130334042253,-3.499748913003886,22.302340614493005
-2.9475017904284173,-3.684448958366898,22.95808253006298
-2.5143425916755775,-3.6921955292106214,23.60731173474792
-0.7963770651729842,-2.2840323612418105,-0.6851850818610861
-1.0560410270835912,-2.1325383074427027,-1.0916009899518249
-2.3146434120273987,-3.336598354862815,23.810322992072397
-1.9915754868923812,-3.3566697864206327,24.34861111943386
-1.0165994085072954,-2.496103199250814,10.736897604232096
-1.677783911271658,-3.2281056442326572,24.790547980697866
-1.4626404200555536,-2.96220558391955,24.466069612803384
-1.263770531619474,-2.6803671683428703,20.76531600201449
-4.06405273530891,-1.2192922644564277,13.684932485611538
-3.9762714163508655,-1.3877811820648667,16.85002919914319
-3.9153669016436172,-1.6222912558203142,19.061033612871853
-3.6872671803047776,-3.0736488592961657,21.38552561402682
-4.037609214226438,-2.702156325373035,20.409079302569577
-3.812907189827481,-2.833330936949968,20.974245715047324
-3.8602362229835228,-1.8734807683872754,20.09284054935235
-4.000806902526873,-2.3378326759210317,19.96288503595083
-3.848466881066609,-2.0976349982733318,20.198157249877834
-3.401632506971788,-3.1242081128092534,21.888802595639927
-3.001670319799437,-3.176491999435169,22.616043564421812
-2.6697567721083035,-3.293042863650536,23.214333333427287
-1.144084934618184,-2.267169272927365,2.699390021661173
-1.3321443129384958,-2.128231544430939,0.6086687157416868
-2.410951197412787,-3.03740945703488,23.625686967371777
-2.1417466023746647,-3.091908225244315,24.066142079724898
-1.8963351253356489,-3.1041784592322195,24.40737817672423
-1.3481737329497132,-2.420316502344134,13.518619101199084
-1.7118058291457225,-2.8881038371246435,24.232270661318367
-1.5609085424307805,-2.6435419802158666,22.08056140434054
-3.8781379126057463,-1.2321011826281436,10.978143465813652
-3.7980709815106106,-1.1288497209686101,5.4662301274693075
-3.7721684340942443,-1.4058012715278634,15.763972383636025
-3.739372606266481,-1.6425259915319186,19.297603720889047
-3.502710344087187,-2.7599235506180992,21.53525871059819
-3.742569393333639,-2.5541262173846633,20.843974191142824
-3.6661885116803976,-1.921536627861826,20.855468957306204
-3.6722352111119494,-2.2408675602439265,20.95494468593932
-3.149378302284997,-2.741700016629995,22.302896750226896
-2.729879067100347,-2.889333287264421,23.057548441714935
-2.4396923161759716,-2.817784914755057,23.328927547147625
-1.4157956398647664,-2.243723845365437,5.841242053476105
-1.5781543765379649,-2.1234749050533877,3.258230319587935
-2.200023902423967,-2.818357838977396,23.620262579557746
-1.9609910937203323,-2.851502381176253,23.933570376315625
-1.6081637651481127,-2.4065388142173236,16.86716308885895
-1.7728470829774434,-2.62616021541213,22.816697565241693
-3.6582639083698494,-1.2508826567510942,7.814400454521561
-3.5802163516787284,-1.1340220412420732,4.199209652000861
-3.5707385854892486,-1.4474405823442045,13.705304730345427
-3.5110872363066328,-1.6855057405608382,18.75117343334077
-3.3836918630379484,-2.3854569059713064,21.78441220287693
-3.403352529143783,-1.977776886876307,21.337707690003565
-3.0625601965207907,-2.3761954076296883,22.175832881103638
-2.822007803473593,-2.527240500744424,22.559721142112064
-2.539162663990336,-2.635467572106958,22.926649738537666
-2.293215041481864,-2.646474101720464,23.04079029852095
-1.6766622691380968,-2.237268857987158,10.320753013843996
-1.7972682505231328,-2.1203662722789502,5.514781563801387
-2.0030712857498116,-2.58580009719772,22.83202172073533
-1.8265761922694639,-2.407567272191623,19.48727446872442
-3.414024425457472,-1.2547062945287841,4.507903829590114
-3.3347953770178473,-1.1368643727253398,0.6493188003467573
-3.3216426435613298,-1.4555535085010036,10.149215193749283
-3.208293650208404,-1.6964736685939374,16.424676029228603
-3.1225015377288123,-2.0613482306168067,21.487174943924497
-2.8308592579279623,-2.167194173928816,21.4729683189472
-2.590780664863039,-2.3380125098423608,21.976808341505787
-2.3735742432383966,-2.4168591958260963,22.054650750092833
-2.166315571787771,-2.4336325120980766,21.674590348375673
-1.8974564099512998,-2.220983874912681,13.631460246062757
-2.0012563406520187,-2.3686517734227257,19.933272477692032
-3.1282242247110843,-1.26099401396023,0.8567671214242377
-3.057201189570909,-1.135206258939314,-1.2039433623143663
-2.990134620906709,-1.4939409734265607,5.969499820071056
-2.851015477192157,-1.820398454550563,15.446487637517489
-2.5928398309526948,-2.029024592017699,17.567748368780993
-2.399407537732469,-2.1816825077823236,18.49004554666126
-2.2493142237313166,-2.2592675559980027,18.79504547868913
-2.095642536710777,-2.20282211656344,16.30156490949673
-2.7996735350977353,-1.2877803597386095,-1.192182661902458
-2.7438550881575945,-1.131435603727119,-1.8375925437079441
-2.670510828632445,-1.5114291963861977,2.1444798056506595
-2.5419686139880753,-1.7833783468839244,10.051725124319644
-2.3815600679753675,-1.9524649202893833,12.996063406120086
-2.21163122918717,-2.0613414477200767,12.99007699783897
-2.4643889651466213,-1.3368288893926294,-1.2075525627896913
-2.424284001063435,-1.127462795002824,-1.9520675035948396
-2.396916865842106,-1.6062062095444034,1.7987211207784155
-2.3408220332237506,-1.7803201835789935,6.511925261796142
-2.2662392955349726,-1.2812719660626013,-1.5705501390931214
-2.1242553201842687,-1.1242553201842687,-0.8649210458959958
-2.20138815828581,-1.882569030194696,6.345622091973016
-2.264734962115289,-1.4800135810881023,-0.3515283714547049
-2.2212110963494256,-1.674721388772699,2.675250821102036
-2.1210478453657133,-1.3760288478846951,-1.084302849834751
-2.11789638486366,-1.8108052234315921,4.504932354343259
-2.1186057044528974,-1.6050241848715852,0.5543703519323726
11.172413793103473,11.843723715613535,28.430446379750137
12,11.843723715613532,28.650173346466463
11.172413793103473,12,0
12,12,0
8.689655172413815,11.829580060008878,28.54829600521415
8.689655172413815,12,0
7.86206896551726,11.82534165471504,28.49997621210389
7.86206896551726,12,0
9.517241379310367,11.834221076892861,28.54869504947834
9.517241379310367,12,0
10.344827586206918,11.839079335633967,28.514421939176803
10.344827586206918,12,0
7.0344827586207055,11.8215007650121,28.39590017051017
7.0344827586207055,12,0
3.5402604894641465,3.066168626025656,-3.302214355465283
3.5402604894641465,3,0
4.069474656387959,2.502371843096872,-0.11195545861732985
4,2.502371843096872,0
6.206896551724153,11.817954058555218,28.241804531538858
6.206896551724153,12,0
3.266775409317087,3.0700262269918555,-3.544062868450962
3.266775409317087,3,0
4.075335161712795,2.198726490827928,-0.09574413085088901
4,2.198726490827928,0
5.3793103448276005,11.814727690328906,28.030569189299086
5.3793103448276005,12,0
2.957247126986142,3.0739995127062296,-3.2490134434392175
2.957247126986142,3,0
2.606925460636851,3.0767743555945652,-2.8640680122962454
2.606925460636851,3,0
4.0822446852002106,1.851446493392896,-0.083798883688803
4,1.851446493392896,0
4.551724137931046,11.811945737934881,27.76235018760659
4.551724137931046,12,0
2.210438914509554,3.077474759605677,-2.9864202895975085
2.210438914509554,3,0
-0.058442657604297,2.058442657604297,-0.5038016037293113
0,2,0
-0.055594024478017284,2.3323166519106375,-0.6776422008347754
0,2.295189149497306,0
-0.05272767006003905,2.577749324995389,0.3706161883249414
0,2.555930817530609,0
4.0898499378425,1.454261519063497,-0.11440429795071796
4,1.454261519063497,0
1.7895610854904493,3.0758930382133642,-3.383538045786574
1.7895610854904493,3,0
1.39307453936315,3.0726188216556616,-2.834747637396605
1.39307453936315,3,0
1.042752873013859,3.0684565647556856,-1.5110598697310431
1.042752873013859,3,0
0.7332245906829122,3.064294307855709,-0.22460204310440307
0.7332245906829122,3,0
0.45973951053585305,3.060037650102913,4.06044593571766
0.45973951053585305,3,0
3.724137931034493,11.809786597789502,27.423078853766558
3.724137931034493,12,0
-0.372464083149449,2.0601526319380947,-1.5495514773488006
-0.3261545169945631,2,0
-0.7026152167188146,2.0605557093461955,-1.4109448031717982
-0.6668481503370618,2,0
4.096945846178291,1,-0.18159841717077618
4,1,0
-1.0251701974778735,2.060178422464718,-0.5881918406291515
-0.9984065563584534,2,0
2.8965517241379395,11.808337833685917,27.014896018009125
2.8965517241379395,12,0
4.101417591885216,0.5238577510159346,-0.20399348459129296
4,0.5238577510159346,0
-1.311614342671315,2.058903870552676,-0.38536000595811276
-1.2927655566737375,2,0
2.068965517241386,11.80750227179719,26.54193302612355
2.068965517241386,12,0
4.093111529010806,-1.454261519063497,-0.03417843113171445
4.098330969487887,-1,-0.045639190837530694
4,-1.454261519063497,0
4,-1,0
4.100407485206489,-0.5238577510159352,-0.06875518269457968
4,-0.5238577510159352,0
4.102484000925092,-3.885780586188048E-16,-0.12512465026924646
4,-3.885780586188048E-16,0
4.084468222815369,-1.8514464933928951,-0.03676314842902001
4,-1.8514464933928951,0
-1.5658101894083616,2.056706170520086,1.8397235073906764
-1.5540149153445693,2,0
1.2413793103448327,11.80711454601411,26.021387748737244
1.2413793103448327,12,0
4.0761159648663075,-2.198726490827927,-0.05202466330609694
4,-2.198726490827927,0
0.41379310344827935,11.807135788211044,25.461126252185952
0.41379310344827935,12,0
-0.41379310344827314,11.807904770899599,24.851856045072093
-0.41379310344827314,12,0
4.068907621804621,-2.5023718430968716,-0.06028504633558729
4,-2.5023718430968716,0
-1.2413793103448256,11.809197546995552,24.21226711820881
-1.2413793103448256,12,0
-2.0689655172413763,11.810132589218087,23.59299394641006
-2.0689655172413763,12,0
-2.896551724137929,11.8104942513414,23.01728169546008
-2.896551724137929,12,0
-3.7241379310344813,11.811387417953908,22.449472027534664
-3.7241379310344813,12,0
-12,11.849807122238467,20
-11.172413793103448,11.849807122238467,19.762733992932453
-12,12,10
-11.172413793103448,12,0
11.172413793103448,-12,0
12,-12,0
11.172413793103448,-11.837262615943041,28.762759234016563
12,-11.837262615943043,28.976580349106634
10.344827586206897,-11.832111502809829,28.87834316928239
10.344827586206897,-12,0
-2.0538326597925822,1.578206565504984,0.024669947737683814
-2,1.555930817530609,0
-2.0559770656994933,1.3325724593289392,-0.7847830129840438
-2,1.2951891494973053,0
-2.058373730375757,1.0583737303757572,-0.3194116544248204
-2,1,0
-4.551724137931032,11.813671596942918,21.870835616219114
-4.551724137931032,12,0
-6.206896551724136,11.821093939683042,20.78570983796356
-5.3793103448275845,11.81738276831298,21.29797206367843
-6.206896551724136,12,0
-5.3793103448275845,12,0
-10.344827586206897,11.848155795744217,19.16248701084871
-10.344827586206897,12,0
-7.0344827586206895,11.826232103434156,20.25713021516704
-7.0344827586206895,12,0
-9.517241379310345,11.843499493453756,19.011657108653452
-9.517241379310345,12,0
-8.689655172413794,11.838018570376242,19.251511799471206
-8.689655172413794,12,0
-7.862068965517242,11.832537647298727,19.70887938311679
-7.862068965517242,12,0
9.517241379310345,-11.825874684471108,28.984336082656977
9.517241379310345,-12,0
-2.3721949539681355,1.059803053439929,-1.6895522015864795
-2.3261545169945594,1,0
8.689655172413794,-11.820181129628232,29.02935277871865
8.689655172413794,-12,0
3.5402604894641465,-3.0636798898763096,-3.013061188580118
3.5402604894641465,-3,0
-2.7020572009547035,1.0596109564256886,-1.7894884314538406
-2.6668481503370622,1,0
7.862068965517242,-11.81571572037218,28.98650292898761
7.862068965517242,-12,0
3.2667754093170873,-3.0672060267135466,-3.4964289728837326
3.2667754093170873,-3,0
-3.024297012579705,1.058215053973215,-0.8091079455643482
-2.998406556358453,1,0
7.0344827586206895,-11.812477266164896,28.85345062826483
7.0344827586206895,-12,0
6.206896551724136,-11.810252682880085,28.639493038495033
6.206896551724136,-12,0
2.9572471269861405,-3.0709394260777865,-3.305411638750222
2.9572471269861405,-3,0
-3.3107674249665076,1.0562571891770627,-0.7205241228933486
-3.292765556673737,1,0
5.3793103448275845,-11.808821410897785,28.355358857089776
5.3793103448275845,-12,0
2.60692546063685,-3.073634614883856,-3.0926968949367852
2.60692546063685,-3,0
-3.565331322474927,1.0544040018856893,2.3312942260276523
-3.554014915344569,1,0
4.551724137931032,-11.808044543601701,28.0061845308657
4.551724137931032,-12,0
2.2104389145095515,-3.0747648624685278,-3.4077176844865984
2.2104389145095515,-3,0
-12,-12,10
-11.172413793103473,-12,0
-12.000000000000002,-11.84689087560152,20
-11.172413793103473,-11.846890875601519,19.793985797922762
3.7241379310344813,-11.807759747869536,27.59731226781725
3.7241379310344813,-12,0
2.896551724137929,-11.80776755446698,27.137828739106858
2.896551724137929,-12,0
1.7895610854904462,-3.0741476773942233,-3.7762117951730976
1.7895610854904462,-3,0
-10.344827586206918,-11.842514141179068,19.30667696046221
-10.344827586206918,-12,0
-9.517241379310367,-11.837726972678201,19.115981554620387
-9.517241379310367,-12,0
-8.689655172413815,-11.833516313787852,19.286915531882943
-8.689655172413815,-12,0
-7.86206896551726,-11.830182479316468,19.690567318254683
-7.86206896551726,-12,0
-7.0344827586207055,-11.827610702430885,20.147317975993566
-7.0344827586207055,-12,0
2.0689655172413763,-11.807958051868015,26.632729481061435
2.0689655172413763,-12,0
1.2413793103448256,-11.808306538798046,26.090791788798665
1.2413793103448256,-12,0
1.3930745393631496,-3.071866249416807,-3.2373543949718044
1.3930745393631496,-3,0
-6.206896551724153,-11.825562981871363,20.628191220887285
-6.206896551724153,-12,0
-5.3793103448276005,-11.823528687288698,21.15370011721029
-5.3793103448276005,-12,0
-4.551724137931046,-11.821106520769751,21.736173127595983
-4.551724137931046,-12,0
0.41379310344827314,-11.808996602040795,25.509154683514303
0.41379310344827314,-12,0
-0.41379310344827935,-11.810244044920607,24.888654183550567
-0.41379310344827935,-12,0
-3.724137931034493,-11.818548426526899,22.333835896557723
-3.724137931034493,-12,0
-2.8965517241379395,-11.816144668284567,22.958997560956902
-2.8965517241379395,-12,0
-2.068965517241386,-11.814068572882993,23.59157890397013
-2.068965517241386,-12,0
-1.2413793103448327,-11.81199247748142,24.244563404602445
-1.2413793103448327,-12,0
1.042752873013858,-3.0683063488690103,-1.9531498499563382
1.042752873013858,-3,0
0.7332245906829123,-3.0641531093920267,-0.6375718871396311
0.7332245906829122,-3,0
0.45973951053585294,-3.0602038500651414,3.9580100009288195
0.4597395105358528,-3,0
-4.054945940674328,0.5559496456049593,0.9488648189381769
-4,0.5559496456049593,0
-4.055068488182789,0.29519452786475675,0.9743579815541851
-4,0.29519452786475675,0
-4.0543445831126075,-4.440892098500626E-16,0.9988901091509155
-4,-4.440892098500626E-16,0
-4.05384391277494,-0.29519452786475764,0.963455257113348
-4,-0.29519452786475764,0
-4.054182712029155,-0.555949645604958,0.9632972333467628
-4,-0.555949645604958,0
-0.054968500784925316,-2.578683423011644,0.3190528829453696
0,-2.5559308175306086,0
-0.057019171960327075,-2.333268411871992,-0.6797482192311729
0,-2.2951891494973045,0
-0.059351824593928085,-2.059351824593928,-0.5100554366846966
0,-2,0
-0.37308411800709873,-2.060958010430655,-1.5898554937500722
-0.3261545169945641,-2,0
-0.7027521348344887,-2.061280996390563,-1.4976246200624213
-0.6668481503370627,-2,0
-1.0246040430516983,-2.0602446852012286,-0.7616739645009868
-0.9984065563584543,-2,0
-1.310664991339537,-2.058287065650427,-0.5741387764277031
-1.292765556673738,-2,0
-1.5649873977052031,-2.056124956842449,1.6038619654628936
-1.5540149153445684,-2,0
-3.565924659132823,-1.0609191096554877,2.7355254802833278
-3.554014915344568,-1,0
-3.3118700204665146,-1.0622110785115182,-0.6650452983899389
-3.292765556673737,-1,0
-3.025131389636843,-1.0614573904269609,-0.7450346566536129
-2.9984065563584545,-1,0
-2.70185130389185,-1.0597434562395995,-1.5917210635729457
-2.6668481503370627,-1,0
-2.3707588279349596,-1.0579376340921927,-1.4949334557886802
-2.326154516994564,-1,0
-2.0564796909928496,-1.0564796909928493,-0.27698971124531285
-2,-1,0
-2.0550217478935062,-1.3319344669461186,-0.6935941324636274
-2,-1.295189149497305,0
-2.053911683842226,-1.5782459845037795,0.0484210926888269
-2,-1.5559308175306081,0
