% Model,20.mph
% Version,COMSOL 5.4.0.295
% Date,"Nov 2 2020, 19:59"
% Dimension,2
% Nodes,1335
% Expressions,1
% Description,표면
% x,y,Color
-1.5,-3.785235568300192,0
-1.5617947059303157,-3.785235568300192,3.922304584565
-1.5,-4,0
-12,-11.321695031584781,20
-12,-11.657451412259853,20
-11.3452978022869,-11.355388845324931,20.14044071169807
-12,-10.77913671283941,20
-11.2564872822632,-10.811495156074859,20.116632909747953
-12,-9.863332118639985,20
-11.124695751371155,-9.968367754239518,20.08279890251491
-12,-8.458537974506203,20
-10.950019157494047,-8.812389431893221,20.076171055157968
-1.272606825358245,-4,0
-1.272606825358245,-4.0648964514981705,4.0942280244909615
-12,-7.05374383037242,20
-10.808388651767988,-7.124997538092441,20.03846970763104
-12,-5.328794360410733,20
-10.571761072019692,-5.625583977662169,20.000199755083653
-12,-3.4608237587698936,20
-10.665465794715397,-4.008575298718797,19.935375779786224
-12,-1.7204867743310261,20
-10.541695660728928,-2.433441326792364,19.86391029030472
1.2726068253582445,-4,0
1.2726068253582445,-4.060778982049514,-1.2025538254788006
1.5,-4,0
-12,-0.08562149682523401,20
-10.568588933191187,-0.8427871958917769,19.85747267215832
-1.5,3.785235568300192,0
-1.5,4,0
-1.5616723656563398,3.785235568300192,3.827600517315463
-12,11.301034935960935,20
-11.41131595607094,11.373669142469499,20.12457346248358
-12,11.664183675389289,20
-12,1.5478898542362138,20
-10.611309615315976,0.7793361167010592,19.865551488709514
-12,10.68814208138718,20
-11.213568606769922,10.829739027850934,20.11587192426487
-12,2.969874246119124,20
-10.695733334824698,2.3669655367411417,19.883006891019843
-12,9.69516005343553,20
-11.107046585641442,9.895666784711604,20.085035232149803
-10.75735088117683,3.999212714778151,19.946390675677048
-12,4.93917290016678,20
-10.80269018666593,5.5270964947233745,19.99676394378427
-12,7.087388917836289,20
-10.908984255961064,7.2896787171835875,20.0375578195776
-12,8.391274485635911,20
-11.042738066717925,8.693222786871269,20.059345731437755
1.5,-3.785235568300192,0
1.5632655533101611,-3.785235568300192,-0.5466916627685234
-1.2726068253582445,4,0
-1.2726068253582445,4.0645892615806,3.983554736541914
1.272606825358245,4,0
1.5,4,0
1.272606825358245,4.060751989792622,-0.6883296987709838
1.5,3.785235568300192,0
1.5601937586220758,3.785235568300192,-0.4219304325385837
12,-11.284838595024791,42.41993619097431
11.45007009451587,-11.335378864549813,42.299990325747
12,-11.64232891333177,42.327174955583
11.30901911728405,-10.88872946130732,42.57929861976046
12,-10.478479205589984,43.26118264653414
12,-9.672119816155178,44.103950322961225
11.187698919499192,-10.079758175087585,43.62163182065299
10.98313239436742,-9.003239621388671,43.72064834031924
12,-8.333653543398906,42.09809876936118
10.78520099387546,-7.502436416896018,38.81251745492461
12,-6.686639146501879,32.71243097273571
10.732469521329445,-5.669707843339928,23.93231960625636
12,-4.937438902954828,13.437811653208549
10.700122992627435,-3.9565175593490673,-0.1303771982967036
12,-3.2658071515501987,-6.0574965860722285
12,-1.5943380670913907,-6.560109965612678
10.408265025783281,-2.2567246547509803,-7.736412284581738
12.000000000000002,-2.2775895338666974E-5,-6.205376756387799
10.64269300187154,-0.6730360058698613,-6.981754397483827
10.61445742286235,0.8035045929918969,-7.413436401132832
12,1.6442243063556345,-6.878534440745141
12,3.297725411087322,-5.7947578808663245
10.56803226986537,2.4146710127792197,-7.336317630283162
10.605403749488165,4.130789541267455,1.6889721197195031
12,5.0103517730825295,10.620376857746257
10.602367709009958,5.673045984633915,21.37127641991378
12,6.858776130075042,35.686049314302096
12,8.341657646252095,42.95825095673987
10.849532694143706,7.226578551221667,39.19304910478467
11.064179616545264,8.711273512962618,43.70779402151293
12,9.824539162429147,43.6905085022893
12,10.724817564515387,42.81066748848863
11.199116004960779,9.92995984077618,43.39665251362437
12,11.309858291221747,42.5360392853338
11.258878751494711,10.758902747435403,42.65317292788435
12,11.65573724193953,42.25700575568052
11.344535612695498,11.33756431177729,42.42116787415511
-1.7905312477993218,-3.4205749560599266,4.214863571779737
-1.6405807735232056,-3.541920993154436,2.3648400026692613
-1.6517351266294504,-3.2662621519829393,1.9257852057881344
-1.7772483007194273,-3.658176029705917,5.556533361616402
-1.6359483530466945,-3.785235568300192,3.50292538684867
-1.9427979484703308,-3.560439936619257,7.328732803521576
-1.901985011857111,-3.7641832548215284,8.914830254647947
-10.761883960332321,-11.275753201875412,20.522502395578297
-11.172413793103473,-11.657451412259851,20.365280565041203
-10.344827586206918,-11.647333970111207,21.08790316116418
-1.8055634452785918,-3.1445885264515465,3.3818605985093355
-1.669115403083608,-2.953959764505065,1.649958773066361
-1.9834378556524224,-3.303055195653135,5.862538357248376
-2.158916074633008,-3.459606780310989,8.501278792068343
-1.7493992291068947,-3.8726645228795795,7.116039319642881
-2.1084584292660407,-3.7731589480396943,11.155439322876735
-1.9320211517228627,-3.956476836863194,12.38302359688569
-10.007857265440352,-11.256889860719463,20.9137724163699
-9.517241379310367,-11.636880962087385,21.304440928113223
-10.362402985309235,-10.85620391742828,20.516573393909532
-9.210452514467052,-11.231973193419051,21.181912604614435
-8.689655172413815,-11.62725752444354,21.53611348446094
-8.435900759033675,-11.28546952941572,21.52703091413241
-7.86206896551726,-11.618846812653004,21.931502049931424
-2.3767599634751466,-3.621636689867838,11.380179469908155
-1.8373346396503443,-2.836912381048763,2.96871531794451
-1.6930671112377607,-2.600143231008384,1.4117447731194512
-2.029208670303242,-3.0266106550353156,5.13079814279844
-2.1910803731660535,-3.221180903679459,7.273994701691822
-2.4090775622788696,-3.3200231858830778,9.375080351413517
-1.7419758017261044,-4.055165696811352,13.817347245823731
-2.136266142588617,-4.077408723357546,15.284992684003734
-2.3539303045233666,-3.9108618928840873,14.046552681049866
-1.9331573411808936,-4.181450469961661,16.98901124985785
-9.669134274345552,-10.725306989687718,20.748219944442628
-10.321933671731502,-10.230444651357125,20.34595177909259
-8.800941331632417,-10.708768411673734,21.121565932745487
-7.587243192781104,-11.266127340233309,22.028600908605544
-7.0344827586207055,-11.611691625406527,22.50748081185951
-7.903644993479386,-10.695416050401679,21.614076625477367
-2.636054794330637,-3.7727145498247485,13.754329525160154
-2.6480834292311455,-3.510272957314968,11.923826585783926
-1.87798145253476,-2.4676931772750286,2.5936426656673066
-1.7165697341421078,-2.1992948837271378,1.2292013460057003
-2.1253947870385272,-2.704621551473401,4.871130131968468
-2.374761702962729,-2.9966087015147767,7.53782755502614
-2.7217537895318396,-3.225803108073417,10.63148651851958
-1.924714198226628,-2.039443777511108,2.3848866701718427
-1.736945217557315,-1.745163658792472,1.1178518049679345
-1.7719088507999619,-4.2603318291860734,19.62526555271666
-1.6018825131024423,-4.199720738974962,19.165320044211395
-2.152180571308267,-4.351943640533657,18.979426501312023
-2.3823802756204495,-4.242733332325601,17.40201928668203
-2.6582996232557434,-4.089845287284085,16.2404323514527
-2.915783039317686,-3.894577772281992,15.323195438053029
-1.9183873901030817,-4.39881128673344,20.731913800882698
-9.278662896806555,-10.015101108369572,20.718281027521936
-10.022488668359195,-9.244830798578594,20.326482316685613
-8.117316250509283,-9.93460878350003,21.26095753679833
-6.784765987490672,-11.249156202440588,22.654678819779694
-6.206896551724153,-11.605511000987507,23.25066004573761
-7.091619221678712,-10.616786070223041,22.182524093115237
-7.417610703026485,-10.060915901599234,21.77188731594881
-2.9866401904913626,-3.5563166017978958,13.461657284098221
-3.2541578061282657,-3.9123816864104572,16.043795677278954
-2.184616354169067,-2.305471048390093,4.348344520406187
-2.4484659026110225,-2.5944333455764284,6.6542855786085235
-3.1248263549417974,-3.160561972870002,12.022341179377925
-2.814380154426452,-2.8535642169909448,9.462194627730426
-2.0136926736389875,-1.5203547111869355,2.505778671206896
-1.7510702485884406,-1.2306678226299113,1.1391543268444821
-2.3264921833111223,-1.8178277735269897,4.417351792554484
-9.734844254781086,-7.867310766071227,20.258797836716266
-1.6938712361765014,-4.433187216577462,24.48122478647541
-1.5107755481703853,-4.368146766787476,23.0973115771587
-1.3984421374172786,-4.23830680162656,11.565043488285513
-1.272606825358245,-4.142772193295976,4.196124961247792
-2.9937760838665968,-4.2249696454987,17.45766380944136
-2.1122997063961404,-4.576766670189787,21.757985390866242
-2.3938311794969858,-4.527757092784613,20.154266295515246
-2.6700554907096614,-4.405589511390853,18.671549558548232
-3.4148742431858277,-4.376898630558458,18.338371681706096
-1.8240812837688425,-4.615973798737168,24.45742356662311
-2.010628653438907,-4.760153574952641,24.103860706928796
-8.60910189623249,-8.864676291719427,20.802770647489552
-7.4347178862467125,-9.279590251954987,21.55992395989304
-5.947696119048754,-11.242899713994237,23.462045707782803
-5.3793103448276005,-11.600243340662761,24.155956745550963
-6.287072372090641,-10.597276919360013,22.89711317094739
-6.5547359132108785,-9.75734945041599,22.400684200788767
-3.454381915253262,-3.497783777964427,14.506846495472674
-3.678371793435889,-3.9615589517833922,16.797554160545847
-2.655333364914987,-2.0973471559105485,6.653984149202269
-2.911399259280211,-2.418110929526281,8.647674494987942
-3.6432357174795467,-3.072202507553874,13.395229962085272
-3.306580101022611,-2.6907324355011837,11.042341408599851
-2.0395593393171025,-0.9770929296784491,2.5669365882146695
-1.7569642962981686,-0.647784524223316,1.295994455052029
-2.3436605663195214,-1.304700675276213,4.047843185584022
-2.836935942597542,-1.63964927288704,6.78493743747837
-2.0408484821288617,-0.3258920044145609,2.650019292752198
-1.7552537756257227,1.7763568394002505E-15,1.4671428773883815
-8.408494380385461,-7.502788095221756,20.635579506153224
-9.297069327916834,-6.499949499801101,20.168217681274943
-2.0332297584926247,0.3781267616542742,2.6332592040062455
-1.7476813848640333,0.6477845242233196,1.2834717823057182
-1.5237897227417083,-4.607235922278263,28.66051952955103
-1.326580825304258,-4.443465023449289,21.3029511977315
-1.1788071125683413,-4.275736087251657,6.8512186908851165
-1.0132041147631696,-4.149899564741662,2.804743743610468
-3.0634280530535607,-4.590581856589073,19.497560429948617
-2.318461653033509,-4.843718099857409,22.793345336227016
-2.67185169408578,-4.717228219723296,20.818999935984696
-3.961924008335389,-4.576046472156643,19.057560311592713
-4.241185357810114,-4.150635385102822,17.79464418402719
-3.5308620101183763,-4.879496885015905,20.305621714003433
-1.7211339621201212,-4.840509218035445,27.62662048852592
-1.4945505580138259,-4.878927158120756,30.53575918716358
-2.0288956645544536,-4.9917795114135,25.55510194335061
-2.2859045580516693,-5.105737249559553,24.52496298827371
-5.103402273834665,-11.219286464381067,24.429314922215426
-4.551724137931046,-11.595964402836852,25.217582295115978
-7.267188936539133,-8.208504238339819,21.46944312452157
-7.158350079570173,-6.971316951058603,20.971641775002155
-6.584864948332807,-8.795115278435334,22.166407605813976
-5.478829114701252,-10.610254745957247,23.767861494561135
-5.8448681381944025,-10.011433906820436,23.20819016775929
-5.826589412938969,-9.053014961179146,22.969725173559322
-5.848499081983837,-5.803490073512973,20.76046651179496
-6.854242244402259,-6.040417501323624,20.649542450924415
-5.978292000962739,-6.693080213656684,21.61210576828987
-4.753091431072556,-4.6632842265510215,19.264798675086137
-4.09151042988875,-3.5531204108169963,15.984785668372938
-4.769570724994925,-3.8945939426074045,17.54684546292501
-4.238669351392893,-2.963576561352457,14.566752982955617
-3.2580476849506637,-2.117323393492104,9.482708339331852
-3.8783613014479243,-2.527457449972647,12.548012948487512
-2.446827471118641,-0.6611009604197217,4.401155681258424
-2.925897566448836,-0.9966400503894794,6.421716413974232
-3.4020933857898035,-1.256768985202264,8.657967958870179
-3.5341689068710105,-1.6154391566999404,9.674011366163692
-2.443655488355614,0.05043112433146244,4.4301702640332765
-8.06455326258215,-5.703906508447206,20.16314737035051
-9.26122481503163,-4.834525601936191,19.890419575544815
-2.008259955331529,1.007864071376796,2.473366452894029
-1.7356992297066454,1.230667822629914,1.1046247123207162
-1.9792674684749052,1.5404196775816,2.4190294740683367
-1.7206492589268672,1.7451636587924746,1.0619009412104325
-2.400306836652614,0.7469510543796223,4.287486215285834
-1.9215991343396426,2.0337564224721465,2.3819441259270615
-1.7037689518227472,2.1992948837271413,1.15646612959169
-1.879345841801882,2.460795446258093,2.5946377820724074
-1.6861570670609172,2.600143231008385,1.3432385245312897
-1.3005398240660082,-4.680014848942339,29.680447231762717
-1.2962473658143812,-4.901941045010465,31.91495490792815
-1.0964265728876035,-4.500318830766823,15.97943944530662
-0.9048503602191845,-4.314628353349206,3.038997362273903
-0.7172860170652244,-4.15557120926586,-0.8445407944343504
-3.006375000987884,-5.026660150777674,21.660246004071663
-2.6209356799298775,-5.105417931862352,23.1212043468019
-2.44730107630727,-5.34388517226087,24.8552180467494
-4.86613844394164,-5.5509207163542005,20.938365262710388
-5.593230315620664,-5.0411196321615375,19.82627834409651
-4.10164942002069,-5.191697823458329,20.83344559267687
-5.009128159629843,-6.313471020750752,21.991195926529784
-3.4757374629408466,-5.4052344592706545,22.213994386560156
-1.4228723070252849,-5.110544818755896,31.94056566587177
-1.7027201663154519,-5.133317095702121,28.86940418994186
-2.0754568093645163,-5.331191456865518,26.693661509642563
-4.2570068185801375,-11.196702338764084,25.56119298688944
-3.724137931034493,-11.592549076387481,26.42773815663627
-4.624788084542989,-10.665108123658035,24.872194419164444
-5.943702624831748,-7.876294267600977,22.399090016655826
-5.2113206669876515,-7.1302984483442655,22.70616466109016
-5.0651477004960626,-9.925523347529687,24.130859417417447
-5.143296224279756,-8.743391871944041,23.697638947993966
-3.3611449780021347,-11.194553828512571,26.93569189607273
-2.8965517241379395,-11.590736083543618,27.77638762996661
-6.659502007420088,-4.896269664601741,19.630849604177538
-5.661921576060156,-4.260037483024865,18.747679085576532
-4.759629009522109,-3.2031489763557377,16.120159697261176
-5.509940915971384,-3.5331187085822386,17.55455387345693
-4.64318900560403,-2.4368220207360833,14.44525699129903
-4.03672735197215,-1.9200862847891975,11.872137637829807
-2.991959180156132,-0.28815403872711276,6.666372045987987
-3.5954076685189764,-0.6985103818206853,8.906733232251526
-4.004526308062886,-1.2356059008516478,10.808744612093646
-2.9632922297241158,0.4415652881205266,6.6158437272895645
-7.687915930746784,-4.055124415276802,19.317249849153992
-9.040941415861436,-3.27061471075502,19.505953381832956
-2.3623695895656893,1.3261995192865486,4.281283761225878
-2.2812377329906908,1.8379054216644155,4.238189710544744
-2.7629405291317637,1.1457581430316577,6.039455091497502
-2.190574472128256,2.279862548818103,4.337729434204651
-1.8400283478892276,2.831932785935124,2.9659151232828265
-1.668934232345218,2.9539597645050666,1.6359502806813815
-2.0844892975090827,2.6872308189519747,4.530677525423655
-1.812765972545141,3.1569816301520905,3.5535608065509616
-1.6532169795903469,3.2662621519829393,1.9777461513341603
-1.2689569110226893,-5.32875219562175,33.48096053431036
-1.2008525453710572,-5.052185311687401,33.59522284902595
-1.0459751170183724,-4.772443855256311,28.349557068272084
-0.821806198149456,-4.515624816352135,9.810049375075357
-0.5931528115499695,-4.33060089277503,-0.29391801872153694
-0.3797121678946175,-4.157661582404511,-2.888549818075294
-0.20964736186577962,-4.328577032351822,-3.020513194975182
-5.551115123125783E-16,-4.155876187024617,-3.901027679650775
0.1985036581306028,-4.327475901379604,-4.671100209280762
0.3797121678946167,-4.1510915809090525,-3.9403370401490143
-2.847743794673535,-5.5179378645949715,24.002147313385358
-2.391434204278982,-5.62870839188011,26.118361302768466
-4.03207083958817,-5.980824586305499,22.582162716090387
-4.240852110021386,-6.788362974753631,23.71430834044798
-3.2180916167474694,-5.92061125098272,24.18679350659306
-1.5094136491951378,-5.393596839750239,30.945739531103197
-1.7722769167815364,-5.474845049910323,29.10390767889665
-1.3288565421302125,-5.556759050168573,32.45479566493366
-2.041555021816771,-5.76927565527425,28.230393460417165
-3.757481030077621,-10.668471965266093,26.170004823213365
-4.212470122158351,-10.020483543566716,25.38542248397905
-4.595426983216839,-7.856385562035717,24.029477574684307
-4.270725032587874,-9.038149094695362,25.011698691817813
-2.447827904497016,-11.191827247414917,28.47748404853445
-2.068965517241386,-11.591056094861948,29.229604739764454
-2.8345209944665313,-10.665598582439458,27.7024516733679
-6.5375156358974875,-3.423755485065213,18.28012802827669
-5.622665858528324,-2.731513448704118,16.603226973417772
-5.436668946246944,-1.9519905836625868,15.366713950360884
-4.727411831337923,-1.3977960158284555,13.129789090520433
-3.65904153960149,0.062278936996447334,9.209667689511429
-4.366789812052511,-0.5688590086500052,11.42615829140279
-3.5218498044470805,0.9321265087110826,8.888528625709917
-4.163292054912907,0.7313793268896402,10.960789952675306
-7.615919034587132,-2.4427029622938226,18.47137711930296
-9.036531861033726,-1.7537355147910385,19.265023401434295
-2.7422050148126336,1.6782987476851998,6.388590051178247
-2.622068466334286,2.1498125300756215,6.550628438297481
-3.401377588905849,1.5678528766192044,9.084047324771825
-2.4403811824695856,2.5682028438860875,6.559051254502536
-2.0327153394069217,3.0283737612013257,5.171974919758327
-2.3666700071218885,2.9099774846029756,7.198585342151673
-1.800188289661264,3.435988775251572,4.5592418247864686
-1.6412918427262608,3.541920993154436,2.3840160422725702
-1.98206988956546,3.3437063022535387,6.182638757578619
0.5611066875540288,-4.316766813468741,-5.102626988880977
0.7172860170652231,-4.144338497203002,-2.9200096477395605
0.8668558725277528,-4.304387877806538,-4.4663387611688465
1.0132041147631696,-4.137634353602244,-2.0476881428509826
1.2726068253582445,-4.133713760508931,-1.6913120587687207
1.1685588548565362,-4.262356757704354,-3.3952728946361934
-1.074924094429165,-5.488935798870411,34.687866747698074
-0.9910348002169999,-5.147016486105582,34.20063854431857
-0.6881965753703371,-4.865694435337694,25.64583344756656
-0.427205077755807,-4.575323048375869,5.099852581511957
-0.01941296941288421,-4.5877716553068995,0.09323113665921391
0.3621716152948125,-4.569312718504814,-3.833237707847515
-3.620099424031075,-7.493701974811669,25.616372485802508
-2.537276502008214,-6.073199390095116,26.676796645851542
-3.1722250231449314,-6.625258327068555,25.61203684916328
-1.5607990518956498,-5.757362828342773,30.996853645908338
-1.2221860739090953,-5.76306220991622,33.44767825928032
-1.7891090742571005,-6.190890228130188,29.99119483759223
-3.3473166876388203,-9.812878790207177,26.759714425304534
-3.5404056873825214,-8.564455769939306,26.170285170029747
-1.623060620442331,-11.146286034922937,29.96430722581817
-1.2413793103448327,-11.592407535387913,30.743678361572858
-2.0712898692521233,-10.665944891529604,29.08982428080788
-2.4709378746406285,-9.983263240683508,28.38533702486567
-0.9375188987009079,-5.846217266399032,35.59752114831799
-11.172413793103448,11.664183675389287,20.368021680109372
-6.471013947754979,-1.8186035156430191,16.91241540347721
-5.749788032189164,-1.1124352934302255,15.205207188448323
-5.334555762164223,-0.41516637198871803,13.950746704742295
-4.66621657720328,0.235474786131758,12.359901359153946
-4.1261896628937205,1.3953553541700041,11.43077636056293
-4.819230209033848,1.0476728600513472,13.058001246076012
-7.711840002325916,-0.9004563580120569,18.042918144245064
-9.093432170982915,-0.03898898795445711,19.182722876601588
-3.1600157661257495,2.0785405180430088,9.00324412461372
-2.9179966294787985,2.4560651003569145,8.812277857279776
-3.7949801191978354,1.9769042085962938,11.198535566373176
-2.8854450993351604,2.8529866599395133,9.82510206857481
-2.3004587979962663,3.225801677485087,8.177167578872194
-2.730790471285617,3.183058730000376,10.475030427320569
-1.6356792044439477,3.785235568300192,3.402243373698318
-2.238742628711713,3.529336033201491,9.681993299886052
-1.7630612699544488,3.6946694354137524,5.874523659868566
-1.9487237835859248,3.6123921385526776,7.844673698174932
0.7092499306708747,-4.553668541203154,-5.122079930720627
1.0189612143513138,-4.501801182688256,-5.20304768996472
1.3748612556153603,-4.2348707700470465,-2.893201104597947
1.2613955524858171,-4.4384311714840115,-4.7536371717295784
-0.675874964980432,-5.394555321715508,35.954628059194725
-0.2998749326757888,-4.948356076682826,22.377493886465725
0.13505015919817287,-4.93556061890207,14.734072267425132
0.5374575648932809,-4.82090705857841,3.3616814300355666
-2.7251176571725937,-7.594572113859552,27.748277404467732
-2.1288583048691088,-6.869246919557531,29.18037815389919
-1.2682509938584132,-6.158051678406963,32.743386517918736
-1.5019151857958184,-6.62378693704905,31.512148464006238
-2.448729049307415,-8.936626972433942,28.51212951587865
-0.7612393746322702,-11.16891818931696,31.55521268097549
-0.41379310344827935,-11.593355335311538,32.249996167851386
-1.147661746686358,-10.667562251026279,30.83480670561313
-1.6821943906454466,-9.85177183178065,29.953347787316876
-0.5163298852024514,-5.910828207956803,37.69019456634221
-0.8396639720218558,-6.219999153800309,35.08209739898793
-10.697555528598459,11.280219683238338,20.57900264977245
-10.344827586206897,11.659326927409753,21.074809192711914
-6.583552737276921,-0.21455810290930233,16.34472900802994
-5.654390085454707,0.5555429734918365,14.83837660295795
-4.669594003187365,1.9253496375704984,13.62304079089068
-5.4698383056129884,1.4494434981805375,14.84650568817914
-7.692893936531783,0.8760726334558019,18.02457508826385
-9.103080434048527,1.489329425143192,19.255108843250042
-3.5225848778815942,2.6819361685152403,11.815938868989985
-4.191955299150778,2.576806165443085,13.520966156999604
-4.968182977568924,2.6568715210645273,15.298808440237574
-3.178830983076474,3.1468692781810605,12.192793334771148
-2.598951310595352,3.4691878671860983,11.427106614179886
-2.9626194043759138,3.4914837740630436,13.031631668950682
-2.4931926215426414,3.69728987429285,12.53332747660545
-1.7324758606433015,3.897293869000992,7.621485560873862
-2.2005849955623296,3.764345958271912,11.630383578945255
-1.9227366179538476,3.822918485949358,10.200002263214948
-1.8713921743330646,3.994879581002419,12.418964105748843
1.574497725475739,-4.218471880101781,-3.2453500135034337
0.9089466294040588,-4.808835596172169,-1.3938381105367876
1.184752528880061,-4.689786465031061,-3.4258602120213655
1.4761717601451374,-4.368824144341197,-4.1446401343935975
1.3807993789166098,-4.58687300321055,-3.9819786580977476
0.01745531547362102,-11.156990621107326,32.97380532013812
0.41379310344827314,-11.593467925694782,33.708947977759486
0.719941477549111,-5.162635275135327,16.409527835669365
0.9528760579721857,-5.169733677219088,13.83081754996241
-0.14157582218858886,-5.370994171124634,33.84181476978088
0.37153549927820556,-5.316022033214834,27.646757192246692
-1.9017122156922353,-7.889586383477519,30.060015922121
-1.3329197293271755,-7.230145819198079,31.966410248343752
-0.9833409919129483,-6.64264631943358,33.79840707624819
-1.2800874548883399,-8.939769439691915,31.231877074935046
-0.2511601382883919,-10.70210480872228,32.517568227189
-0.6744603490978143,-9.917464195318653,31.98949800294901
-0.11602499098744579,-5.977103507113249,38.4847999207624
-0.3965431701707921,-6.461597275723557,36.896957404144395
-9.887985555677094,11.2574972290203,20.958812160633446
-9.517241379310345,11.651117545534023,21.270392889825228
-10.176654074830802,10.751153972847787,20.51786771236118
-9.070529331059014,11.248558698067965,21.240637457001043
-8.689655172413794,11.640593845507325,21.513102143545694
-10.29658325957519,10.084259648855603,20.319322278022526
-6.5155366120375815,1.481789735899459,16.685356638415048
-5.644094910337791,2.2577252337724945,15.997697632789537
-7.75872706370954,2.3971855012265784,18.61626457811968
-9.393170120020207,3.1135558153591387,19.598626454074164
-5.486296107450877,3.0527992456786115,16.776417563313682
-3.572696590604745,3.23594398517876,13.666734777239764
-4.705001137290219,3.3005432913353117,16.167600665677938
-3.975371372561029,3.1522498698486934,14.405690676383296
-3.359950828807604,3.60015563805629,14.518015116556652
-2.793842846915165,3.725038134377932,13.867401988929602
-3.1311129443858867,3.841391592647539,15.238388467965903
-2.380071794678321,3.9543807084453793,14.509830501189596
-2.6642912091785873,3.8999164475172754,14.758192505755229
-1.7019858971745028,4.086060143340232,14.793513986278848
-2.097535074050254,4.016674938655803,14.398583313770612
-1.9246416472874128,4.178265020336726,16.944394677680673
1.6973895863646762,-4.089443995782351,-2.120621414165918
1.7538130221971504,-4.261012974072925,-2.646510345752925
1.6902618671891723,-4.434940704097405,-3.2383849902878077
1.172098497519634,-4.973271114597224,1.8719871648984456
1.3931583086412922,-4.817894236232716,-1.917308530304448
1.5726838754585772,-4.599901151106655,-3.275129238999707
0.8129729051186102,-11.145732895253673,34.378856143816584
1.2413793103448256,-11.59300343709091,35.08948248620582
0.3928914057362082,-10.651385130470736,33.7214773008752
1.1379385257854442,-5.300256989928059,17.91705044325657
0.7955239642457919,-5.524411021626586,30.311797082799934
0.2783003437660073,-5.7538015423467,37.154105788867774
-0.90930869202914,-7.976620852829137,32.890771797230165
-0.560752900303635,-7.1622970524235186,34.73656423612504
-0.30934651723950646,-8.85848600751859,33.607277930764944
0.13946490397605296,-9.910844848492175,33.625207830655626
0.23546476182170709,-6.320098768185062,39.17410741168093
0.02014963546630076,-6.9093472264838605,37.40163441939653
-8.296907732548778,11.239247293728086,21.572985188954647
-7.862068965517242,11.629172262720909,21.919941338193873
-9.311313274428477,10.718694006217824,20.847141020094366
-9.553851079246481,10.224151564594838,20.624444294798842
-8.592678164434124,10.819169759842802,21.21612684526045
-7.517549579499867,11.21935667852781,22.043760735248217
-10.102473111265976,9.031885166468527,20.28705703343701
-9.468463232058365,9.637804488311755,20.559747314654718
-9.484071258320967,4.686068103670968,19.884390436058208
-9.686862195100199,6.258955275020377,20.086500955671998
-9.921615087282332,7.780134343014311,20.213528515827207
-6.540164907558711,3.0948602617196475,18.05371683659257
-7.859708134606407,3.877920652474821,19.308694869899508
-5.626656213621466,3.7857927245284806,18.1319895327477
-4.949499732409045,4.076359782128501,18.198710173282745
-3.7860437911112186,3.644119760172149,15.650845878666802
-4.3402968101554915,3.801781060454966,16.980742475268944
-3.515753453953924,3.923116549547005,16.35558506514181
-2.9335192558258054,4.037546658031629,16.13493040689096
-3.253735633963226,4.122374118460523,17.01499205789173
-2.345087309528364,4.225039112846003,17.281392083721176
-2.650018987231599,4.141766451541056,16.63315832067605
-1.7637153287134864,4.264361258060031,19.66948220727566
-1.5928546138763893,4.213981758117827,20.090848077744127
-2.123015989323753,4.314447165471321,18.60420716565429
-2.3385684121231085,4.504010104622223,20.04171028778467
-1.916510517912569,4.418771442721433,20.94087879422708
1.6391842172823543,-3.785235568300192,-0.4538354300695907
1.7311140639134877,-3.9035616335300936,-1.0231542436231729
1.8782386250533738,-4.011328103150527,-1.5591602475223503
1.92534926495599,-4.181464389312191,-1.9893196252792118
1.891912710575121,-4.39854291507132,-2.269289074014068
1.819934908237324,-4.634495812318335,-1.9884175937828947
1.454918934434762,-5.053119723000249,3.0483409960901082
1.3928698610004877,-5.387998824185914,18.985283630936888
1.6768313619970205,-4.8617595607261705,-0.7933621505018696
1.6011164373036015,-11.14016443710117,35.670919567481924
2.0689655172413763,-11.592144904753626,36.34644914444569
1.2697396351009855,-10.651337306073117,35.24159542602718
0.800397831034914,-9.98983887687903,34.810568700754764
1.1803878309552474,-5.676025633134512,31.407237211425095
0.8495338164279358,-6.041827078655575,39.11997481121323
1.484477353392372,-5.660863982822169,29.422600493605007
0.24454238090629007,-7.72547110035399,36.4164431494112
0.7069800543514431,-8.955002858564914,35.73601492241108
0.8486645147096823,-6.76724733986447,39.907882271467734
-7.0344827586206895,11.619098607518447,22.504913710796686
-7.932756958634695,10.688174946082734,21.542044743826413
-8.60366641281928,10.032329589481256,20.998662964914043
-7.158051216323046,10.764299539724563,22.111601693184713
-6.708165441686312,11.200963121000491,22.67098865922784
-8.833922630852161,8.778964656044327,20.702106259969856
-8.221717765089977,5.590769623354182,20.086894793919644
-8.599216428388019,7.2908655157142075,20.52133694830957
-6.581889277638427,4.788343313565914,19.592006554727664
-5.411767957872641,4.808381900193676,19.5043513890908
-4.5322448820431935,4.470837712254581,18.94519478051302
-3.9686976143835064,4.1745900682273485,17.812730906749895
-3.618115227715127,4.360170444342991,18.344045218719533
-3.280159547455102,4.454506895307829,18.70701487491996
-2.9249980349722504,4.3858431950747105,18.353913611542072
-2.6385714975803616,4.451252464866599,19.05239752543888
-1.6803752245404833,4.412265200361502,23.8708909551065
-1.2726068253582445,4.14209637547732,4.46214972407245
-1.3890057224408425,4.230517831311066,9.834062602175266
-1.4823506818694647,4.374571239851149,24.123549174451625
-2.488665775074103,4.691949793878807,21.09901849380868
-2.08328612801812,4.5995533905979045,22.06757843512659
-2.2561797742649223,4.744313498268711,22.305653351724988
-1.8492922187083822,4.6441548774753665,24.43321551893047
1.7661875390793131,-3.696999183658821,-0.7281702804106898
1.6484276529254556,-3.541920993154436,-0.3059133524273434
1.9056844157012074,-3.838362950288672,-1.2168968425907247
2.0924574543319143,-4.006749227283771,-1.484229830132785
2.104638168399551,-4.280723842587824,-1.6822007745805632
2.080811900448667,-4.5756518569084035,-1.358697410198271
1.9929287544364092,-4.860156810791904,-0.07823071666903521
1.6802777212920905,-5.373230792088806,15.614335331382735
1.8545442271573098,-5.141191317333898,4.475088050395782
1.7115512739694232,-5.741573533113227,30.222144994771888
2.400602520318347,-11.123053953472644,36.88076463216775
2.896551724137929,-11.591180954096176,37.48095221685653
1.8893821905550632,-10.632183980517622,36.26111726258306
1.4929131560098803,-9.780624240794205,36.24896817665223
1.421983464879453,-6.140795901588771,39.22115662325777
1.0856296791012132,-7.771166179940377,38.3481194742974
1.4858473994675099,-8.691530062877028,37.642403163121706
1.5750462816128619,-6.947714617752243,40.738970968293025
3.223917965194667,-11.151759227557482,37.971153828084475
3.7241379310344813,-11.59080804399256,38.46926548139635
-6.206896551724136,11.611169259786273,23.24288262846125
-7.471753625328749,9.96239762750713,21.682658098267293
-7.833659269493675,9.19176485578906,21.32502803677761
-6.629176277467861,10.022683801608817,22.41216712295958
-6.332093840087562,10.629307786979581,22.81724285401958
-5.902445481005206,11.184884739527035,23.450294529520075
-7.554487234845498,8.095533929225924,21.233430860315135
-6.872857404690556,6.673647606668827,20.99648256618534
-5.655184646569432,5.7853718160771,20.79828202201961
-4.674444290065289,5.397710438334835,20.702641724639502
-4.019731521322083,4.8475148825923995,19.967742007087228
-3.1556085725811918,4.737942505696608,20.228279314966954
-3.507073669804451,4.727625051350902,19.836951644239953
-2.751084291145011,4.809971966000692,21.206728325961475
-2.985038427094318,5.09606746775845,22.10584948024798
-1.5863313792616776,4.588447893426147,27.267701682635607
-1.1794678009640236,4.2721644746451535,6.641205425944277
-1.0132041147631696,4.149839694186669,2.5501442773525578
-1.306754412576933,4.380293139774949,17.242694599536325
-1.351529082815955,4.561034772986807,27.135583550018158
-2.391215768198101,4.918194119800555,23.03455932997989
-2.0394119593252316,4.926399452400845,25.002709089255607
-1.7211738115536657,4.87000066866612,27.527508412653948
1.804745550907078,-3.4348930549047054,-0.5513191764946087
1.6610816736763694,-3.2662621519829393,-0.2471294330827031
1.9434492155538796,-3.6085633292447183,-0.9061262671938551
2.173378434378162,-3.7667431291214157,-1.2171201192453192
2.3551227515694166,-3.9327348301305047,-1.3318423789582445
2.3351245085087187,-4.198845263039313,-1.3464365036951023
2.3001908321958378,-4.462321602767329,-1.1001063205101214
2.1667739693810653,-5.145504531635361,3.8920854246817105
2.377485245218092,-4.758784605729521,0.11023421256884201
2.0454480130713466,-5.553409664833412,20.183687048827668
1.9193189852951746,-5.978501292265774,35.793972325774
2.389302132583083,-5.488012981980255,15.166083426545606
2.723681287477446,-10.63089021680979,37.478182770423864
2.240679542087986,-9.9252434000233,37.291397172961325
2.18701940848983,-9.061536145371912,38.32082820956253
2.0069985799815124,-6.489055041178714,40.269154810133955
1.9904805624646762,-7.864877210449061,39.773195917593206
2.2378542201085354,-7.1145872953742755,41.19847860388068
4.118606761868346,-11.225338349571285,38.97866374934403
4.551724137931032,-11.59228904083076,39.32818748809698
3.6120008029175934,-10.574468356242534,38.62432906306881
4.988722079620371,-11.1653778081129,39.81470828619698
5.3793103448275845,-11.595925994225825,40.027093374932754
-5.3793103448275845,11.604716760239647,24.131781791365277
-5.1223326080600975,11.226960273597586,24.367284902764368
-6.704466443622689,9.089598476686657,22.15170101430726
-5.977324710925057,9.877105081751408,23.053813614492046
-5.510317171413522,10.562803444853003,23.702938013920058
-6.090290342853505,7.961238740156772,22.28033410013319
-5.6857363755807215,6.904801970944275,22.01048596614716
-4.845545642131802,6.346014225598297,22.21379337511414
-4.252807509751854,6.012195514339337,22.341507042224663
-4.010094915580537,5.504234903965739,21.576719862273794
-3.4317461717475104,5.248921577005998,21.851693248730363
-2.5969290823652047,5.139338922377386,23.411055819495015
-2.9227136588585902,5.422217598896389,23.639972340328757
-0.8951652724682962,4.31285893932822,2.6280439922700523
-0.7172860170652231,4.156647478833472,-1.1135097861874994
-1.4453138583367324,4.796443833897043,30.584730421501437
-1.09861694612641,4.479417206577292,15.468680927907887
-1.2239403398528057,4.734054179079013,29.817237476299407
-1.5488200134828125,5.048532918786077,30.143915224337103
-2.215023727014135,5.197191085876887,25.398817173548906
-1.8305930758884534,5.210547531834779,27.99793213328749
1.8308237973329,-3.149115690791943,-0.46800050742377713
1.6760320930991037,-2.9539597645050666,-0.2134231184972982
1.978503426874551,-3.346496980595374,-0.7401041170566544
2.201067907750915,-3.517326497039653,-1.061363126351994
2.465289226245393,-3.688219499532182,-1.2511128879642206
2.6283966234357674,-3.8858486103526557,-1.277670881066913
1.8657985371286945,-2.8196174285619224,-0.4488289526041244
1.6923172373914916,-2.600143231008385,-0.19787315832880006
2.616714594039019,-4.163523637176425,-1.1120120479551394
2.5943715312684725,-4.477459766667153,-0.507289768690245
2.8536051999716125,-3.958823610061057,-1.2301956631149686
2.5918384037444717,-5.14029563420635,4.441766329817843
2.839420786291095,-4.884180707353147,1.4510044900531067
2.409233207932707,-5.9676810238579225,34.00847391006983
2.7478550584928914,-5.618493537537684,18.755136285328156
3.0478398957930826,-9.778653828817147,38.60290817043045
3.000797065471705,-8.529498100366753,40.24548498705611
2.6214183979823993,-6.631374140230236,40.567567650126996
2.853558581600003,-7.443292853790061,41.425409270277584
4.52871909799469,-10.608889978642612,39.54255908475412
3.9971158734185424,-10.006787819196694,39.4843429120158
5.824644917765146,-11.146395430566594,40.47068343834212
6.206896551724136,-11.601079569005265,40.593851955277934
5.3675266855533295,-10.566056984567178,40.29762104890023
6.690257501699344,-11.20110775085043,40.98564878615297
7.0344827586206895,-11.605945478466131,41.049788223098105
-4.551724137931032,11.59936696149841,25.189228085275303
1.272606825358245,4.133654377543769,-0.9816743462536837
-0.5735057999640387,4.327269175644076,-0.919747435273333
-0.3797121678946167,4.159792988144312,-2.9733430161457655
-4.2685414165138456,11.221740349246693,25.511276049114667
-4.668908792017645,10.591555558962897,24.78416796903575
-5.473540008341126,8.81784196137524,23.340120816391785
-5.007413083508661,9.780166370776932,24.174366377515657
-4.80688477802284,7.551575820603796,23.601828588098495
-4.112101114891367,6.673310170341369,23.681120049984255
-3.715857258308097,5.998376133615694,23.1438375808446
-3.1929632715753886,5.86374756130783,24.019956637602288
-2.412831399720974,5.526391830595909,25.783760548291156
-2.5972573948796325,5.8492474658476015,25.85924940948836
-0.7660939823700733,4.5483394398889985,9.613022450858958
-1.2395893461051766,5.042256551780733,33.62111661547822
-0.9946998365490434,4.777698195075076,27.294453768441937
-1.482953230696978,5.317161427254134,31.35598618748737
-2.0273581995306813,5.528944509785504,27.71260547165306
-1.7216862209549848,5.557725203938759,29.682629566725304
1.9065541762366662,-2.443589189354608,-0.46945619945863976
1.7098930280037061,-2.1992948837271413,-0.21716054981002592
2.025001763512553,-3.04945392773774,-0.6889829207386465
2.280202883883302,-3.2293294195382707,-1.010075878714951
2.5669217283824683,-3.461482289216848,-1.264296411579162
2.767348018948853,-3.6997620994050138,-1.3359995596756635
2.0905223106187725,-2.7011846745659347,-0.7154840096279961
3.156063604957574,-3.7445471530447714,-1.4175620476489872
2.982554885702022,-4.386831190575475,-0.5042889583012929
3.1910541618823562,-4.0473561267616205,-1.1247174334088654
3.0622082265024844,-5.371326787274735,10.7307522734085
3.229306571437295,-4.86824290517861,1.5344932805654166
3.105303168652495,-6.015103277086041,32.138007542354735
3.922288158828599,-9.10350373466799,40.569828130391045
3.6795087223472907,-7.8836727212891,41.82084436545137
3.3706481765806524,-6.796546077348474,40.53874795654321
4.895598770037262,-9.848366253003912,40.56804390574279
7.494015535542645,-11.22951020614898,41.38505525428497
7.862068965517242,-11.609443059303771,41.428819395215214
6.2200140770338175,-10.62438324894677,40.8648861045979
5.715337235109903,-9.958438471270087,41.175357725561085
7.054578951842227,-10.59594343679784,41.37997717467754
8.3495648150651,-11.235267978040238,41.72243364427488
8.689655172413794,-11.615978127960107,41.705529052252764
9.123017523208969,-11.221324291962338,41.96160025773394
9.517241379310345,-11.627498702407221,41.9010376916369
-3.7241379310344813,11.594954581004403,26.40056669916934
1.390979136795928,4.231083694206174,-1.8725290534986527
1.5886645685354608,4.202684549046131,-2.331758637713517
1.1818450159934195,4.263845149551704,-2.254781085555081
1.0132041147631696,4.1415222474523485,-1.2262813070900276
-0.1829444765181514,4.333706073679201,-2.9429022729590475
5.551115123125783E-16,4.158590471141002,-3.5889814809164635
0.23305894997388843,4.337024754287132,-3.84660883282166
0.3797121678946175,4.153990294250966,-3.4910710956533206
0.9105396845219137,4.2949035587436395,-3.2945606720598977
0.7172860170652244,4.147756270851657,-2.1086112188545187
0.6179966409224782,4.299543384891582,-4.223836927066866
-3.416920120303519,11.204051203803054,26.813300496396057
-0.39203583448693013,4.57280953827171,4.176148063171339
-3.7804618773078587,10.553461203990013,26.101834040554092
-4.189804698277183,9.871104968872718,25.403768547705912
-4.248468477633994,8.877438317340648,25.064444836745416
-3.754261751663633,7.525402160352869,25.294595467101995
-3.2924451451261576,6.635649800433044,25.22864627204672
-2.8358145982316905,6.257989311318063,25.861211302106405
-2.1408917987209266,5.9098683563940355,27.971085594835362
-2.4189270099411004,6.251663802556163,27.29921605903808
-0.6425402046257205,4.819983584437617,22.0172120631251
-1.136790765547167,5.40060887656664,34.52521761765181
-0.9149389729557158,5.1273540862603335,34.69546720414497
-1.4085484140400573,5.6834402355879305,31.896173199267754
-1.800884776000639,5.913136385670819,29.665131480611787
1.6324262689685667,3.785235568300192,-0.249019628619974
1.7324273584275522,3.8726767388119483,-0.4784503467393379
1.7259906600225356,4.066641320641449,-1.3575884775151768
1.9461673249272466,-2.0206268108320624,-0.5359170600171196
1.7257676370638635,-1.7451636587924746,-0.2701422942080589
1.9810117555555895,-1.548810531502854,-0.6236528122915911
1.7372250949106922,-1.230667822629914,-0.3426833232980352
2.161573961126955,-2.2996704994899915,-0.7964748743041662
2.3647378067982685,-2.9180785393842443,-1.0505370300274013
2.733702313421392,-3.1765239575477797,-1.3789464139403658
2.9539200200449565,-3.4577322622381885,-1.4859669081296552
2.4855508686544407,-2.5248559282457603,-1.1800603736269784
3.338868621741118,-3.5332220339251457,-1.63650843881758
3.535485398181505,-3.9209679096296286,-1.3318236061171433
3.505262249675546,-4.335585349610581,-0.6492779203089843
3.558606597231009,-4.838196222124421,1.2761356268824418
3.6057672696985974,-5.456496274550902,14.714631004429334
3.8066115291726947,-6.276742788821549,35.202557029519255
4.577971634801641,-8.543599997529556,41.95474447029586
4.229019512965007,-7.366223905647068,41.785721102714895
5.538115379337655,-9.105099711758779,42.11790312778826
7.958925131523523,-10.712917461925944,41.741280478376694
6.544062997413582,-9.779034908386704,42.079819191443484
7.42019846784045,-10.028707044528206,42.21848265772509
8.757036702625653,-10.671053132512371,42.10353984652823
9.962831518748883,-11.232891624859825,42.10456214908603
10.344827586206897,-11.637385509690255,42.01890699809722
9.505416379320001,-10.810189799780014,42.24370159146927
10.757304120120402,-11.21829870087056,42.244243054819115
11.172413793103448,-11.64232891333177,42.15054441171604
-2.896551724137929,11.591595077211393,27.748696475288376
1.776619802030726,4.261163629228457,-1.9272408342911835
1.6882680033985782,4.429313301759909,-2.6621248769382384
1.4949176752475257,4.3631763682651306,-3.1852246824912065
1.3172285425009533,4.435145698110663,-3.712313538981229
1.069162132084919,4.477088480066514,-4.210746641132601
0.03645869351326836,4.6008705853262795,-0.4333285232205542
0.45384192170553167,4.597017082693987,-2.7594607961946487
0.803042613278503,4.545031906997864,-4.23210432437849
1.0044114367089108,4.7734737418919515,-2.905713673718642
-2.5244531510805643,11.17636471872213,28.324595113736706
-2.8747947529917277,10.536109214078508,27.65071488758827
-0.18742396676451736,5.0064203326247805,21.45486271703851
-3.2437712609177565,9.552903393293102,26.99926192913673
-3.038924166277376,8.303092206150616,27.132264917584596
-2.9603169330800494,7.343995124552964,26.906764918141004
-2.4897590128196154,6.7421462311987135,27.653409976003697
-2.0019852804331855,6.381990851916156,29.215986028805503
-0.5635941791223248,5.309234251424997,35.57301723934186
-1.0559010160315514,5.793239973884354,34.30257662666224
-0.7843497408081731,5.564448226878261,36.67970376228168
-1.4052118170330925,6.19867074883988,31.814054190975014
1.7654410250489248,3.6618503709241037,-0.36449638228322684
1.6399253644747034,3.541920993154436,-0.16557720335709963
1.825885562567401,2.830207165509141,-0.23283899054376092
1.6646474129691755,2.953959764505065,-0.12533976079663076
1.6849549509681707,2.600143231008384,-0.1225434247136076
1.7960654809127141,3.143931311594928,-0.23374905971740298
1.6522863887219394,3.2662621519829393,-0.13745954891812268
1.7879024960557504,3.4171469783365254,-0.2910923296932327
1.8789592636254904,3.7648410014544225,-0.5842145246344542
1.8917469328997965,3.95749217155152,-0.8724328970529286
1.9308003688032571,4.161659937775014,-1.2992436577246507
1.8644466369891637,2.468040572567053,-0.25597914350685874
1.7063695124763665,2.1992948837271378,-0.13158897054923144
1.92194475465273,2.0275458724384485,-0.322328921794417
1.7261667555299633,1.745163658792472,-0.1548752219951051
1.9946382486876377,1.5229808515277963,-0.44076999780642084
1.740898400339942,1.2306678226299113,-0.18713364277991795
2.033256204879596,0.9815491571328447,-0.5372720137662693
1.7483106298654814,0.647784524223316,-0.2419152500711092
2.0425209925310424,0.37685623223900366,-0.621357828980951
1.7484965913115011,-1.7763568394002505E-15,-0.3115528758729349
2.013794571524354,-0.9970389456370988,-0.7016885386727473
1.7428608431110966,-0.6477845242233196,-0.3788605674004165
2.029790774929265,-0.3202672087564858,-0.6875405134055708
2.226480249083859,-1.8592169660610705,-0.9155006396369064
2.3493954738919185,-1.33790516924942,-1.1107427835358799
2.602067812051664,-2.1344068840138823,-1.3480373439132507
2.8677875261794292,-2.8642336228301137,-1.5324603656021527
3.1675419406842242,-3.170369146939197,-1.7180379959650764
2.9268955156872156,-2.4737141066891124,-1.6640209286610337
3.557631061540501,-3.2188457467842824,-1.9581920463962337
3.7715233448044034,-3.6304790464868217,-1.7395350923239572
3.993611555556885,-4.13278814839519,-0.9940938575149518
4.029418639315057,-4.794906282752266,1.1791630416262662
4.3366845917283,-5.628127869537567,20.59337949427996
4.758805708166224,-6.705703609677358,38.46635981141421
5.2012884646862805,-7.946742024427428,42.443864381972936
6.315150331942006,-8.51008040114605,43.0226645587615
8.332196188071139,-9.988145511663202,42.68416517955688
7.509447951533718,-9.172172528345389,43.37052563619722
9.273100178565196,-10.058473751702493,42.97891137463921
10.304662610863259,-10.573077831484378,42.6821788016406
-2.0689655172413763,11.589436649709397,29.201724746144862
1.9455680149164853,4.404225221409468,-1.547798300150145
1.8136305980939702,4.60249269229257,-1.9616982575922306
1.5081027111399696,4.59090567523041,-3.374271849075897
1.2583645837439599,4.68477482134405,-3.849783306053579
0.31375805125548634,4.907605944742695,9.063102477747996
0.7187365812895655,4.8920259199183675,2.3613128514021757
1.251582355544671,4.97378011463058,0.46136967298828396
1.0019337271607551,5.153270576569438,10.1657611593186
-1.6529695150257482,11.12692620087484,29.908116205097716
-1.9940610656723419,10.489919591925991,29.285816183088837
-2.283425911184772,9.855882571374543,28.843882477627922
-0.19651553365285634,5.47683036187881,36.021694337664016
0.16664861191552663,5.401576277142114,32.0374406935229
-2.304798167479365,8.810639377635415,28.886752200051827
-2.21512294035513,7.552459970847117,29.093353677488754
-1.7365212650281634,6.821716882387165,30.46303997969321
-0.39938517352036096,5.7547871543143865,38.21993029761316
-0.9312055871419205,6.214864129611454,34.38569492086355
-0.7215364785735351,5.972985253551302,36.12323907792943
-1.0448710670191377,6.677346212354009,33.32497332615555
2.0901610408819606,2.691265523657617,-0.42355495317675734
1.9376728700201589,3.5682590667590848,-0.4865908880789885
2.0287592529498597,3.022944030630829,-0.3875903240771121
1.9962679636465186,3.3033116648393883,-0.4103762311591393
2.0834102350294135,3.779080431544207,-0.6663712294078302
2.127716943802955,4.058693931121589,-0.8721153135256577
2.1446528103659475,4.31369271672945,-0.9936445149057255
2.17239497061317,2.293523154928067,-0.5174043220165229
2.289842015824646,1.8162409238983852,-0.6988568721489404
2.365500995108528,1.2974545563439095,-0.8850805280954911
2.4552078472575034,0.6590122947733358,-1.0812688242664523
2.4486595376550664,-0.03020551119222012,-1.1600814950357863
2.409162900696825,-0.7426785368971598,-1.1809432126947212
2.6978879257890727,-1.692703954237711,-1.5184027944044347
2.7680354407018086,-1.1869820811606258,-1.6526357383803842
3.1691130566257075,-2.1074337342329597,-2.008981507076666
3.5144833048374533,-2.74545188467435,-2.166278518370921
4.028865125639025,-3.175719887103936,-2.290706892485232
4.2974674188146755,-3.7370412055905353,-1.786228922743762
4.558254497564257,-4.368103657577045,-0.13840221798984406
4.836808374851155,-5.102642900792008,7.3608658320256035
5.387174030686713,-6.036670761686608,28.791528199349386
5.9129711686935815,-7.183727232072106,40.1603239480251
7.265107554176727,-7.829460976489297,42.451857935862556
8.749434596858048,-8.89777933049719,44.04871933919143
10.042540594694216,-9.465067278105904,44.01226981069118
-1.2413793103448256,11.587746349974761,30.7293948009946
2.126504557315999,4.60394485439243,-0.8769033884026606
2.0066907260222338,4.816913289094962,-0.765162011481642
1.7368717959113098,4.855340347194544,-1.4910483344940741
1.4715026045787458,4.867852978449481,-1.7971342917670265
0.6696965687918254,5.374421790079825,26.12753465930269
1.4583476278418475,5.106057623505062,3.375071121272709
1.3009635215797373,5.2890904919142265,12.805843387858102
1.0828843950315246,5.518307712702291,27.101754342147046
-0.826330837876088,11.11668702895887,31.46323288917196
-1.1997590746583056,10.605328136952117,30.80983672887416
-1.4289639890929327,9.638906709553806,30.65933661519795
0.00315650035630135,5.9146532837859365,39.31364179411028
0.4803574189209969,5.8353445254635545,38.46484518841056
-1.4456703461338114,8.330545376728992,31.078451728410702
-1.2621774725088188,7.37768727916711,32.037265563251644
-0.38940136617196797,6.372633669943385,36.94602106312397
-0.6601975914925304,7.065144886501588,34.4308402129493
2.393485617822422,2.6064507933327503,-0.6423803105212579
2.292567311767145,2.9536579643597145,-0.5491194771987998
2.2103527297660133,3.4618901501507646,-0.5287981571270839
2.216854952174617,3.2056984515641993,-0.5067315477323442
2.364043334879908,3.631203159841769,-0.5865742325576352
2.32688889770777,3.918237723250757,-0.6489064356838833
2.3705558135697102,4.215687579282257,-0.6222717490425205
2.3744664949359335,4.53908697058327,-0.3536909293151617
2.5908151670597883,2.095501736209639,-0.8957737776955003
2.6937579588260223,1.6604393719424515,-1.1301121410002193
2.878997915915506,1.0056655846017541,-1.5411974201828438
2.962311437455282,0.32275374951472346,-1.7602832581799246
2.9193526343031855,-0.5200551424121819,-1.8140432799575044
3.3994111630181956,-1.5205187714900466,-2.378304154854139
3.540263660349233,-0.9348984788132815,-2.5989306828121976
3.873932618370646,-2.077806804292655,-2.779898077776514
4.262323266528161,-2.5773858732600923,-2.90930476521136
4.953430262494943,-3.960698892690217,-1.119144592973886
4.825489138627664,-3.266429764437723,-2.757680201964672
5.399273775777416,-4.577633072334737,2.127010259504725
5.79366051932716,-5.375650854024809,13.96032442826554
6.757107020109168,-6.104055343249779,28.759896231163115
8.132032898410074,-7.116473170348094,38.209682490641974
9.757214868012174,-8.178074958475102,42.28277233659194
-0.41379310344827314,11.585535791862883,32.26914179499245
0.009944947334679155,11.102510558710753,33.02058866963043
2.2910083937413344,4.892491022369176,0.1381976576391288
1.984501361367709,5.05580638206318,0.8583021745195173
1.6924875680949962,5.080323948592681,1.7225084348712698
0.8880261905897804,5.861317223369823,37.58169079667298
1.5908443679493007,5.325966075541773,11.495472115361018
1.4400170303016122,5.573024846119957,25.905445988005827
1.2406968336638842,5.837313734607331,35.577545654106686
-0.3594276169644153,10.589525156474092,32.45837864285645
-0.726403012493774,9.849371141046078,32.036659541908186
-0.7290553221251941,8.902800269265391,32.538138317550015
0.749634063221146,6.3715952063705,40.22931925005849
0.26572909726328847,6.418447305766149,39.45436237322817
-0.5209370208738391,7.863365703798204,33.857080296126725
-0.08360103088888882,7.034691567245235,36.64094761101135
0.43524257803533534,10.612653718631268,33.940266214005156
2.890864422741844,2.4502414750336143,-1.0170100020819395
2.712719618494868,2.907024120759797,-0.7565047519167817
2.561647879925622,3.3204504078678134,-0.6070086609612045
2.584800840311222,3.7395226732065834,-0.5496648263274765
2.6061079925707626,4.089347581003686,-0.4284037202145948
2.8327097024573664,3.888655746737631,-0.4136181407725187
2.660627853417356,4.393957238903855,-0.03418742035017137
2.647457178443031,4.753340282466631,0.5939615124351293
3.207424365350427,2.0799123742860703,-1.4288434571716004
3.427082031757843,1.4865218476566455,-1.9095765257519506
3.8145699924277285,0.7238985802028122,-2.7001284723005514
3.746406128826596,-0.23510370043305823,-2.792730643991017
4.190719384913711,-1.4769547887405208,-3.309956364544631
4.2120975509393475,-0.8162089727601161,-3.411496320822727
4.984688893442098,-2.6393619333434226,-3.442596047686009
4.765293266368676,-1.9250847819844765,-3.772491802417121
5.668433764410783,-3.741805841577816,-1.3811700073449185
5.580442329460902,-3.0335395875158193,-3.4445741586937912
6.553924234410232,-4.546361360000585,3.752941560097472
7.768083065365133,-5.245330622789031,16.776967998000416
9.304398404013316,-6.3304681828549185,31.23607411430614
0.8101855608132366,11.127367916517018,34.45544703332366
0.41379310344827935,11.583293739820384,33.76054978576582
2.5776274242789996,5.079458755392315,1.718706629988647
2.281124383865839,5.254152112858562,5.0261183507835065
1.9168279123008187,5.33128665144177,9.609408196381223
1.2458153151062556,6.212467063036776,39.57054850652258
1.1539031811278804,6.614823298965193,40.61243643279673
1.7832184016218042,5.605191353815301,24.023726046893515
1.5622007389788817,5.94302408155372,36.230649452014525
0.046340799754482936,9.74237993013851,33.69444274058705
0.010200833137242148,8.663939135568917,34.4652242268427
0.645735338946931,6.99870313842323,39.18089326505747
0.3681567441653887,7.770054401382957,36.422820843078085
0.7922056056573512,9.908381534791575,34.982600514828455
1.1832019346504248,10.538167086972889,35.2977440915463
3.2839515007179942,2.724044377404994,-1.1084057409517067
3.0553832852926135,3.2007690955191364,-0.7600464669312378
2.906391162555865,3.5715115955275043,-0.5619699338020726
3.002532113950438,4.171888640892357,-0.020231698868687673
3.130794395186059,3.8627320180388405,-0.31531908179708656
3.0508121804153725,4.574181902244658,0.9897522773440014
2.975681665343648,4.926252921910052,1.8638820359360595
3.804099558745067,2.432454956446732,-1.6307395224062227
3.81705168365846,2.8588123978453983,-1.2958217047258065
3.9217929434508507,1.8975820592609103,-2.1338883252635212
4.230202812099827,1.3667408717985852,-2.758249642327035
4.440265034639335,0.28505876076522085,-3.5833061740151075
4.634700746560683,0.7938619751656428,-3.5780896095806085
4.745965748697561,-0.3308207461668162,-3.9745750813887066
4.753994976520599,-1.0608743395000286,-4.053860188373988
5.683585134782476,-2.260151135526267,-4.270998702991691
5.462645193366942,-1.4391323463473475,-4.732659755751215
6.581580642365099,-3.0890569132345713,-4.2133549118317815
7.709573640487506,-3.7905906893094095,-2.585569146590768
9.234291144704946,-4.6132752464803035,7.779145116512098
1.6116336679029024,11.14162122223995,35.78025291893107
1.2413793103448327,11.582351743593543,35.15611859884405
2.8843287192228906,5.282838070074033,5.914123549045863
2.6059031847067167,5.4911407123786375,12.984828007257436
2.206650241044471,5.620686598590693,21.376992426961355
1.3688843469603806,7.019896850696433,40.780189115283136
1.7606750025399527,6.434874852124386,40.561116158286985
2.013766455487325,5.987638420155698,34.94902023326558
0.7790532615658762,8.91494568527296,35.89152685896544
1.2256702460088786,7.8295016455677215,38.340846768332746
1.4553091169913912,9.810284340045344,36.27062322917711
2.0308676797069656,10.49856239629821,36.681546994945876
3.6096319528025846,3.1960077610049162,-0.9151212282750462
3.366020049554838,3.608027080917248,-0.5097823823658659
3.502517643255713,4.187333520524695,0.3186867155627118
3.45608353257244,4.836600167165972,2.8868303946402327
3.2755457002463997,5.237725348193649,5.417101196411951
4.318387408662787,2.2868182983524843,-2.138278325182916
4.315167970428793,2.7402242342615306,-1.6650015514438892
4.1030110130248065,3.174424264518141,-1.0354004432603718
4.610348353942395,1.8323192402047161,-2.8729697085797032
4.994918078497244,1.2008386879609239,-3.654716106464597
5.339118655029728,0.3621213742434399,-4.66390380489294
5.649774391643088,-0.6034563966043913,-4.984103068730692
6.4722884582887135,-1.4812587526911631,-5.663540957046773
7.715372550176021,-2.2664019317944915,-6.197031581503371
9.13435509161807,-3.1072568119478636,-5.783952495450962
2.4914477013439353,11.122719070804138,37.10264267487417
2.068965517241386,11.582868000465863,36.43175764427568
3.076776094039553,5.6751251286628275,19.622436327137198
2.6313265321700863,5.930028731922223,31.23666318284712
2.05843796617826,7.221581318401634,41.48230813885289
2.4537692937391236,6.463106290065471,39.946787063942736
1.8107159931764107,8.880645932370003,37.932011486088406
2.1037151644993184,8.118367505653127,39.52017201796509
2.92855839246107,10.539083217838694,37.921398185363735
2.5150552648920703,9.839499439888238,37.89550364662222
4.002386303436524,3.746622183780428,-0.24889238914403355
4.009187442974156,4.55694053501499,1.6891458482963448
3.794290455329784,5.455096175147852,11.301441797033716
4.884846091645641,2.471395528429715,-2.3907686627169054
4.779116860114326,3.326320775179867,-0.9247540686980723
5.438540553245362,1.8637095955427663,-3.7480162490582245
5.81780281790262,1.0220118893065921,-4.690646667370146
6.621573431909527,0.23506536073992307,-6.021347573667204
7.632253485069233,-0.861706046161417,-6.680969688465573
8.999732337764454,-1.4322079622349921,-7.465521359471222
3.3568168533503173,11.199949959433349,38.211740720374586
3.7654962837613013,10.54490754294317,38.93738820574158
2.8965517241379395,11.584068397687552,37.571967278902804
2.6665226891506943,7.751110831472406,41.242315844670635
3.3169823589419574,6.228863923161277,35.781011883937985
2.9414274471171606,6.975650494627602,41.72074949564492
2.785492905100932,8.771276977792628,39.6346439943292
3.3826271627230473,9.798421708002758,39.08402710381907
4.086066646021862,9.910872653787106,39.82124888078595
4.119339656504038,6.214469749378567,33.28409670365105
4.705317099545794,4.148363555673185,0.6782564929884995
4.676876808177528,5.006568049334715,6.527838374710433
4.564142776894602,5.732014043391903,19.414487233756045
5.678962838745104,2.781361174494547,-2.332580849635109
5.581823913423736,3.578622943654047,-0.5056031353237609
6.5485690011547035,1.7984606807357124,-5.041916077342599
7.8341664866933165,0.7944553023881368,-6.923384404678088
9.037694749300625,-0.016529022620310974,-7.234086519809053
4.583098209128388,10.63958241785142,39.72660159510176
4.255810438883122,11.181535300745686,39.20646839487964
3.724137931034493,11.585506041474519,38.56683178461833
3.56186979282409,7.7758658930577536,42.18462470712513
3.911470701578961,6.878378854095896,40.63300783601239
4.115104581828534,8.888946011521867,41.17979728704487
4.997059793057896,9.868228713257157,40.836768854031895
4.85054136119175,6.554220759374247,37.30576439031279
5.7938675433609905,4.4376826331566965,2.0786716975554245
5.718139236234866,5.69984113883673,19.15995656862238
6.670861393907342,3.5062360218925273,-1.6883535765828768
7.778075485679658,2.386385420785494,-5.544920789102826
9.1745739480515,1.621763460941063,-7.633392481492671
5.493055185068417,10.678248590858844,40.529755265139265
5.078069765455201,11.182652525052756,39.97530138569237
4.551724137931046,11.58736748369037,39.41545189214083
4.74708112303042,7.621532062799398,42.7412738330811
5.156084607149701,8.707770979356361,42.1193316003491
5.871401740929373,10.025649494149686,41.379779289479025
5.929414333341978,9.171834428300315,42.21016453999591
5.804834032781792,6.939540542758912,40.34262168244053
6.80966019131476,4.940357499061444,8.822005481458861
6.697892654108898,6.073739591562418,25.924756785926764
7.971485581716967,4.0853593744799594,0.7634571551823459
9.083279393862268,3.1212273731165863,-4.400204036277049
6.293426580227615,10.693025709230673,41.12657601348653
5.890374376058755,11.198511958560653,40.63338775724253
5.3793103448276005,11.589841687593156,40.133997873972035
6.12185190758497,8.059112892721993,43.14453847485005
6.747709127564499,9.866301163963854,42.08070871093968
6.714167175550304,8.83658380947394,42.95365235206276
7.075540874765427,7.019377708722896,39.69652578807369
7.926763712361922,5.833053097338794,23.401767133016822
9.352825723702715,5.042172570764815,11.992892469137972
7.141145230693997,10.708802921178156,41.62225873870821
6.705429460505984,11.210926581624381,41.17556835769309
6.206896551724153,11.593409895101683,40.73180429767066
7.538879410347029,10.053215211129565,42.33087298244616
7.43258415920858,8.170848242311774,43.267565579816335
7.591542041633811,9.287098436467602,43.0959733153638
8.382732132207305,7.452697123628899,41.88344126875109
9.46290022933332,6.676214813855382,34.66870604651809
7.929073028801856,10.628830771534684,42.00910575429779
7.516815336027076,11.225758121699727,41.59942309505694
7.0344827586207055,11.600254588405226,41.20171748928512
8.325355730131669,9.939140161778411,42.767616856503885
8.79055664700078,8.856502030148066,43.588749094962914
9.867806709927812,8.060117968874192,43.105331699383896
8.806859733003893,10.653554690908562,42.29842656512496
8.351957434847348,11.243877139894881,41.915742758939736
7.86206896551726,11.610701296170404,41.54257700302386
9.296473638106617,9.980049014511485,43.01171314627731
10.086636722198913,9.297141123207139,43.60276264262665
9.656356892712038,10.692070456789516,42.47979162066395
9.211139595062107,11.229601068872045,42.172213183041386
8.689655172413815,11.623883610215822,41.76739282931286
10.301687716652214,10.244944371970293,42.99285350478306
10.340669986937279,10.816713861425292,42.50515606568285
9.98131068651011,11.22755973304942,42.31871942484528
9.517241379310367,11.638602410012119,41.911388535206015
10.752709353746402,11.255477653505986,42.39656069004143
10.344827586206918,11.650025631297062,42.00945868935831
11.172413793103473,11.655737241939534,42.11138754172875
-12,-12,10
-11.172413793103473,-12,0
-11.999999999999998,-11.84429609648175,20
-11.172413793103473,-11.84429609648175,19.872335201921263
-1.5639003516014571,-3.541920993154436,1.0679532345570866
-1.5,-3.541920993154436,0
-1.5689705121042956,-3.2662621519829393,0.999709998442012
-1.5,-3.2662621519829393,0
-10.344827586206918,-11.839697259141458,19.498177714848712
-10.344827586206918,-12,0
-9.517241379310367,-11.834945891857902,19.44252578644216
-9.517241379310367,-12,0
-8.689655172413815,-11.830571602019791,19.791594823775267
-8.689655172413815,-12,0
-1.5768706377652764,-2.953959764505065,0.7487036417638282
-1.5,-2.953959764505065,0
-7.86206896551726,-11.826748551205911,20.418633062608265
-7.86206896551726,-12,0
-1.5877577778353458,-2.600143231008384,0.5997331117103231
-1.5,-2.600143231008384,0
-1.5984407882464127,-2.1992948837271378,0.4761187456255348
-1.5,-2.1992948837271378,0
-7.0344827586207055,-11.823496193366603,21.176674841241258
-7.0344827586207055,-12,0
-1.6077023716169614,-1.745163658792472,0.39626694591334877
-1.5,-1.745163658792472,0
-6.206896551724153,-11.820686818630685,22.056332561511372
-6.206896551724153,-12,0
-1.614122840267473,-1.2306678226299113,0.425547881299207
-1.5,-1.2306678226299113,0
-1.616801952862804,-0.647784524223316,0.5727649765748335
-1.5,-0.647784524223316,0
-1.6160244434662376,1.7763568394002505E-15,0.7777955649198495
-1.5,1.7763568394002505E-15,0
-5.3793103448276005,-11.818292427573983,23.058574756012817
-5.3793103448276005,-12,0
-1.6125824476654698,0.6477845242233196,0.5785423317367505
-1.5,0.6477845242233196,0
-1.6071360135030206,1.230667822629914,0.4180162652121012
-1.5,1.230667822629914,0
-1.6002951176940305,1.7451636587924746,0.37721154699617254
-1.5,1.7451636587924746,0
-1.5926222508285215,2.1992948837271413,0.43742165416055
-1.5,2.1992948837271413,0
-1.0132041147631696,-4.068136165791665,2.8644694896871896
-1.0132041147631696,-4,0
-4.551724137931046,-11.816347455834933,24.183196211552453
-4.551724137931046,-12,0
-3.724137931034493,-11.814795034721582,25.426410131849202
-3.724137931034493,-12,0
-1.5846168486640533,2.600143231008385,0.5503074922538828
-1.5,2.600143231008385,0
-1.5767882874296446,2.9539597645050666,0.7207650744316297
-1.5,2.9539597645050666,0
-0.7172860170652244,-4.070714186029936,-1.4382107901418408
-0.7172860170652244,-4,0
-0.3797121678946175,-4.071664355638414,-1.838858676401331
-0.3797121678946175,-4,0
-5.551115123125783E-16,-4.070852812283917,-2.1198576181750823
-5.551115123125783E-16,-4,0
-2.8965517241379395,-11.81397094706528,26.757911294579166
-2.8965517241379395,-12,0
-1.5696440816319759,3.2662621519829393,1.0145112745076266
-1.5,3.2662621519829393,0
0.3797121678946167,-4.068677991322296,-1.6813514186749963
0.3797121678946167,-4,0
0.7172860170652231,-4.065608407819546,-0.8798265430981297
0.7172860170652231,-4,0
1.0132041147631696,-4.062561069819202,-1.0591333069592819
1.0132041147631696,-4,0
-2.068965517241386,-11.814116406755431,28.135973949862485
-2.068965517241386,-12,0
-1.5642235648755731,3.541920993154436,1.0574019758636166
-1.5,3.541920993154436,0
-1.2413793103448327,-11.814730697903597,29.522401824547273
-1.2413793103448327,-12,0
-0.41379310344827935,-11.815161516050699,30.89907116187167
-0.41379310344827935,-12,0
-12.000000000000002,11.847356216086043,20
-11.172413793103448,11.84735621608604,19.84278609332773
-12,12,10
-11.172413793103448,12,0
0.41379310344827314,-11.815212693497628,32.241693957510805
0.41379310344827314,-12,0
-10.344827586206897,11.84514860336807,19.37083645872117
-10.344827586206897,12,0
1.2413793103448256,-11.81500156231405,33.510673595234366
1.2413793103448256,-12,0
-9.517241379310345,11.841417066151829,19.321527900046082
-9.517241379310345,12,0
2.0689655172413763,-11.814611320342557,34.68054855071668
2.0689655172413763,-12,0
2.896551724137929,-11.814173160952807,35.71928642609599
2.896551724137929,-12,0
-8.689655172413794,11.836633566139694,19.705895773942743
-8.689655172413794,12,0
1.5674671149661161,-3.541920993154436,-0.1415127205175127
1.5,-3.541920993154436,0
3.7241379310344813,-11.814003656360255,36.618873968665916
3.7241379310344813,-12,0
4.551724137931032,-11.814676836741254,37.34220325703052
4.551724137931032,-12,0
-7.862068965517242,11.831441937600413,20.390235559555656
-7.862068965517242,12,0
-1.0132041147631696,4.068108951903032,2.5910401797502485
-1.0132041147631696,4,0
1.573218942580168,-3.2662621519829393,-0.1253238724770256
1.5,-3.2662621519829393,0
1.58001458777232,-2.9539597645050666,-0.08581321886972007
1.5,-2.9539597645050666,0
5.3793103448275845,-11.816329997375375,37.89071311545746
5.3793103448275845,-12,0
6.206896551724136,-11.81867253136603,38.277381522140026
6.206896551724136,-12,0
-7.0344827586206895,11.826863003417476,21.186914075617235
-7.0344827586206895,12,0
-0.7172860170652231,4.07120339946976,-1.453126384490657
-0.7172860170652231,4,0
1.5874169260870417,-2.600143231008385,-0.0690058796568237
1.5,-2.600143231008385,0
7.0344827586206895,-11.820884308393696,38.5765194816424
7.0344827586206895,-12,0
7.862068965517242,-11.822474117865351,38.838320565713616
7.862068965517242,-12,0
8.689655172413794,-11.82544460361823,38.92754726001284
8.689655172413794,-12,0
-6.206896551724136,11.823258754448306,22.083715108269732
-6.206896551724136,12,0
-0.3797121678946167,4.072633176429233,-2.0228216217463415
-0.3797121678946167,4,0
5.551115123125783E-16,4.072086577791365,-2.4991131874614703
5.551115123125783E-16,4,0
1.0132041147631696,4.064328294296522,-0.47549033878832836
1.0132041147631696,4,0
0.7172860170652244,4.067161941296208,-0.5122294801963961
0.7172860170652244,4,0
0.3797121678946175,4.069995588295893,-1.745295165214843
0.3797121678946175,4,0
1.5954059218198664,-2.1992948837271413,-0.07210717499534615
1.5,-2.1992948837271413,0
1.602621653210847,-1.7451636587924746,-0.10174124167143334
1.5,-1.7451636587924746,0
9.517241379310345,-11.830681228366918,38.78922764373563
9.517241379310345,-12,0
10.344827586206897,-11.835175231677388,38.6393926742419
10.344827586206897,-12,0
11.172413793103448,-11.837422233332623,38.62777823120636
11.172413793103448,-12,0
-5.3793103448275845,11.82032580010893,23.09959076739555
-5.3793103448275845,12,0
1.5692210857826998,3.2662621519829393,-0.08283712351399425
1.5,3.2662621519829393,0
1.574839733167807,2.953959764505065,-0.06163173346538602
1.5,2.953959764505065,0
1.5636024383975924,3.541920993154436,-0.08650915294073658
1.5,3.541920993154436,0
1.5840704322582595,2.600143231008384,-0.05532482795283521
1.5,2.600143231008384,0
1.5938043238528938,2.1992948837271378,-0.04977086648235018
1.5,2.1992948837271378,0
1.602803070695438,1.745163658792472,-0.04921519945032989
1.5,1.745163658792472,0
1.6094992728817918,1.2306678226299113,-0.054255438877864326
1.5,1.2306678226299113,0
1.6128684681206733,0.647784524223316,-0.08221566273942676
1.5,0.647784524223316,0
1.6078295885957692,-1.230667822629914,-0.1599344398897813
1.5,-1.230667822629914,0
1.6103912923232258,-0.6477845242233196,-0.19875424311769593
1.5,-0.6477845242233196,0
1.6129529960506823,-1.7763568394002505E-15,-0.13285864990058774
1.5,-1.7763568394002505E-15,0
12,-12,0
12,-11.837422233332624,38.79590900272128
-4.551724137931032,11.817894073408368,24.23191876677889
-4.551724137931032,12,0
-3.7241379310344813,11.815888445911092,25.487446665777938
-3.7241379310344813,12,0
-2.896551724137929,11.814361398732451,26.84007378303543
-2.896551724137929,12,0
-2.0689655172413763,11.813380295322453,28.245283041011284
-2.0689655172413763,12,0
-1.2413793103448256,11.812611977261255,29.675332067687606
-1.2413793103448256,12,0
-0.41379310344827314,11.811607178119493,31.109352776941193
-0.41379310344827314,12,0
0.41379310344827935,11.81058806355472,32.491621123534166
0.41379310344827935,12,0
1.2413793103448327,11.810159883451611,33.75832549731882
1.2413793103448327,12,0
2.068965517241386,11.810394545666302,34.878257561175836
2.068965517241386,12,0
2.8965517241379395,11.81094018076707,35.85931056948513
2.8965517241379395,12,0
3.724137931034493,11.81159365521569,36.7161958242633
3.724137931034493,12,0
4.551724137931046,11.812439765313805,37.441415667576194
4.551724137931046,12,0
5.3793103448276005,11.813564403451434,38.03534393421708
5.3793103448276005,12,0
6.206896551724153,11.81518631595531,38.499520033958
6.206896551724153,12,0
7.0344827586207055,11.818297540184194,38.767128137840615
7.0344827586207055,12,0
7.86206896551726,11.82304604371382,38.825072423402354
7.86206896551726,12,0
8.689655172413815,11.829038004643555,38.704486356925436
8.689655172413815,12,0
9.517241379310367,11.835728368187327,38.4487215811526
9.517241379310367,12,0
10.344827586206918,11.840920741498664,38.21486432497375
10.344827586206918,12,0
11.172413793103473,11.843516928154333,38.12984994756472
11.172413793103473,12,0
12.000000000000004,11.843516928154335,38.24330486638915
12,12,0
