% Model,24.mph
% Version,COMSOL 5.4.0.295
% Date,"Nov 10 2020, 00:32"
% Dimension,2
% Nodes,1188
% Expressions,1
% Description,표면
% x,y,Color
-12.000000000000002,-11.324383648000206,2.5181545213736516E-14
-12,-11.660300659882354,-1.388566226450688E-13
-11.427633035072967,-11.37140169115138,0.284218906803422
-12,-10.68308289385882,-2.7699278816201485E-14
-11.274366837980777,-10.857586584195293,0.14244579728240656
-12,-9.84888970577801,0
-11.210569873050078,-9.988409312130333,-0.010039405693687541
-12,-8.668826331924343,0
-11.015527006171967,-8.772831650210108,-0.1413394873728453
-12,-7.2009646614598575,0
-10.931606448354314,-7.265727656524516,-0.2600095083085834
-12,-5.414789156152124,0
-10.899160429645349,-5.7162498735686,-0.3444628612227578
-10.8196648064417,-4.409714800287302,-0.4092442772486487
-12,-3.75370102056074,0
-10.802928180393085,-3.1382352407652743,-0.3844192045478581
-12,-2.334355235132299,0
-10.745545216875371,-1.835919753777437,-0.30405185028491394
-12,-1.0156249682545182,0
-12,11.30272470581344,0
-11.425207011837195,11.363283857450497,-0.2936655124596482
-12,11.664769701614134,0
-10.741402965765626,-0.4667084429132775,-0.14686905015643237
-12,0.2448868357207985,0
-12,10.652288890016525,0
-11.315513785120434,10.837417530444108,-0.14814743581438441
-12,1.64742348888565,0
-10.806389725137825,1.039999097182876,0.02160735812197953
-12,9.669433061257308,0
-11.233688211333998,9.941427991988903,-0.010857779604328854
-12,8.353291209781784,0
-10.990331421056448,8.614603529860643,0.09874518330823717
-10.599427279334828,2.4260909907572117,0.16860880504120582
-12,3.225061700979321,0
-10.679318454434918,3.9493016512723527,0.254465768566345
-12,5.025882996051255,0
-10.787743175938271,5.591478550786337,0.24634832684525745
-12,6.824365710702956,0
-10.790772264579141,7.002992704260371,0.2053196665760452
12,-11.279039117829893,0.23555410718001335
11.400692225046066,-11.355399786280065,0.23947955099471865
11.999999999999998,-11.650083710624438,0.09101271238958734
12,-10.601094957817448,0.5020507673951174
11.28762292631653,-10.889498560840524,0.3973028081817247
12,-9.568537297322578,0.8658577265862554
11.083540119493362,-10.08985074253739,0.6751185892601183
12,-8.535979636827705,1.2115072868637935
10.885206869890723,-8.920974774161621,1.083500169713255
10.84425368057372,-7.502311239845551,1.6951683105739341
12,-6.915848601163049,1.9865555594642832
10.720713564477233,-5.8296293722563375,2.676179950320368
12,-5.010185275950988,3.2680791177028925
10.611609938275572,-4.139409141792473,4.032458252277244
12,-3.227437752151065,4.84519846598992
12,-1.7202386383924413,5.654982569632043
10.707377527088635,-2.5415293037740887,4.93155039445261
12,-0.30319147866543084,3.9458883778550704
10.773944724588825,-0.9794420381233241,3.720412441005147
12.000000000000002,1.0635341971193633,-3.996103571996015
10.79082498024705,0.44979878070400736,-0.2962682719296259
11.999999999999998,2.4014714447696934,-4.586327967811245
10.807059777763442,1.6874291255233427,-3.7223796584746833
12,3.7734736870901706,-3.351589801148988
10.714653557997455,3.0729074311441225,-3.9144457888018187
12,5.210409600467115,-2.1954481116618187
10.708334058109923,4.287478559168277,-2.892568540945334
10.814304248512565,5.735630490426143,-1.8662415280985447
12,6.829777183707382,-1.344274887827802
10.901151185483311,7.424744738850121,-1.137126986831768
12,8.539704856621398,-0.8360754135262689
12,9.58206379323688,-0.5269669708380316
11.004179076171985,8.761260417440775,-0.7218160964937521
12,10.624422729852359,-0.2879487675146168
11.143291957716109,9.953695336364357,-0.42183151612934694
11.999999999999998,11.2944726957847,-0.1289347144905846
11.279461128282428,10.835732280378426,-0.24099746191081145
12.000000000000002,11.658542756542603,-0.04873506392523023
11.45701975433252,11.355931300794605,-0.12988178476001683
-10.789732322898113,-11.284295781477985,0.36177311271561297
-11.172413793103473,-11.660300659882346,0.5958413295675745
-10.344827586206918,-11.649844800197005,0.36761365170761867
-10.031967592785525,-11.255457363509237,0.18186538123519871
-9.517241379310367,-11.63905466107303,0.08167601646180969
-10.416386282751093,-10.844570403424433,0.1480519866701579
-9.265189616716418,-11.270485016553906,0.005172785404544259
-8.689655172413815,-11.629191474095173,-0.02590349751866249
-8.42564308420771,-11.257395828458485,-0.09486451106849293
-7.86206896551726,-11.620105600156789,-0.0656584819202424
-3.2276715899218793,-1.979089275251078,-16.854985501064387
-3.1251346514411056,-1.925745290543658,-18.96959693147698
-3.2510523977553127,-1.8306723040639348,-16.960290260128204
-3.066864185891494,-2.049483671436998,-18.328654052713528
-3.2356324813541697,-2.1389831223835705,-15.283455110369845
-2.991312177568133,-1.9701640326647571,-18.872985115502726
-9.715756475318772,-10.70597001084513,-0.0012146138497766022
-10.361496536177365,-10.160222883508105,-0.028121462383694534
-8.853080720577543,-10.688390155340747,-0.14901844496055458
-7.630219480597681,-11.273225161629444,-0.14557385340094695
-7.0344827586207055,-11.611167589917162,-0.08238324255668408
-7.974837970850345,-10.72731387778985,-0.24385531171900063
-3.381710462902975,-1.8782508699252223,-14.33754835956942
-3.4165670931778593,-1.7221566357245186,-13.240277063633728
-3.4202873276620838,-2.0125977740652488,-13.475434980782444
-3.463815033066144,-2.2116954683544234,-12.283327700061209
-3.4973893403093115,-1.5866105183092487,-10.930699875786924
-3.6313100827640117,-1.6604944242837842,-9.971479680443842
-3.1223639301272548,-1.8026976674136257,-19.206642315731667
-3.258744727526792,-1.7032630010986747,-16.148580371610635
-3.3580962083326447,-1.5905352693387813,-13.016761995973281
-3.268091024305181,-2.333774345270873,-13.256674751524121
-3.540223317310444,-2.46581417858797,-10.71901092769412
-3.0533292034390285,-2.2733084422950403,-15.340142577657444
-2.9115457489309104,-2.1800826913638542,-16.792010247589904
-2.8121783641407143,-2.113408797399061,-15.38728184853058
-3.3355220227606206,-2.607001635755407,-11.096179546334197
-3.5805754711231543,-2.699641069109471,-9.598003779590263
-6.779212433377549,-11.257180834651317,-0.18505337879003245
-6.206896551724153,-11.602570697525794,-0.09568136541380876
-9.36641810290469,-10.016694242734358,-0.20138012658445067
-10.146988673987034,-9.186236473585039,-0.22311052483794078
-8.269585253058974,-10.006524775246532,-0.37764945030835934
-7.16919674108743,-10.735429489321767,-0.312138589013949
-7.553320986843252,-10.13081598813719,-0.44112969280111913
-9.795517544791116,-7.896220742203684,-0.48224928495577984
-3.803629318890615,-2.6103762855911707,-8.845406927379784
-3.783905837361025,-2.307198227417712,-9.553775222399006
-3.5966205791879235,-1.8482239087980545,-11.214024533280114
-3.6819139369627347,-2.046083868660184,-10.557542449364279
-3.7913077429832587,-1.7272181745602724,-8.910640521569668
-3.8094330300399144,-1.5962445903005669,-8.116976138538073
-3.459711862705193,-1.4576295207255245,-9.816203510836132
-3.671822832624657,-1.5105452189774846,-8.46936624422495
-3.204860798519326,-1.6071115686501751,-15.719001577329086
-3.3113034277573856,-1.466440371524547,-11.649614587948758
-3.3772593733063196,-1.3228279784473824,-8.384849248379583
-3.0902617958661747,-2.527415689936822,-12.6155706670316
-2.877234083348589,-2.376622396614073,-14.515408705759105
-2.6683564791975054,-2.2975088077731955,-13.80942014848503
-2.5809888435146826,-2.2244264652675163,-10.32169444297806
-3.7519433269184033,-2.94080564903264,-8.271168998471834
-3.432202951265901,-2.90302766887235,-9.332107539321852
-3.1462212994025704,-2.8246812512110684,-10.487427137173919
-5.953943793610114,-11.240719398079833,-0.2236269943793777
-5.3793103448276005,-11.595105729851648,-0.11193707636872174
-6.342923992448372,-10.659551040254975,-0.3994900818664579
-8.714107285647149,-8.873314114153922,-0.5434461346527679
-7.577445027736341,-9.323103465797464,-0.6622582680975361
-6.786963028590544,-9.946529356114569,-0.5882776284039958
-4.0784377968291485,-2.839793239538675,-7.42426926321052
-8.434024831406767,-7.475877771425619,-0.9250243179436791
-9.537307245932244,-6.443213728948158,-0.7436804176697955
-3.5423253073254797,-1.2812461855601458,-6.94265520419995
-4.106130584270381,-2.4554268492645903,-7.712256335458136
-4.025472665783726,-2.11807429076828,-8.102080745773053
-3.873141272449958,-1.890230732086289,-8.74066985821072
-4.041329489045982,-1.6587533083664117,-6.9526488095937555
-3.902687112600261,-1.4341064776241348,-6.533526221005395
-3.6765789052166857,-1.3581558465812282,-6.972054871793103
-3.4901090950634974,-1.1281897762717676,-5.154992101778281
-3.2397454977517786,-1.3800551072083649,-9.93976029385837
-3.3649492309606392,-1.039861987011593,-3.7785997724289997
-3.327776131747938,-1.1980529168091176,-6.323479271069744
-2.8690408142243293,-2.626821381619395,-12.100249257153829
-2.6291295241318484,-2.50543668565995,-12.64135386355724
-2.408678450569547,-2.3939876739851247,-10.526944539616382
-2.3032461507599336,-2.2992212620592656,-5.754893436034342
-3.9827031360351364,-3.285424974157148,-6.909766364389218
-4.296967448799625,-3.197473140919821,-6.316330434641679
-3.5490961699514685,-3.263552972443974,-7.849000942414475
-3.211707844191054,-3.166624515087068,-8.777848243644579
-2.8740790427070353,-2.9778196238790513,-9.934243129297192
-5.097384457102578,-11.191120305793307,-0.2699565426196489
-4.551724137931046,-11.589358829587244,-0.12510816264548924
-5.492765673026465,-10.641915274014103,-0.4604573738786218
-5.929640892865603,-10.088521383239938,-0.6352107258205982
-7.408771565645118,-8.208541328084756,-1.0217662806666648
-6.8059209961809195,-8.858025620815829,-0.9462979449721015
-6.067051094013191,-9.253315076526773,-0.9400569696001547
-7.145476334383121,-6.944808876291603,-1.5254375157624376
-4.498885128822072,-2.9662937819562782,-6.027113708613818
-4.58099755107439,-3.2780711477614055,-5.597674283850892
-4.4994034771997615,-2.6265090134107143,-6.189635159402361
-8.119627592247378,-6.009612858534003,-1.3559165387862688
-9.430685993472743,-5.236478101714331,-0.9061905415866437
-3.707967300335702,-1.1394278057748266,-4.853539775770553
-4.398201455668827,-2.192496049696374,-6.4129615452792725
-4.2704224893507305,-1.8840107479136814,-6.463000209391027
-4.3959814819217815,-1.6352214074793685,-5.329417902329599
-4.200285657520602,-1.3568023109101635,-4.960448817524889
-3.9651682152752477,-1.1875525400083413,-4.56178000052097
-3.5046969993006454,-0.8906164551992704,-2.3601425750114626
-3.6810414718537747,-0.9547554718654938,-3.2001990898715746
-3.2820583342263063,-0.864342296226163,-1.386498553764176
-3.2187103519755498,-1.1235273255625704,-4.450137273190898
-2.5968584431801354,-2.7475343512912866,-10.960251141409811
-2.354608874270985,-2.5901455026766254,-10.75668972430359
-2.095526498459286,-2.4597350872735215,-7.170306452783826
-1.9820337147135982,-2.3364334567499814,-2.788732967022022
-4.3885846326663565,-3.7296633889667667,-5.496613483525521
-4.982695491736974,-3.513817662975947,-4.716307439545241
-5.058191519062024,-4.047680915985912,-4.210786513296756
-2.551425085927329,-3.100349421309265,-9.137560027876837
-3.712272507735679,-3.6422163777352563,-6.654586724370955
-3.2262091287489114,-3.5985758055874375,-7.336220446171297
-2.8868419394224696,-3.374822612107812,-8.245431888214533
-4.236450559858113,-11.133665503737236,-0.3171524661820286
-3.724137931034493,-11.585758949614437,-0.13467334580619678
-4.769195438577855,-10.644553576810695,-0.5032541537295447
-5.188577110759111,-9.744962903255951,-0.8406662344913058
-6.125748102038589,-8.015333183576768,-1.4277805505408716
-5.352166722350771,-8.792463568906445,-1.2514691620472431
-5.881418415602161,-7.071668343194505,-1.9156081353013765
-6.06381866575687,-6.1454021090566995,-2.283163047833828
-6.9924339914772675,-5.3457409318955476,-2.0725764868136767
-6.01414382223279,-5.289514162546171,-2.69487680958025
-6.319223409587107,-4.590075199183192,-2.721448486730711
-4.927947442905031,-2.91018077434624,-5.0310295116290975
-4.897553164795921,-2.339868982433023,-4.952658209149273
-5.524978866091476,-3.6172073243139082,-3.8189486947442606
-5.712584440757888,-4.153700845209975,-3.4270916232899644
-5.456378512632979,-3.0927802629441414,-4.002628702719602
-6.161740651530849,-3.8618739393345036,-3.0367284389142974
-8.208603718234233,-4.56033930779997,-1.5046529196225793
-9.351533399254816,-3.7886461124259103,-0.9547162468102641
-3.9476767810127935,-0.9229685539657017,-2.8471838226478066
-4.750405859289851,-1.9067907568914584,-4.858349116143269
-5.212165017186535,-2.027099828713661,-3.9466176757502267
-4.563945387278264,-1.3159581319323925,-3.8435389693491153
-4.759374039613341,-1.5382998860112598,-4.0650623903735355
-4.354667842050292,-1.0417996801735228,-3.1725711813941144
-4.702496583723348,-1.0709503560431242,-2.799936863254937
-3.279298879086679,-0.7143004886916771,0.35269332562360295
-3.4628644265457087,-0.7127048291660566,-0.511741886472369
-3.719708492975232,-0.7448697317608409,-1.487118527739639
-3.139198489698122,-0.8454519848108539,0.05667082893721188
-2.2569653140759938,-2.886365869166916,-9.524882968273651
-2.0033238501861517,-2.6908128470053794,-8.605772802051215
-1.7318786388416554,-2.4900428483159263,-4.380338747377251
-1.6179518642186894,-2.3343697497261946,-1.5348776295035416
-2.1428214089069004,-3.285628366380878,-7.956356005287751
-3.4018229124428903,-11.13668445795384,-0.3306208008322656
-2.8965517241379395,-11.584572492283831,-0.14250512132236764
-5.399086508665409,-4.707138013524813,-3.4462515207909132
-4.5691192866395705,-4.406332547419753,-4.492873187662238
-3.9560113492448257,-4.173027891307587,-5.448418904074185
-2.46647673768637,-3.548405743111333,-7.533061466391952
-3.3439745283944147,-4.064332168124174,-6.171702702908406
-2.8314992550550877,-3.8792129872902703,-6.7831689604521594
-3.8744384820598143,-10.654516902663902,-0.5340087581947798
-4.379262003323394,-9.972299795231832,-0.8117260715230575
-4.44996760512765,-9.07772462126273,-1.2311683235168216
-5.239636215612945,-5.527568783952142,-3.0632777973487357
-4.933117492013292,-7.90214929355627,-1.7765012623025602
-4.925817664270818,-6.681434114301855,-2.451526774208672
-7.076144397899372,-3.8804340098571974,-2.2363115966474942
-5.54764023130716,-2.4838957260411183,-3.674414412656389
-6.1757721433184,-3.0679523181082455,-2.9938118560171523
-8.111291666914946,-3.2153896280260756,-1.5016699673867608
-9.397540231966822,-2.549368550033076,-0.8077357602792993
-3.977489303123873,-0.6047557599117844,-0.9352777959971377
-4.320243089460953,-0.7132864859349448,-1.6542910055667426
-5.140903274495693,-1.591518939832395,-3.4137942816477733
-5.643992135790566,-1.8019998573379474,-2.9824882618715147
-4.952157209375036,-1.2511787774645324,-2.9967036329123027
-4.654467905772672,-0.8025037706214574,-1.9575193738159278
-4.987244574140474,-0.9433114200237147,-2.1755370770255804
-3.1616740829912184,-0.5732763312994863,2.3830676192102582
-3.37719776321899,-0.5374481750844984,1.319563340211974
-3.6624421123346576,-0.5399243456169838,0.11871150077067451
-3.0056233254527376,-0.5498193786706715,4.137827754899674
-3.125514903398238,-0.3954847200493852,3.9630654798131815
-3.8873443235422824,-0.31560736893697705,0.7253466821906204
-1.8773946805242483,-3.007887419779011,-8.22947062419419
-1.6146692999818812,-2.724966040308621,-6.433636157364319
-1.3247626118602016,-2.4759029241567094,-2.4378801155916747
-1.210036574510299,-2.2893711639690824,-1.2235696779081442
-2.015637694133004,-3.760220026775804,-6.6246717044162695
-1.702100361585806,-3.416875696343184,-7.060496734609848
-2.5459090539752913,-11.1453788787465,-0.3364648133000598
-2.068965517241386,-11.585992523613495,-0.14565424944977148
-3.0386658163849147,-10.560827033607431,-0.5941293310719377
-1.6447667990734536,-11.139396179816954,-0.32691890263275775
-1.2413793103448327,-11.589482035136802,-0.13865593580421906
-4.531171837096959,-5.162819999360933,-3.826814528189306
-3.97783403161103,-4.815199187412583,-4.556623448980613
-3.421008572723629,-4.696192716242648,-5.039112694665284
-2.3751736190568273,-4.120901019837267,-6.155636066958106
-2.8543166800841413,-4.4236640797323385,-5.654139465456276
-1.8905545753425457,-4.320161113871567,-5.528061533052455
-3.5619173454629887,-9.835882015914096,-0.9178591476886375
-3.773133711577979,-8.654043813929917,-1.524516794711188
-4.2875516068301796,-6.056659523054641,-3.147200148535504
-4.048964768510942,-7.240548045245604,-2.3330446921987567
-11.172413793103448,11.664769701614128,-0.5978740071650144
-7.130417144251181,-2.5045667890729764,-1.9682591358798367
-6.325551088979874,-2.054842016333319,-2.450293005620488
-6.207554508600081,-1.3629366256645714,-1.9434803269455874
-8.121447947945134,-1.8161205710083193,-1.1456926803765566
-9.32036510051113,-1.194895035454209,-0.5422828823064921
-4.287029338665367,-0.36808530166923054,-0.16031480866720735
-4.619523506345908,-0.5041029351750026,-0.9104504943848182
-5.5273253857188305,-1.0237445325755115,-1.9666658313416951
-5.0744235748208615,-0.5690438991296574,-1.1526278737842957
-3.288256357312583,-0.3743048696291789,2.952616146234725
-3.5500483646018615,-0.32416020884174535,1.8873148936149355
-3.0067993180388104,-0.25651257365129715,5.598081090276813
-3.1949543030116634,-0.23099378243195554,4.339165651024333
-2.8197703452976666,-0.23669309392704746,7.5509422460109645
-2.919287312397992,-0.05819849972014367,6.949038704960759
-3.78518378619337,-0.07947026268028258,2.083594683296331
-4.2042394179319444,0.04205456308111118,1.3713619115557039
-1.4218567331201493,-3.059821582199256,-6.85705921450885
-1.1703542741676534,-2.7296483817430173,-4.296509260124281
-0.869737094659724,-2.415042375098561,-1.383556341062726
-0.7569545782995042,-2.194905780624854,-1.367545194465441
-0.8027067631852433,-11.14613559713235,-0.30643893736987754
-0.41379310344827935,-11.593237807040172,-0.12622878569523405
-1.5188184909476659,-3.9415571434195873,-5.819500373409233
-1.2088478461960568,-3.5261562191776505,-6.174661058319578
-2.1036382938476677,-10.644170574696519,-0.5518806914338089
-2.7442688105208344,-9.948329371669733,-0.8855812658595831
-1.1975640534927277,-10.643747086084613,-0.5313020198414861
-3.602066295775656,-5.509360442958469,-3.9472621620157002
-2.842200590508181,-5.139036026365363,-4.541877395916246
-2.3499779744926985,-4.762016725190292,-5.044062569844812
-1.442150942098591,-4.487423162540064,-4.969787720807026
-1.8612958773854837,-4.869774545210902,-4.736765151603621
-2.808788417243946,-9.084172088258955,-1.3292495541153355
-2.9891965554121094,-7.932084577573916,-2.0063580439146165
-3.3726758176725693,-6.575312183135282,-2.9703977051717314
-10.767474910186113,11.311547673255289,-0.36764874864603697
-10.344827586206897,11.660593815410861,-0.3552927961667646
-7.084201769779876,-1.3248271983912703,-1.378404759796398
-6.282559192007043,-0.6352078485639763,-1.0229476158926578
-8.146991783056915,-0.5016211240757257,-0.5421886443107274
-9.535781760144442,0.26901728243630485,-0.11596878802864463
-4.761453623009688,-0.0675952185197223,0.18008301133705773
-5.547177847357457,-0.16572562387740983,-0.4132562929681863
-4.547041557249465,0.4031115885762646,1.566883591271449
-3.4272986809089185,-0.08419674278008189,3.6261681480702768
-3.1246937292047794,-0.022792629164254542,5.502358140493651
-2.9629888008964618,0.2002111045725247,7.060541117777328
-2.7214053729511525,0.15546163530468604,8.673854945977801
-2.577224159584592,0.09372615476895166,9.997484441064374
-3.7484207793680695,0.247698002641889,3.2370962511765327
-4.157717722144357,0.5431339601711741,2.6334427296966574
-0.9135034501097138,-3.103755601381615,-5.376721794609097
-0.6587468681767213,-2.699540993375549,-2.548694274135546
-0.4009922113709791,-2.3224149657324893,-1.3457003329499353
-0.25849059226531335,-2.0407166215106187,-1.5623435242631458
0.004417412719262603,-11.14405132021407,-0.2745145805828381
0.41379310344827314,-11.595719546123874,-0.1051051115571334
0.8065553013443924,-11.158579161577316,-0.23299453084244945
1.2413793103448256,-11.596820750484216,-0.08255842320898968
-0.3940401588245259,-10.680263351134366,-0.4734814826571978
-0.9873888990491506,-4.162512531147923,-5.038697655362696
-0.6077496116778928,-3.640016320387468,-5.19283480777257
-0.9632401382120899,-4.798151545506064,-4.272508794219081
-1.8110736689751625,-9.768127051263477,-0.9636729612365774
-0.8737472536495421,-9.908990405725438,-0.834906330429758
-2.5950489208082126,-5.93639070342756,-3.630212559327592
-2.0531100649189797,-5.460624751000912,-4.061980041911439
-1.4706412931903678,-5.224980389333225,-4.115946588376853
-1.9301885984047868,-8.448255989076031,-1.6689533073824763
-2.335697526479551,-6.990602853563045,-2.6877656718251735
-9.929357694712046,11.29595999597417,-0.17515446308857044
-9.517241379310345,11.653222994270171,-0.08874393618382626
-10.202081488077917,10.757550495459244,-0.1304068820312073
-9.079053642013788,11.246790416299957,-9.689387182216274E-4
-8.689655172413794,11.6436441154743,0.010317385824668481
-10.263928119301092,10.03249022581267,0.018669203042704665
-7.111895662290633,-0.05271006563418903,-0.35128182121325763
-6.2724911937291665,0.3194200891096691,0.1427941984895544
-5.673148441288814,0.4283515746653679,0.4772852743824313
-9.435705617520004,1.5181723061600918,0.1826828052718856
-8.240647410051375,0.8435511876855936,0.1092491811279822
-5.113214001769454,0.539492710035002,1.1063908384087995
-4.598720892164769,0.8657399848457601,2.238881968936337
-5.790584660025648,1.043932012000605,1.1131482429524004
-3.2811871940959425,0.33179371476582425,5.460933853434214
-2.897486308516474,0.449599356878492,7.672968937791104
-2.529816595800687,0.44548095095145684,9.791575481226644
-2.270253506283558,0.43902807645715625,11.47675434495964
-4.186094731682395,0.9804556579034275,3.219596537828834
-3.634897874933885,0.7328727832935888,4.49923975882639
0.10246362922188851,-2.1698987788923154,-1.3086617727031713
0.28356999812442185,-1.8149077094389623,-1.8098395663459577
-0.3447200163039412,-3.1015540845611764,-3.739828645134367
-0.12833330520123357,-2.577396556966446,-1.6456596020834835
0.41669609698095855,-10.690372458276357,-0.4190905758963375
1.60858838419977,-11.161008917352076,-0.1889511616961731
2.0689655172413763,-11.597034804221511,-0.06321368664291005
1.0835720670201665,-10.676866173646193,-0.3750993165233773
2.437089007641393,-11.133603593974152,-0.14847402707489452
2.896551724137929,-11.596874516598554,-0.043257537409948824
-0.07322970604455387,-9.859056912482716,-0.7866395047962538
0.022946846604519566,-3.7012008055200187,-4.181755102231588
-1.005050379134905,-5.463230651371283,-3.6498536324854394
-0.33106516423385357,-4.44956522676393,-4.221737768900471
-0.5158907540318255,-5.10377257010068,-3.690125806227422
-0.7853572518196262,-8.941396548868033,-1.3015668956550817
-1.4721571848562665,-6.221298121708831,-3.1592781300648225
-1.134214911310464,-7.610808393656034,-2.1073070316802336
-8.360908358252884,11.279985309048886,0.05830310250106507
-7.862068965517242,11.633806161260022,0.04284834223740449
-9.34418864833749,10.72427189000355,0.014200096339125655
-9.602503821401005,10.262558562386273,0.04648149408262552
-8.64344864964684,10.802601098149253,0.09610327491326345
-7.542423614785534,11.232591442078812,0.10960549471178181
-7.0344827586206895,11.62534679281693,0.05906513029811548
-10.166753738644102,8.997136637911419,0.1514680994636897
-9.479936401141384,9.612169512360001,0.15970501686196803
-9.782073705649582,7.804097572544067,0.3344228382412124
-9.206337654899878,2.997142907892404,0.5017223823376681
-9.409472426947563,4.639891308882039,0.5652387008035628
-9.422614159707889,6.106523910846667,0.5294717152694953
-6.799672268979332,1.2746730392331946,0.7401572902429072
-7.828993929416872,2.1195654542954694,0.7236834294148967
-4.456267344046323,1.3038502011605249,3.020794893846173
-5.077468400650702,1.3992231346188653,2.117104478292191
-5.77537347117769,1.9593668611665531,1.7432264920211484
-3.1749777176819562,0.8078374569657307,6.38861288015675
-2.171024611434776,0.833644458791685,10.918787241914266
-1.889575456042314,0.7939707407761147,12.34612726086102
-2.657234039733944,0.7909539742500377,8.785291073340927
-3.9732809499142556,1.4066745420268258,4.1015247913476225
-3.4555217079641904,1.3254902923226504,5.445942761942162
0.674420507602926,-1.9145208570768844,-1.6213948979961577
0.8682469132897245,-1.5038477562224222,-2.2074436889310576
0.47597742125901304,-2.410771359774917,-1.2820460183304212
0.1984266218162062,-2.9785560588803053,-2.387779490184519
1.799835720257242,-1.1804941031285596,-3.0191431669056805
1.8803180455746853,-0.7841343043382512,-3.0763019806225063
1.4192629210708045,-1.1421552752197308,-2.7302942364859
1.2776725165484002,-1.5666201516218443,-2.368651286717776
3.2952433039394884,-11.156176254506468,-0.09361275346184071
3.7241379310344813,-11.597018719200461,-0.0229926037467629
4.113292410926276,-11.149220550524994,-0.04047660088621668
4.551724137931032,-11.597708136117417,0.004160775820490653
0.8148270204367734,-9.890027935169753,-0.6736656377587494
1.9832647499889413,-10.64387877315754,-0.3040705978593637
1.5169996850966427,-10.063077504107007,-0.5283263504900029
2.769920366340853,-10.646648298008776,-0.2287976441691182
0.651416498340488,-3.4755949508369577,-2.984061525390467
0.38224331060863914,-9.043290775722351,-1.0731314420763114
0.46287726925181416,-4.403302903336573,-3.6539397923517627
-0.5348158890325141,-5.880048291815403,-3.081438912188421
0.1230049387271463,-5.256437950433072,-3.205172138778328
-0.09888669825218797,-7.922402233638283,-1.7090912595311998
-0.41280946367917065,-6.782373882075014,-2.432147591596746
4.9517200066677995,-11.138867624865583,0.015296228157478073
5.3793103448275845,-11.598993332704952,0.03278287794254595
5.86496501367596,-11.193837864130192,0.07798460917708505
6.206896551724136,-11.6018018196174,0.06392168560154167
6.7123682688622335,-11.201567314710635,0.1301286541760982
7.0344827586206895,-11.60543508806236,0.09271745037252618
-7.964556468982415,10.703069105729623,0.1749641325190565
-8.64465045141524,10.030112145512314,0.20668026747876975
-7.094706824155669,10.670224684916306,0.24813318938356235
-6.7046173668973,11.211138263293444,0.15182612800848816
-6.206896551724136,11.617960394142726,0.07184155064182582
-8.764371957952378,8.78441155796717,0.3804365771887613
-8.564160917722534,7.314837288448061,0.6293837754078617
-7.89122383900769,3.6186429034015175,0.9789707408954785
-8.00676114469643,5.381924214914655,0.9631817882653149
-6.590158140010719,2.8861845762098413,1.4811364401434521
-4.4530289632664175,1.8131374079780855,3.3484584958109287
-5.015115515795212,2.1099061810987454,2.6441104702485196
-5.3270437080016215,2.7836406206284803,2.421204402552552
-2.873253180657607,1.2532344123152435,7.411941158893302
-1.7263333950525483,1.2240112809087447,11.474742559735935
-1.4262505607611056,1.1515877941592292,12.622881191278504
-2.2837398188856297,1.2519976103112842,9.585681085221523
-3.8180587892952187,2.0227992033011524,4.552003364580968
-3.14852253332765,1.934181903216455,6.074355489640753
3.3175060533966176,1.1990079700996596,2.5447546352029864
3.2363102241192316,1.3793915031666955,3.288171803238171
3.210583345018922,1.123306583895885,2.2094709088102964
3.322013880486816,1.0525408632956939,1.942264240794994
3.281034530264905,0.8513700778145811,1.1818114187586877
3.1289800405836687,0.8468044106409366,0.913536656918721
2.2185928927103187,-0.7899933491234276,-3.244221470331468
2.2573469533540056,-0.42830706720106637,-2.9997993188936545
3.156391125834085,0.5777282897687288,0.04592028473904925
2.995686496919458,0.5527153604265889,-0.32330088933506745
3.1042889812183647,0.3697884429827277,-0.6724301320234426
3.2816488221150535,0.6942959428355355,0.5645867301927309
2.922119184421511,0.20002434472467628,-1.4138000886302817
2.8096209302117128,0.2413214181733877,-1.5138227652368637
2.74985015165344,-0.10611348919241903,-2.336132523845178
2.5654942993786256,-0.08630321826638351,-2.4621258635960115
2.5231714945788246,-0.43001979662729767,-2.9842732309240536
1.1406691480219455,-2.099064841821296,-1.539292677438339
0.9477768181948246,-2.780728401142626,-1.3753089566069419
2.275218322800016,-1.2041900411837336,-3.1292516723475896
1.7842778944588946,-1.673772766523265,-2.6032839884429078
1.4186485637333925,-3.2985529919237444,-1.8015352609819784
4.420468527274749,-10.66384567853384,-0.05269235935462784
3.7026707036961977,-10.651806100228496,-0.12562910319176288
1.397599000583866,-9.262958777368429,-0.7974098576030939
2.375342908777622,-9.781790485344468,-0.4724662746506415
3.169581982575087,-9.94982208549919,-0.3027050997861941
1.2448264244492415,-4.202175947614186,-2.9657068495004513
1.1522643895915603,-8.25122446255194,-1.2394414234059756
1.019779857307315,-5.138631332055734,-2.822161311996151
0.4542332089387081,-5.979981988721685,-2.5502582888431102
0.7355770581161918,-7.006417603130775,-1.8908353127574824
5.380559605371197,-10.629600187182099,0.056595779875600626
6.262289832452628,-10.58233473697679,0.1470280619339509
7.578856368265918,-11.243981840967368,0.1771021262694776
7.862068965517242,-11.609890860257721,0.11537275364120832
7.149562650946915,-10.638038780732352,0.2406610791937097
8.38739883688958,-11.25375152966279,0.21166751470406323
8.689655172413794,-11.618965106408778,0.12467754872775572
9.21187673770414,-11.278241891126989,0.2318284452146789
9.517241379310345,-11.6327736850177,0.12980654527190177
-7.435835123677754,10.079491027439882,0.3391125333093987
-7.822123290805695,9.200627555839922,0.45870008996509276
-6.626003076246369,10.118291293569598,0.4193444810152953
-6.294805294344635,10.676766977386484,0.30309979756597333
-5.889368840828458,11.238965348539146,0.1773356955560023
-5.3793103448275845,11.61056884698481,0.08819685162986877
-5.013618981322489,11.193084124550504,0.2244353686267865
-4.551724137931032,11.603693305417792,0.10631856224148242
-7.6159027628547475,8.153461940056618,0.7036726059668269
-7.064895165147215,6.601391856080554,1.1416224106056074
-6.608029116891896,4.699991969476693,1.5739306854024646
-5.5997017327871905,3.85508755610236,2.228833135612062
-4.3779827798967945,2.6363711856624006,3.590514134932259
-4.805430119552452,3.4662037789439246,2.9725027159733424
-1.2112786663030097,1.5880806949513768,11.549816144215475
-0.8689314859606474,1.5050334708056126,12.333738727102382
-2.480867731054543,1.7149305381074174,8.084587050175328
-1.7937259553803573,1.695210997494577,9.930491105165858
-3.599319075087176,2.616814597293213,4.799149636709212
-2.668891105734337,2.422808494712724,6.593389701742516
2.912915854893912,2.1767164368609446,0.6144380781329589
2.8161625215445576,2.1180569667652485,0.954555997737588
2.9986325821770903,1.9762646514842843,2.084320239713975
3.0539616711526483,2.0760818853232483,1.5825087666017243
3.3905274471855207,1.3090821663190457,2.858347739374979
3.31838692497451,1.4657297275960197,3.4306339593282695
3.207831380670332,1.6082197707022352,3.669532285071733
3.1577971957895676,1.965194516428908,2.382463559662945
3.130333119348762,1.8072986819902155,3.161184681108556
3.3541229806634942,1.5849225224600787,3.4957917797933233
3.2558151161665725,1.710799043049088,3.537314302987002
3.259073504290077,1.8329016211056004,3.1535488071947237
3.479794655079798,0.9083752053719366,1.4288814585216947
3.4611254715634283,1.11355560007526,2.1068009025423216
3.451207023727548,0.7139306738829791,0.7605632663699136
2.632822936705741,-0.8068688612803819,-3.219678757448228
3.15024818868386,0.18293544362620923,-1.1822115179020523
3.2986985451008533,0.3382610489646467,-0.5533439426913792
3.408079224927628,0.5155175226703608,0.08602871474320471
3.046492071769052,-0.028175564213705408,-1.879622678921591
2.8843921739687954,-0.4159569875437726,-2.767683847020402
2.8102899852764978,-1.1810075131903746,-3.068417114066058
1.801522655997903,-2.421830203618538,-1.4171749243357394
2.407355686171956,-1.7838940862338017,-2.3402729398507973
1.9091414499772708,-3.941398279404635,-2.2348482604629445
2.244600501094914,-3.08909564138518,-1.1482007608477633
4.80105718829819,-10.018015344133698,-0.03276875947220765
3.9651526898709943,-9.837450898408502,-0.1863035503458909
2.2193635010555757,-8.659889071941635,-0.8218303676994042
3.111076901660391,-8.986120284603745,-0.4964757414317323
2.0070949080851683,-4.955575228127467,-2.2787921786673135
1.935606668438246,-7.167954365878228,-1.3689195154414842
1.5016301209776235,-5.997726048259495,-2.07410403074044
5.683106003783214,-9.717519025856197,0.11529858172756467
6.710536243363615,-10.01941118465633,0.272669553867808
8.046206456972916,-10.77575029347334,0.2953866251676718
7.587118735764174,-10.005187313609646,0.3858210827960859
8.779118509410745,-10.80302562141116,0.3384554529409049
10.0258709565396,-11.29113315848478,0.25449045549980154
10.344827586206897,-11.64431370208886,0.147584461714198
9.501451990659335,-10.808978366394715,0.3717876868876501
10.85311697046933,-11.297363061167795,0.2657192156087213
11.172413793103448,-11.65008371062444,0.1629071348099164
2.6724968868186916,2.315723465830708,0.9329692064617581
2.5834228475591927,2.2284235048164978,0.9531314183843685
2.3940000034375237,2.4047849608340406,1.8530546719762426
2.30431992568239,2.301814366730107,1.201277767747092
2.084216845547081,2.4630060325324474,3.448436158962474
1.982302174057333,2.3375023412749925,2.581158117418175
1.7210246771198743,2.484913245814609,4.936951743808096
1.6178203668222355,2.333145979806005,4.348462200481846
-6.704074160890348,9.155028966658845,0.6492191407250522
-5.9536623798059205,9.971947654661859,0.5283705405116321
-5.440846784699947,10.642223729502033,0.3736506722015412
-4.563189303373587,10.726529735109061,0.39996097435344774
-4.182293124961328,11.166155575053622,0.2632373739419987
-3.7241379310344813,11.598387882147753,0.11906345208129995
-0.6680639801844304,1.9102344369651068,11.225931496887258
-0.2803360631162406,1.8072743522945842,11.506749420432525
1.320581976368789,2.468533107457302,6.521871279912905
1.2101750118829933,2.2839588423686568,6.428607041729724
-0.11291371433016355,2.159738195349687,10.500736588535203
0.26200796384066516,2.0283821277248073,10.165214733092398
0.3876680198529863,2.30705875362142,9.4668374726416
0.758720615054625,2.18347523624761,8.419926115031853
0.8655755594428857,2.4054969299242823,8.113924128769133
-6.017970964002742,7.631488537866698,1.179433671256857
-5.737367399608903,6.0253081784338,1.7258982968051095
-5.448781289461454,4.888312907215329,2.1667472645494965
-4.51904052607692,4.3305495014369155,2.9606030187478165
-3.977790152605786,3.3881048224436476,3.8769981211757494
-1.164329782844213,2.1034822366862254,9.976405774280147
-1.8495893605978306,2.446929833686493,8.055038386001128
-3.165880182620566,3.318873266070929,4.909706273702196
-2.323186916999504,3.25315655964326,6.042682358485876
2.927494585380559,2.363159720574591,1.188055038057618
2.7601732805697377,2.5054306980397287,1.9985213011541791
3.068534837143793,2.2318206080637615,0.5121186189947372
3.1862546324493186,2.1381825654018836,1.0803459204793098
3.5371409753658853,1.268353785193474,2.477063770418001
3.4726950336934506,1.4284544117831655,2.947288171538563
3.49267090849506,1.5886883934154201,3.013369177630524
3.3165589863021303,1.9795622445931802,2.323621474094239
3.4123121013724003,1.722916566623517,3.163754321541279
3.407776531200942,1.8622937531898955,2.7551107392754743
3.683256867875793,0.7713439729112108,1.0417755853894073
3.680130156560301,0.9475100442518946,1.5507686727767742
3.732967430618494,1.1419473114154013,2.045611795954073
3.6638330402987713,0.5177169682606217,0.28558575825635596
3.0852727508999926,-0.8200454800136862,-3.006006222886867
3.3778100937271525,0.0160753035923881,-1.344457577477513
3.566278272348196,0.23970800887477414,-0.5989043796737147
3.2972292365367797,-0.3767032729587338,-2.3875364106087207
3.410721718705084,-1.2937032133957673,-2.8202825929988324
3.070048288169314,-1.8075077141710965,-2.0833483290221793
2.70277697032911,-2.4150562787158054,-0.8461439437164952
2.640339906501655,-4.178262761501003,-1.7227693472744932
2.906126794484389,-5.095408203095094,-1.5800889694542217
3.0424428340175087,-3.3591278735813748,-1.1152005328489312
4.736786797950231,-9.103783378949341,-0.07709545585246703
3.9319997301155873,-8.613783925723286,-0.3458893812035624
3.196572783538923,-7.542746745336167,-0.7655729116733783
2.599802551526967,-6.03106083872693,-1.4674534393007834
3.498768936243452,-5.453350533954465,-1.1371157527632638
5.661124833627482,-8.696658837373581,0.1776868883761904
6.808095570514181,-9.08099800897861,0.4104365236400276
8.464986457872127,-10.08577996907549,0.48586107962204755
7.875553343960382,-9.285135151294872,0.5813339427162514
9.32951452213305,-10.099862127942215,0.564810344397535
10.303907439926814,-10.6298126642346,0.46222473757415905
2.55038648997767,2.544448829020784,2.725209586485024
2.3192311403036077,2.6072521734743295,3.587042093616964
1.9831149340854561,2.6833331339504776,4.555182458274579
1.6038020815084155,2.7207234212279965,5.611588582214483
-5.39563191468607,8.911113982141675,0.9321888136622293
-4.930435908524599,10.046048536765152,0.6125436657969764
-4.156184523067755,9.967025156984459,0.7153178932988861
-3.848481098809704,10.70577982703367,0.45045381720647143
-3.392607297296674,11.169458576062958,0.28600312267949507
-2.896551724137929,11.59408396684892,0.1268213560974012
-0.5069571688604181,2.4012571665938927,9.596717323609115
1.1672978350176815,2.7269413588740576,6.755525900823449
0.09359002051582516,2.578382780822209,8.918313084299184
0.643037471824077,2.697173404857046,7.935853543062774
-4.842803341140312,8.02367491162572,1.3459511742419101
-4.845020450580043,6.809269265626101,1.8176476751116708
-4.460849105056187,5.498705770622049,2.5324121346224167
-3.5910482794765763,4.5029111565020115,3.635737172322529
-1.0111045092859219,2.7585125618564934,8.33722187071549
-1.5689636166221894,3.2002175311311998,6.924918732107003
-2.624691636033349,4.164228253046607,4.679178035070932
-1.9724013813567,3.9193987553934333,5.4701581007088524
3.1068903459563457,2.4509354663823935,1.3681615063177983
2.9296371914807295,2.625560657084124,2.5655186781805877
2.7208512491910377,2.6782608176884364,2.8826481606658123
3.246678493087898,2.3462327008868593,0.8812001503883967
3.2867108749669742,2.550678650948962,1.7630492387067833
3.3877484384003393,2.099403770678183,1.5330437698781374
3.3889820875324648,2.2481495330494132,0.7716978650389884
3.6882472337046113,1.358197871365419,2.471813707552054
3.6548611649172327,1.5478621795308916,2.7186159583806915
3.5926931726268903,1.6805092801683836,2.759085365914636
3.5007036156825353,1.9793972407546105,2.1096045602338243
3.548265769340191,1.815815644197535,2.6234223302810027
3.9712058303187225,0.5962233076222871,0.6898417879149213
3.964139111755366,0.9233400639744782,1.532944699260422
3.9591867853916187,1.2251667880460495,2.091714832310384
3.917023772361866,0.2692262591720247,-0.21329777963648008
3.6382647855422423,-0.793579619862672,-2.553931045450479
3.7511435433134452,-0.21853728971095457,-1.5905033596020546
3.9451602262863594,-1.3736940527141666,-2.449468654591366
3.7715261332030803,-1.9289408004249624,-1.6946921658280771
3.4491494675755456,-2.593550674134074,-0.7257998544007512
3.589239963220828,-4.385150098502332,-1.065883609759551
3.8415666613298898,-3.4569028430557043,-0.6699294670431525
4.767057417212886,-7.729888490727739,-0.12539941341896507
3.9843741345945687,-6.403047216266232,-0.6597419623379827
4.387928982568668,-5.274623699773604,-0.5675676744482924
6.224870543261931,-7.78567991556932,0.4008613960560103
7.552170217663183,-8.23623987004539,0.7871803590162719
8.811631799164262,-9.021239612043322,0.8408550271053075
10.042875599724018,-9.515384296975592,0.8244995964773504
2.5404402811509597,2.7953220272887886,3.598767740883703
2.242591989933774,2.8853034107565794,4.160235251496837
1.8642896216318603,2.989342900120043,4.885563428465836
1.4044831096246044,3.0614762930730883,5.76720947977762
-4.203914978772647,9.052176451697898,1.0700043235676997
-3.509209948412048,9.879809537493887,0.8013502935219988
-3.0093706679819583,10.574050045309948,0.5425080047234934
-2.5486855323439257,11.163236440228701,0.3066183410665515
-2.0689655172413763,11.589986723574174,0.13242412116707028
-0.2547864670283677,2.939782348271036,8.009604457636987
0.9003577322853775,3.0950036875861673,6.610255426229659
0.33396402408576087,3.101963675605936,7.297558556823472
-3.6782980128260214,7.6930083547860635,1.7289845828999815
-3.7805602615824507,6.474722530073989,2.3578549719287984
-3.446961295433131,5.638017399031217,2.98481126803684
-2.6998420503562204,5.253771737023337,3.628282973067703
-0.7220006597625125,3.459406254770111,6.842610493121771
-1.2978253782370048,4.156259688701655,5.468415033262688
-1.9957910053905283,4.737258043646675,4.465084256035293
-1.6829652960530679,11.13836172673111,0.32668324296858126
3.174142662070154,2.6987968122936277,2.595448968217253
3.0862039199040563,2.8798322285186417,2.8660015444623914
2.823478273382778,2.948911930184349,3.361507782527105
3.444707425076284,2.4624358821260017,1.6475557832397165
3.45078204737656,2.698988634233071,2.0657100593614284
3.6125555596516308,2.1406862045503408,1.1706465352127369
3.5972773872010486,2.3562315432857575,1.065427420347596
3.882470705469782,1.4925038628727585,2.450586057590893
3.800389935513601,1.7388192575802022,2.4842335766658787
3.726117400335127,1.9991651245671354,2.1463786508625993
4.341442532992926,0.3793899232299996,0.37689868781464214
4.295141156959811,0.7601864282452476,1.2580687047684587
4.193566425942392,1.4196771341425873,2.3705670758631103
4.299494203286264,1.0787896225526583,1.907426201963702
4.325996326349091,-0.021190800387978905,-0.575082541147227
4.13203443182071,-0.7430123211991037,-2.060799416474431
4.330256608039625,-0.37390555660900104,-1.2909607367785214
4.482587884681454,-1.2555192096898613,-2.039688682711527
4.471409585929257,-1.8546445523873425,-1.5676105385066637
4.3369798136941125,-2.5339062643653354,-0.7984316003891883
4.578438513678137,-4.181667691211302,-0.18222762883957636
4.737047656634197,-3.3610031618176635,0.14798791232541067
5.471332675008288,-6.329843273788749,0.051814968758130575
5.3076556306617135,-4.969023935009719,0.1961140910635255
7.04295339309895,-6.724173684592036,0.9189532787035432
8.549916655979397,-7.5202128477941805,1.255414484188307
9.843452847735897,-8.330565860934394,1.2297603517729199
-1.2413793103448256,11.586246611029571,0.1278068967049238
2.5242660398802514,3.1287594108037484,3.76247019082153
1.172523854748351,3.567429107120639,5.480971541552844
2.1542959968429596,3.2533277002200336,4.277927751625604
1.7113452784599668,3.383895344901284,4.890620458745786
-3.1451853617654986,8.900316541291968,1.2712785944731662
-2.6267200054034148,9.950417726982577,0.831103720391405
-2.130520125625982,10.575598164057897,0.5634875798777209
-2.552393063739641,7.884402599916612,1.8644259789115545
-0.038882291399080844,3.685999834433015,6.309692777590995
0.5775565934703657,3.6638800729930945,5.972902709868926
-2.6350609444200046,6.4720313331714205,2.7277647042335404
-1.8402233210410175,5.6033972882447864,3.6312895763247086
-0.4839396879471763,4.335551415365995,5.3257112357475656
-1.0719571060545483,5.149084747829806,4.212423861655103
-0.856266214871105,11.196340443571751,0.2971283011095583
-1.3095086716100053,10.656529673028437,0.5394280689645208
3.348215109979841,2.9466060810929147,2.8114704245612505
3.1294525262224355,3.1648634361065398,3.089460767378091
2.8334967058499765,3.369784933800165,3.391919994701871
3.713363611582102,2.594294204227762,1.6343754960247951
3.6045369009189523,2.9380615067865485,2.5606781997427586
3.8435560331383525,2.2834509524902216,1.19015143111012
4.1092236808257265,1.6883233907713033,2.4539041507163244
3.997986332644021,1.9800954094755254,2.0177891361796436
4.541936574730288,1.6489515825941239,2.4240785770136455
4.732108736448834,0.1356300480609812,0.06522383434442879
4.6392069508705385,0.5416146716782136,0.9358245611605103
4.680873778628999,0.9460627244592572,1.751072711565748
4.592777641967946,1.325947431595191,2.4521715144404053
4.802926700620618,-0.32583838223208134,-0.6719985278072925
4.848832512965056,-0.8377642191694274,-1.378485003750407
5.073358898171476,-1.5109914167753558,-1.226993082716122
5.019040444495154,-2.148795783002364,-0.8872141300629794
5.346828631861176,-2.8246108233077174,0.20364701610252092
5.609598045828974,-3.8369495964880374,1.040740625804263
6.545495629470189,-4.870251044741899,1.3226563149734665
7.9189721026218685,-5.48675493677469,1.8249745698649882
9.560563935493517,-6.615517724164461,1.8994865330099422
-0.41379310344827314,11.583216734391652,0.12491029624722252
-0.052324685579809946,11.187889183797855,0.29301035672343806
1.0117856581957432,4.169856811498693,4.853992763668159
2.479322316954392,3.5721588304871608,3.7339943008433925
1.5858348218137612,3.8797036828439997,4.600892001376511
2.0484059983269307,3.7338234726384396,4.163644690958541
-2.022450072995324,8.94473096514807,1.3547539157122868
-1.5404675256922125,9.841901896403789,0.918118642677222
-1.605162811623695,7.726535478711429,2.070483804247688
0.3545020878505784,4.459718078961662,4.888652523594318
-1.2665073723362357,6.3623399133896745,3.0723225688715092
-0.14528329021090786,5.125553520693806,4.243402767004384
-0.4790755809584048,5.843691162747379,3.516786975381354
-0.3860469751204756,10.567404820883272,0.5747288188092042
-0.802901539529992,9.896314398944213,0.8988907218713178
3.4249927609752766,3.2754780366508474,2.854357819537426
3.1626471973191985,3.54207542235776,3.02183757083129
2.8598992980861038,3.8258014651438828,3.2289657386764987
4.039500398772525,2.558374901304553,1.2042267180713513
3.908309919619017,2.890646856694159,2.256765906097028
3.7543425529648555,3.2797199200553635,2.62302099099961
4.186685991021576,2.2882567211031946,1.0109024245922598
4.358951622761641,1.9825029824017932,2.1839406935236756
4.364905497547478,2.603352554764798,1.1459149039835568
4.978297510916742,1.4571948809613973,2.4520754414675423
4.776832589656199,1.8720176449638766,2.0841320414443825
5.0369455643293035,0.30378853838304887,0.605207996421371
5.102227980156593,-0.025150474060783794,0.02131090408271459
5.091481308920235,0.6859295924503154,1.3605972786149556
5.039992324019312,1.0765822615236096,2.126135622127863
5.410504316165779,-0.3849073173323533,-0.4107370901274083
5.697489858378951,-1.0270116610720073,-0.43622923033361777
5.829744745316945,-1.9956693578668483,-0.26545161327231104
6.613145283781469,-2.9674502242898404,1.8607289801104552
7.854812275290062,-3.7775616622502204,2.922122768899102
9.202690522569526,-4.890673091039657,2.978344512691192
0.41379310344827935,11.581327625786301,0.12136336683943572
0.8243400330763293,11.187911990252253,0.27898025830487044
0.4034594457204407,10.535211136286627,0.5696798458066871
0.9494697074423162,4.710937539691445,4.258971424157657
1.4394967467395596,4.54665071606814,4.092975526039603
2.448281320194342,4.133421702133876,3.4909959525325616
1.9324982258463546,4.3117298827112345,3.859556457710315
-0.8423194307823708,8.910945202570598,1.404853818930231
-0.5803992521645103,7.502146439487619,2.2382138239091223
0.6547052245606781,5.22612061342915,3.893732595448609
-0.10489080562349334,6.542737188778698,2.896958700561908
0.36336701997450094,5.830964989695934,3.3992497376219126
0.08229801717428496,9.595475383938922,1.015471629201658
3.577371214606235,3.684884974678389,2.6357677776898676
3.3290901947196856,4.003805014734774,2.733771798295415
2.920085005952416,4.321207719489234,2.956912828309257
3.960488511553076,3.6421617487986406,2.360346077458546
4.265992118932607,2.9579703275311195,1.9509825969525705
4.12420839174224,3.31467056977012,2.2425475910131216
4.644459488449831,2.3785408635306236,0.9515875634390093
4.657397367040162,2.881189573766194,1.363086711503187
5.308012952463493,1.3345068246343081,2.163977760816653
5.213982229430663,1.795611617291365,2.2447530883350333
5.078086944836663,2.1748625991019397,1.4303102659361242
5.549120266894737,0.2828840967319171,0.7049525764527955
5.602748968778519,0.9646452619258459,1.6748716450870096
6.2179695644980635,-0.3367824372974541,-0.15297379013226473
6.888021162736846,-1.3346234405733657,0.022971967174798175
8.009006508817375,-2.226938981100287,2.9541481872116697
9.355783996213397,-3.1781809340534717,4.188038365543705
1.2413793103448327,11.581050237221994,0.1176751336555046
1.7076000232832869,11.124221010744167,0.2722814782337731
1.3949784761299995,10.583087036097517,0.4957404814513202
0.8683720918345201,9.901956518684754,0.8195506271110096
1.338274912613978,5.212062723179355,3.54114054667416
1.82350374842898,4.927840762033352,3.4692986230906726
2.4331558101613857,4.797157651088172,3.096569220373266
0.22636909563006977,8.22646098020014,1.7287899872155024
0.3527820083675467,7.294740955094783,2.2746464259703543
1.1539374531443254,5.875781699495539,3.1010526827682905
0.853324514639047,6.681351406049281,2.5851113916134465
0.991396118336288,8.960294158636843,1.2470182399188874
2.1328680214807623,10.599072832695743,0.4458574683472271
3.896972485416131,4.092079888419351,2.237647727921337
3.457429303422638,4.562377763676638,2.4159469396405853
3.0451342459454716,4.919864060028263,2.568610208141557
4.354711364064314,3.7397583571504365,2.004471752452025
4.579199206151677,3.2934093379867164,1.8360555876276556
4.371659530288483,4.168810707588806,1.8377158147022297
5.070721382777074,2.6474920127327017,0.6025590596507748
5.065900701360222,3.1895036746708376,1.247351523644394
5.740698342271124,1.5828665205001242,1.683105930825237
5.568177309509155,2.2381989286003376,0.9513938770401057
6.2325768611232855,0.5669367245057672,1.0691984619249835
6.307161892826895,1.2158889185570443,0.937019825182493
7.072027665254344,-0.03140157679358613,0.02356976682678633
8.123827402243627,-0.7592286626639989,0.8166522928059688
9.412508664771496,-1.6393329019106355,3.601358082785062
2.5493499213734205,11.124656250966645,0.23935143563605285
2.068965517241386,11.582428846890341,0.10444023266279731
1.7743275391871889,9.711695284479374,0.8160922964712142
2.0553458948372736,5.593052171331364,2.8487767798242034
2.8288741490626785,5.421174933760384,2.483481679276211
1.252589842283554,7.772978502500752,1.8353078195729733
1.8203181339287522,6.66018750738052,2.2941761544090187
1.8437715042648049,8.526252235408569,1.31753955408501
3.0650705109395466,10.632534267504628,0.3567687687764641
2.586922346199719,9.887403700341594,0.6486231550134871
4.057468025567123,4.643244995806237,1.9142273077695056
3.5710068416597,5.300782779695995,2.031619255747963
4.87225580634054,3.7732806988732914,1.5489681247724294
4.767930206486708,4.480746484150488,1.392275026531509
5.5883057571739805,2.9000619405230186,0.05268342561563883
5.605616351635903,3.5018432473598784,0.767745882770594
6.35912856552121,1.8960609086425153,0.46916947779390367
6.177818247363391,2.4954551543476695,-0.4561486727267243
7.132327190301296,1.155833838853731,0.09108210501314747
8.169456041996071,0.5293301286573812,-0.7968705952394709
9.386733089564835,-0.1624638929679256,0.45927633096431447
3.391249324829315,11.135064655062834,0.19237561474046158
3.9090282522957365,10.651387557158756,0.28002351495932376
2.8965517241379395,11.585006392282667,0.09197565691442053
2.6722865034021104,8.969567828380388,0.9698983593405842
2.9893570565208165,6.2571599223822245,1.982113620280256
2.629801640668035,7.610293068188589,1.5255304952196094
3.535284620344251,9.746845927412341,0.5580758810183498
4.265867891291688,9.949531887636498,0.38520227434192456
4.434440363406204,5.147680057916172,1.4907912146285485
4.205132986172935,5.977103814231945,1.4116529977827357
5.418281605580076,4.166829821424906,0.9389828419979899
5.362035426546499,4.866080299785407,0.8672759112192135
6.294715651717175,3.18887822015001,-0.6020986291171228
6.1114321043760365,3.9158704997109064,0.2510157593355618
7.036489633783887,2.4890542979958608,-1.6461247565415353
8.20065602098755,1.8236796641479245,-2.434908401549467
9.456978589170804,1.1074393114486507,-2.017655680793371
4.680893236099169,10.5736418614066,0.2104081279777741
4.2115549853606025,11.141487665314264,0.14589092069489543
3.724137931034493,11.588188424777178,0.07300070797256279
3.580451358466184,8.511276285682877,0.911027226287097
3.9293836854528332,7.032180865684972,1.2439658651356087
4.365968656380587,8.952515925264919,0.5777552329171046
5.144793167477715,9.879484590642171,0.2614021766492505
5.1331700706886245,5.656019865900616,0.8946092616425046
5.0358626107070075,6.566514241269598,0.8049475217733217
6.25167662292091,4.5896387135575685,0.23410535877197128
6.088493590444625,5.280671931824698,0.2884302500566773
7.033067854099604,3.8597746622830504,-0.9842843137680315
8.049693412285864,3.000977544395569,-2.663075519526657
9.501655293931572,2.361068609138981,-3.7525331728866367
5.506381854354352,10.616534094877203,0.12274964890693833
5.047733265814917,11.203425372810704,0.08754724413289984
4.551724137931046,11.591649555499393,0.05283918330721049
4.839927798357506,7.696671785753127,0.6917915442047496
5.391220450223517,8.688129153129589,0.3748968695151555
5.971046620952975,10.04577201717661,0.11015335472701818
5.9993915073424,9.080844047460085,0.16755294080485308
6.138194861991509,6.058760301202217,0.20136540282890159
5.848865337991917,7.011689012269424,0.34053801315870647
7.042012349182823,5.318672668653122,-0.4102069679146094
8.052450988085893,4.382046127141161,-1.5491556124931944
9.176996232369923,3.681981494152784,-2.8633482628608475
6.3693090301702275,10.615319964871764,0.031261384774176365
5.936101955047732,11.211005430167846,0.0382858202659302
5.3793103448276005,11.595080927773795,0.031664374596792944
6.201156707358068,8.013326777445322,0.16213054922798184
6.8183746240526375,9.891119411642915,-9.459274028541287E-4
6.824960546175743,8.79963111531789,-0.012274586070493872
7.033766288204171,6.785308755031519,-0.22542901800428544
8.183562377066842,5.83269386417915,-1.0051904032894285
9.300619810133322,5.036968639952555,-1.9011610853340943
7.219279968424121,10.691658582116707,-0.041040633646314474
6.764669158189548,11.235830253249304,-0.006633319687895521
6.206896551724153,11.598792846495995,0.011517726599908627
7.506575550049158,10.064100196182503,-0.09654719721756345
7.46996502321123,8.03101357315562,-0.24595623135599573
7.539296007126616,9.146196725285249,-0.1513872741718181
8.38223220158173,7.334661936927309,-0.6621893584610118
9.51732219130016,6.54359119237525,-1.2550936691936572
8.055303926448103,10.73702725829668,-0.10789242238443085
7.588285770386627,11.256829728654587,-0.04238808784809547
7.0344827586207055,11.605403902598425,-0.007173563729701614
8.333151655267072,9.994895874363507,-0.19823387709607196
8.65598051615955,8.839520110344903,-0.3959248384410499
9.670842884972217,7.959013675668724,-0.8035994996761954
8.841132348021105,10.656409448286027,-0.16682139634862522
8.45443468437971,11.278386417897526,-0.07700053717593013
7.86206896551726,11.615496554849274,-0.021002805458304602
9.290791783314077,9.997091231964406,-0.29303004032037955
10.016152982558989,9.283935125861849,-0.5058639999787421
9.694140702915075,10.70752862314126,-0.20451246745912002
9.218971335802594,11.22352728405278,-0.10841331848391329
8.689655172413815,11.6281038495934,-0.030354615687170176
10.331831677019995,10.193029983387932,-0.3368197159374868
10.367100311544649,10.821882561070357,-0.21638576856345368
10.00209195683903,11.24654379340273,-0.12791336040344772
9.517241379310367,11.642170506584698,-0.040439035071484546
10.776824118810511,11.274662337927824,-0.14218947927765055
10.344827586206918,11.653085339889962,-0.05967671512148389
11.172413793103473,11.658542756542596,-0.08224113512189238
-12,-12,2.300849360100117E-13
-11.172413793103473,-12,0
-12.000000000000004,-11.845591209037435,3.834748933500489E-14
-11.172413793103473,-11.84559120903743,0.6412298825799376
-10.344827586206918,-11.840838545544093,0.24503898055710704
-10.344827586206918,-12,0
-9.517241379310367,-11.835933936851378,0.06622580461659842
-9.517241379310367,-12,0
-8.689655172413815,-11.83145067004326,0.0045064325604861006
-8.689655172413815,-12,0
-7.86206896551726,-11.827320727343995,-0.007627549898978376
-7.86206896551726,-12,0
-7.0344827586207055,-11.823257995416892,-0.008814179301334513
-7.0344827586207055,-12,0
-3.0310889132455356,-1.7499999999999998,0
-3.072577557282681,-1.7739534851880117,-15.971216713995801
-2.909789757608484,-1.902225546203143,0
-2.946845403044688,-1.9331066764129676,-14.06124230613244
-2.7364827190307075,-2.025097482586373,0
-2.770889830444347,-2.065238989319413,-9.797618117681774
-6.206896551724153,-11.819350317057179,-0.010637184850085914
-6.206896551724153,-12,0
-3.1022704652408932,-1.5688393337543391,0
-3.148902434912908,-1.5862358041615374,-13.816045100666887
-2.5136387423177675,-2.113826395099529,0
-2.5442524246800016,-2.164099154266796,-5.022066264189774
-5.3793103448276005,-11.815957149932567,-0.01816955911276465
-5.3793103448276005,-12,0
-3.12202723222135,-1.35731505062475,0
-3.175535534735181,-1.3676514399809385,-9.008255632707968
-2.2477977446544553,-2.165316550880195,0
-2.273001565611491,-2.2261823286888633,-1.9808262166867021
-4.551724137931046,-11.813344922539656,-0.027546048542795153
-4.551724137931046,-12,0
-3.0874467787403304,-1.1199620105473767,0
-3.1471120393017937,-1.1215826082815556,-3.3500118373284518
-1.942514737426462,-2.179086639616204,0
-1.9604779089206148,-2.250607920131557,-0.9982813785996674
-3.724137931034493,-11.811708613461107,-0.037007461580539976
-3.724137931034493,-12,0
-2.9991180763303857,-0.8639918206709971,0
-3.0627909914975384,-0.8555646225527502,0.3373219974171288
-1.5985977963841531,-2.1542526775410766,0
-1.607395099945306,-2.2361240739888575,-0.7793448406956733
-2.8965517241379395,-11.81116931467447,-0.0476771824228908
-2.8965517241379395,-12,0
-2.068965517241386,-11.81181478346068,-0.05754435852718467
-2.068965517241386,-12,0
-2.8584026387651518,-0.5927252637136673,0
-2.9253211327140543,-0.5732225886941238,4.0400835904350485
-1.2151750493440205,-2.0884783140506262,0
-1.2128393789650562,-2.1797932458317426,-1.038770479699684
-1.2413793103448327,-11.813400925062183,-0.059153813041433384
-1.2413793103448327,-12,0
-12,11.84762259164279,0
-11.172413793103448,11.847622591642786,-0.6286177928803767
-12,12,0
-11.172413793103448,12,0
-2.6649366133103243,-0.3073001889999568,0
-2.73531558239548,-0.2752060548759071,7.423162100083638
-0.7905204323301794,-1.977653233108359,0
-0.7752632259525998,-2.076404391070402,-1.5111782004908318
-0.41379310344827935,-11.815108094109169,-0.05199040318552648
-0.41379310344827935,-12,0
0.41379310344827314,-11.816236157329033,-0.03813493855520157
0.41379310344827314,-12,0
-10.344827586206897,11.845724461550391,-0.22051782358261862
-10.344827586206897,12,0
-9.517241379310345,11.842374088304624,-0.06314165834127843
-9.517241379310345,12,0
-2.4162632284119745,-0.008133777959049588,0
-2.4894272880358916,0.03816619146276916,9.634045546201511
-0.32267237522878134,-1.8156480479562245,0
-0.29349883751811406,-1.9179519450264038,-1.7764339346624787
1.2413793103448256,-11.816736704765553,-0.024916828934270906
1.2413793103448256,-12,0
2.0689655172413763,-11.816834001918869,-0.015545412007203833
2.0689655172413763,-12,0
-8.689655172413794,11.838020052488318,-0.011200855195622965
-8.689655172413794,12,0
-2.107958536733099,0.30421548317493136,0
-2.181728977437853,0.36549393466685176,10.701779820773734
0.1899303458298238,-1.5938813415522397,0
0.2324938241455502,-1.6943478724098409,-1.7443480301521288
0.7499999999999998,-1.299038105676658,0
0.8037485969498747,-1.392133401379278,-1.6629363573548084
1.2853771791649393,-0.9614247492870872,0
1.3462343345766963,-1.0435749883473797,-1.7805688811661797
2.896551724137929,-11.816761143908433,-0.008995100034271673
2.896551724137929,-12,0
3.7241379310344813,-11.816826690545664,-0.0044579279568404285
3.7241379310344813,-12,0
4.551724137931032,-11.817140061871553,0.003828818718559765
4.551724137931032,-12,0
5.3793103448275845,-11.817724242138615,0.011054293423708875
5.3793103448275845,-12,0
6.206896551724136,-11.819000827098819,0.019056063662039487
6.206896551724136,-12,0
-7.862068965517242,11.833548255118192,-8.69107453375876E-4
-7.862068965517242,12,0
-1.7337336473790848,0.6283814487556404,0
-1.804570833135098,0.7036493087649469,11.095843931881925
1.7337336473790848,-0.6283814487556404,0
1.8003629192861759,-0.6991782012931907,-2.1777274108358564
3.0874467787403304,1.1199620105473767,0
2.9991180763303857,0.8639918206709971,0
3.1434179452305995,1.121482271160335,2.030952204223656
3.05814624190006,0.8561793615664242,0.6848580943801759
2.8584026387651518,0.5927252637136673,0
2.9208043924716547,0.5745389440377225,-0.2522960212427937
2.6649366133103243,0.3073001889999568,0
2.7307022119018645,0.2773098386242436,-1.3899768355583455
2.4162632284119745,0.008133777959049588,0
2.484095533396816,-0.034792129416147274,-2.1561050945087143
2.107958536733099,-0.30421548317493136,0
2.1758623624698745,-0.36062074864135635,-2.3909063771445833
7.0344827586206895,-11.820652312755618,0.028988845813853293
7.0344827586206895,-12,0
7.862068965517242,-11.82267766375351,0.030419071943308743
7.862068965517242,-12,0
8.689655172413794,-11.826802321094899,0.019177844641885773
8.689655172413794,-12,0
-7.0344827586206895,11.82970308764406,0.004489726088240801
-7.0344827586206895,12,0
-1.2853771791649393,0.9614247492870872,0
-1.349410534435924,1.0478624969562427,10.876860346207732
3.12202723222135,1.35731505062475,0
3.173974046720387,1.3673498017801797,2.8457737237614196
3.1022704652408932,1.5688393337543391,0
3.1502526995270017,1.5867395323670193,2.7529646946857054
3.0310889132455356,1.7499999999999998,0
3.0761999160197293,1.7760448554500978,2.0620302018853947
2.909789757608484,1.902225546203143,0
2.9501728596851233,1.9358796849672981,1.447900418830145
9.517241379310345,-11.833078947735318,0.02033143067905855
9.517241379310345,-12,0
10.344827586206897,-11.838324410040391,0.04163984910011306
10.344827586206897,-12,0
11.172413793103448,-11.840947141192927,0.0673558111760091
11.172413793103448,-12,0
-6.206896551724136,11.826345633701239,0.007098045221955495
-6.206896551724136,12,0
2.7364827190307075,2.025097482586373,0
2.7727008110824576,2.067351793576771,1.1843487465292601
2.5136387423177675,2.113826395099529,0
2.545358790154779,2.165915990425424,1.2803233876885005
2.2477977446544553,2.165316550880195,0
2.2734896451216984,2.227361012630155,1.0741514186559191
1.942514737426462,2.179086639616204,0
1.9605999358950397,2.251093776733835,1.2396413092697351
-0.7499999999999998,1.299038105676658,0
-0.8040597663457487,1.3926723625534556,10.193769709309887
1.5985977963841531,2.1542526775410766,0
1.6073353284014633,2.235567814934226,2.393870949666517
-0.1899303458298238,1.5938813415522397,0
-0.23102385368728598,1.6908781646169417,9.106900034339194
0.32267237522878134,1.8156480479562245,0
0.2950976427796376,1.912345356941944,7.6204355867477025
0.7905204323301794,1.977653233108359,0
0.7760659699322001,2.0712086890807457,5.8898710184590986
1.2151750493440205,2.0884783140506262,0
1.2129023050435537,2.177333099649731,4.103592154968366
12,-12,0
12,-11.840947141192926,0.010209990667488972
-5.3793103448275845,11.82298583953855,0.011044669412604215
-5.3793103448275845,12,0
-4.551724137931032,11.819860593371724,0.01962275143320426
-4.551724137931032,12,0
-3.7241379310344813,11.817449037339887,0.02759649523597853
-3.7241379310344813,12,0
-2.896551724137929,11.815492712204055,0.029724767160252602
-2.896551724137929,12,0
-2.0689655172413763,11.813630328897352,0.03081726965038475
-2.0689655172413763,12,0
-1.2413793103448256,11.811930277740714,0.028689937435309766
-1.2413793103448256,12,0
-0.41379310344827314,11.810553061087115,0.0287717482164643
-0.41379310344827314,12,0
0.41379310344827935,11.80969437535741,0.032234180893236895
0.41379310344827935,12,0
1.2413793103448327,11.80956828964636,0.03772603644261777
1.2413793103448327,12,0
2.068965517241386,11.8101949304047,0.0386931532704434
2.068965517241386,12,0
2.8965517241379395,11.811366541946667,0.03804580751580316
2.8965517241379395,12,0
3.724137931034493,11.812812920353263,0.03325605361237772
3.724137931034493,12,0
4.551724137931046,11.814386161590633,0.02680041135983236
4.551724137931046,12,0
5.3793103448276005,11.815945876260816,0.019562440488160096
5.3793103448276005,12,0
6.206896551724153,11.817633112043634,0.0184005426689942
6.206896551724153,12,0
7.0344827586207055,11.820638137544739,0.023874352646202027
7.0344827586207055,12,0
7.86206896551726,11.82522570674967,0.029105090035208125
7.86206896551726,12,0
8.689655172413815,11.830956295269727,0.03149036665191996
8.689655172413815,12,0
9.517241379310367,11.837350230265772,0.022289347753816992
9.517241379310367,12,0
10.344827586206918,11.842311518131801,-6.398771952583133E-4
10.344827586206918,12,0
11.172413793103473,11.844792162064817,-0.02959095647683033
11.172413793103473,12,0
11.999999999999996,11.844792162064815,-0.0069585436818607495
12,12,0
