% Model,18.mph
% Version,COMSOL 5.4.0.295
% Date,"Nov 2 2020, 19:54"
% Dimension,2
% Nodes,1233
% Expressions,1
% Description,표면
% x,y,Color
-11.999999999999998,-11.305680625558677,19.999999999999996
-11.999999999999998,-11.660000217325107,20
-11.462509325991006,-11.36337105641692,20.108104541470656
-12,-10.647943804591527,20
-11.294261567170384,-10.868022448437792,20.102646120380147
-0.5,-3.785235568300192,0
-0.5615675940423854,-3.785235568300192,19.980396170970153
-0.5,-4,0
-12,-9.847310272975097,20
-11.154868388409149,-9.972490679073601,20.071799271175866
-12,-8.648013224008523,20
-11.067982619249769,-8.83481040299152,20.045890365944796
-12.000000000000002,-7.098837808232757,20
-10.907688710187639,-7.4839898746352045,20.035742534766545
-10.554990324401476,-5.725397259722519,20.01648869158925
-12,-5.014962324433751,20
-10.688818222137943,-4.030931322501565,19.963214430774936
-12,-3.3010111453365463,20
-0.2660311035210955,-4,0
-0.2660311035210955,-4.059640524528537,5.286823951878727
-10.677001537060638,-2.3754181137273926,19.919182763530628
-12,-1.650130470271475,20
0.26603110352109594,-4,0
0.26603110352109594,-4.058296688455237,1.3016224292758545
0.5,-4,0
-10.628464981435979,-0.9093479652032777,19.905510557399705
-12,-0.11128505208009898,20
-12,11.314082321461786,20
-11.38610973688052,11.304628201467821,20.12746316224408
-12,11.667018766965327,20
-10.630358562558547,0.7751766903023017,19.898045182834597
-12,1.536217796341333,20
-0.5,3.785235568300192,0
-0.5,4,0
-0.56139252874301,3.785235568300192,20.028586131199205
-12,10.648552180179152,20
-11.258141500793,10.76279253932653,20.09263556569562
-10.557368556930184,2.4426675629523493,19.909249368292738
-12,3.295423018445277,20
-12,9.607428463840172,20
-11.113191148050143,9.84490893834978,20.07291155402864
-10.682092600637889,4.159423375593764,19.974009723496266
-12,5.083389100071591,20
-10.796412496551923,5.604623056589187,20.007638995834473
-12,6.952022818916704,20
-10.852362740258615,7.319656458235275,20.033276248388315
-12,8.279725641378437,20
-10.999572563720568,8.627440138861107,20.049470302306915
0.5,-3.785235568300192,0
0.5626272761161659,-3.785235568300192,1.8016975875070944
-0.26603110352109594,4,0
-0.26603110352109594,4.057143111876773,5.275431737961714
0.2660311035210955,4,0
0.5,4,0
0.2660311035210955,4.054568288015156,1.2546231577204596
0.5,3.785235568300192,0
0.5572293605603151,3.785235568300192,1.7950241585683289
12,-11.277670047552267,42.688851474217394
11.364744658915656,-11.327553814039442,42.48215133747213
12,-11.642575960968255,42.53569114588406
12,-10.669792424801646,43.0804479085625
11.254403524968389,-10.812827314968107,42.70349231555728
12,-9.70131450821463,44.00547706684201
11.075329713234405,-10.043378820971958,43.46670005836427
10.983186480192852,-8.924735441873569,43.69557670330394
12,-8.376942894607062,42.55476543767103
10.93754418599523,-7.387327742969408,38.8943053938575
12,-6.747406614305405,33.79643706006867
10.818245618616745,-5.62961428076351,22.745557058221674
12,-4.961922376680846,12.497892669914647
10.762422737886267,-4.0370431335636985,0.6105486468933033
12,-3.2760462400653942,6.51544686627686
10.696973228015215,-2.4058057562593937,7.596005011168143
12,-1.6155595100393327,6.642590743175194
10.651338685551124,-0.8456650733164732,7.013455243728244
12,-9.590878049137164E-6,6.283676421019229
12,1.4879042512950624,6.8221618893193225
10.610257592991568,0.7905798501504673,7.157973624167724
10.671528196435606,2.3079874707402244,7.5813292916195545
12,3.2001390162184657,6.5069041035208635
10.66968962472599,3.970125604955868,0.8668198516913389
12,5.147674256311398,13.32525377649489
12,7.006388507912874,36.20901527552396
10.766510340222151,5.596347065655336,20.744553812901046
12,8.307788285921461,42.86948516213048
10.809373736824389,7.31388861236437,39.30473279942718
12,9.609188063930048,43.8606821601885
10.96260010558855,8.70725198798065,43.766594134875355
12,10.635955646416935,43.01421294345905
11.162343082331962,9.87264524996759,43.39205646955879
12,11.299766345116595,42.710205866404856
11.26374042078945,10.777310360931843,42.71462662697149
11.999999999999998,11.656236845031803,42.488344191913534
11.387117529873448,11.300646226606274,42.550529256776514
-10.845871269681176,-11.323151773437914,20.488640725398955
-11.172413793103473,-11.66000021732511,20.346259555641403
-10.344827586206918,-11.648801834833156,21.037904622472457
-0.8006296487797313,-3.1459749743469096,19.155973839639326
-0.6485890313827435,-3.2662621519829393,19.9608096494394
-0.6638133671000653,-2.953959764505065,17.12508704862683
-0.8295664023543489,-2.8283175857882785,16.03145454914235
-0.6837001465199545,-2.600143231008384,14.172900098734093
-10.0658663501563,-11.31253128569194,20.878163795212505
-9.517241379310367,-11.63715286643552,21.201060988535687
-10.372234238658944,-10.875537877556148,20.475266397752772
-9.290161381052641,-11.299974058025683,21.078454920878215
-8.689655172413815,-11.626335433280211,21.354164964470858
-1.0393584700342529,-3.024188757911391,17.35448679178862
-8.457160466131526,-11.281127160449572,21.328445014210157
-7.86206896551726,-11.61658900791221,21.65364143886543
-0.9557666371547262,-3.3114526231293553,20.28592379146491
-0.7870426585127692,-3.419888225790132,22.729894681605455
-0.6394916115748146,-3.541920993154436,22.593463208344566
-1.097986050210103,-2.68476097099233,14.61949049029623
-0.9057920918175268,-2.4412174336376995,12.995633438305832
-0.706750764075955,-2.1992948837271378,11.348164044823442
-9.731682043078157,-10.7437587291733,20.655348967055208
-10.35104085141348,-10.221901253413751,20.293409147299425
-8.872056000012986,-10.658837039784599,20.920606537138692
-1.3509125683306076,-2.9565446421700634,16.499052984695968
-1.2012895133760004,-3.218081751041409,18.871725549714455
-7.6051714028667154,-11.266476955663611,21.715777677179684
-7.0344827586207055,-11.60793231473938,22.106872983777812
-8.012072969545383,-10.71875139262902,21.30283997431853
-0.9497276934021343,-3.573490341382279,23.399217847924792
-1.1754142156105514,-3.4854142230969964,21.54233093776391
-0.7720207355963978,-3.661073089438656,27.09245188813213
-0.635448706893248,-3.785235568300192,23.709576735143276
-1.4761312447703447,-2.575457522092387,13.83826541133987
-1.7690626097815827,-2.911081921549556,15.953374040537868
-1.229871442452301,-2.280195529981017,11.930888911621802
-0.9529879496889794,-2.018227661268329,10.242429760535694
-0.7283379486546405,-1.745163658792472,8.538633886130327
-9.377132036299866,-9.971089884750423,20.550111527097936
-10.058043495217724,-9.319514075679907,20.263215741447343
-8.364127103970342,-9.938321013679596,20.929660099395473
-1.546734037999775,-3.331955182832011,19.067236375001823
-2.0509295332795854,-3.208416473945691,17.536112709989258
-1.3875762886337555,-3.664390043558945,22.354403526296963
-1.630975849849576,-3.767925736241166,22.11798548818209
-6.790305071712081,-11.247214565076625,22.211063102390614
-6.206896551724153,-11.600390324585257,22.700433503765172
-7.106522266214727,-10.69406769014237,21.801829189886828
-7.564716622071481,-10.078731898626605,21.372609849332232
-0.9014972954577377,-3.770913696332086,26.565927215661315
-1.1066246180806234,-3.792200190506449,25.363200397698307
-0.7425705796635723,-3.876400315550964,32.33909634113672
-2.308073798130773,-2.7473143191031903,15.122523420629424
-2.4937391871631913,-3.229076746931663,17.439322497664943
-2.741805736925026,-2.9955772110433623,16.464260172976736
-1.9320424410825883,-2.498892075195291,13.636712057649083
-1.6264859255499338,-2.1220427683211236,11.384964118544803
-1.0028739056110167,-1.5426944609276176,7.603528627097121
-0.7442034484116636,-1.2306678226299113,5.737479820210073
-1.3198453926769178,-1.8394668235742302,9.49138915878783
-9.723495363092885,-8.080454226467296,20.242333767470782
-8.719550384433115,-8.915224279368166,20.63788482437509
-7.592263894377685,-9.238577989258214,21.192890140769403
-9.27234350344922,-6.459128630937607,20.158972366226113
-1.9723310322357859,-3.6236940944496694,20.199901967636507
-2.385803603400634,-3.570341170441733,19.12368171578761
-1.919938991562096,-3.924044251500797,22.110609027206024
-1.381240650949603,-3.9777634692722166,24.998075073108865
-1.6711944833037773,-4.096564002744165,24.14717381979519
-5.966553187301473,-11.234539187555079,22.84943724409253
-5.3793103448276005,-11.594043456823876,23.44124838670137
-6.398375303554102,-10.673898129812404,22.31346329240279
-6.748596876249269,-9.803941407423833,21.848595591609357
-0.9072246347833222,-3.969687714548746,29.95342009722801
-1.1099790733430885,-4.0918374150667445,28.462918828800188
-0.7285011676945662,-4.080342090285558,37.28519126761503
-1.0311437171467654,-0.9699699472641498,5.0307517880589065
-0.7511299395048234,-0.647784524223316,3.019984805321255
-1.0458365680061936,-0.3042204175527928,2.968675242966567
-0.7494790852785987,1.7763568394002505E-15,1.427980428573136
-2.8415156628836966,-2.550091331235176,14.794293017099443
-2.940529155575217,-3.490291294401192,18.2849729565531
-3.2189271749046426,-2.9838847530719685,16.558692236443704
-2.2594192390684067,-2.144664594821075,12.320888627261622
-1.7644970808629266,-1.7304883879174846,9.710973668365964
-1.4084662562928312,-1.3067873939690904,7.213744903040152
-2.9855229358245574,-2.0438021629330887,13.189808465059668
-9.300410224734426,-4.876706327544669,19.96699182267528
-6.729577320008791,-8.8298950653748,21.675934672994817
-8.315363466019837,-7.470058095191373,20.56016614131593
-7.418837467349132,-8.143093112080585,21.106740356792105
-7.848239185512275,-5.73067982223439,20.239172695088698
-2.2498783284368535,-3.9445363817068224,21.215181406389146
-2.698261643237774,-3.9438077394343463,20.357289144783085
-3.218059117093105,-3.9497881210728334,19.747725588060657
-2.009652114683117,-4.187226677995397,23.136355766250293
-1.3990394648052737,-4.22353588836019,26.651759654574494
-1.738338372448807,-4.388895101019154,25.369211594857457
-5.1193247707554015,-11.203048276509577,23.643903593204588
-4.551724137931046,-11.589211478859186,24.328671670013513
-5.536705664482856,-10.67439612866326,23.059914259957807
-5.949163311306495,-10.041709578550405,22.551614421845752
-5.915023165264833,-9.102264514659968,22.354354210178503
-0.9270322690000382,-4.197849643064342,32.46125017586049
-0.7798494368542199,-4.268811414858933,37.57050900689041
-1.1734431014576978,-4.365217293923958,29.717748717269078
-0.5891971152942252,-4.204273870091791,33.64320879847718
-1.4519144416234095,-0.6642576062768816,5.328187079607615
-1.4712762386837792,0.05792729999467932,4.485306824699427
-1.0375741777489402,0.3813927767069873,3.072581070768226
-0.7415442930658666,0.6477845242233196,3.1248092419532716
-3.341629535352761,-2.438241602115066,15.032154966892646
-3.701062608066158,-3.495160521819366,18.259681948039773
-3.7468952107982965,-2.793184073904001,16.398905539848997
-2.517494896519029,-1.5551642714111455,10.812586023275712
-1.95024894903331,-1.0987849511797085,7.974058448687747
-3.502028676108573,-1.982602535327567,14.006050744751203
-3.2388649125356044,-1.5041826647218188,12.361378539264171
-7.875811368846528,-4.08199878157088,19.66386680990124
-9.343410012182881,-3.3068045627585025,19.737030639342183
-6.28543693277493,-8.013521071200142,21.779920405243885
-6.691824087847478,-6.758439230551555,21.016000429111937
-6.5012266458788535,-5.096599655234767,20.150139277616287
-5.406283888695694,-5.276942773384724,20.708828962726233
-5.449329349993214,-4.304403272918745,19.643035196782893
-4.548423296464681,-4.744780453651748,20.562591184407463
-4.484791730877724,-3.940923383562944,19.09902694220976
-3.7004988922918907,-4.385720397763335,20.34508780007644
-2.439108931356337,-4.2978842293697275,22.26615303451157
-2.9726253107347858,-4.410846512390215,21.45712967972938
-2.1322777320663784,-4.525342766439613,24.14057577191082
-1.7549209231251721,-4.65767149442197,26.43185218230526
-1.4403863936677475,-4.517880573523583,27.948442154664225
-4.282838773891486,-11.194964161525988,24.59068533376035
-3.724137931034493,-11.586160448107401,25.368796308734222
-4.708590035674774,-10.609253326716674,23.922610176474834
-5.158307383743252,-9.884564513469575,23.279481557859405
-5.065214199451185,-8.925068840132594,23.173258285155704
-5.490712290529156,-8.218988497890408,22.54692507201965
-0.2660311035210955,-4.13120915396278,7.52168749307036
-0.9261435410310209,-4.4326031015898035,33.744117574261345
-0.6764537668010503,-4.423447852987589,38.83661036187136
-1.1354474711807443,-4.628094751121826,31.14783133387695
-0.3752135908920596,-4.232907015777545,16.919492096733823
-0.49744125473921985,-4.387392820482256,35.13956878574859
-1.9585737207921472,-0.288116134123113,6.701019163287023
-1.9735011627859025,0.428393153058647,6.720232275571125
-1.3602573611460833,0.7943720281552289,5.191684715075669
-1.0075840516935612,1.0116290152648795,5.080951706982667
-0.7295903204337199,1.230667822629914,5.779181071950255
-3.919907406406387,-2.255619392515274,15.360616656949253
-4.414536859257086,-2.89589312672431,17.195201144761388
-5.278146847482553,-3.364041618549196,18.388450516525243
-2.779081429972315,-0.8425634816860128,10.06928752309461
-3.8809697910748384,-1.6089052822548084,13.969886396353536
-3.531931756605848,-1.077527159489146,12.368066281928241
-6.477103690559781,-3.403131753129092,19.001084087918162
-7.749976105564096,-2.6619445548700846,19.125320633219573
-9.25288335747314,-1.7225938300586927,19.557714033409336
-5.447258960768034,-7.327819759108022,22.108507994414648
-5.611825090779127,-6.202204576469167,21.344958076397745
-4.620096976915838,-5.700254877293002,21.748746989584742
-3.863596394024041,-5.231678622424105,22.020639319976365
-3.1149337887827397,-4.926865169422141,22.4826014045006
-2.528310202102437,-4.7375861130340855,23.45101348030793
-2.114547820813813,-4.930265115854884,25.446970151517053
-1.7600053536001108,-5.021132289026488,27.408086672603428
-1.372301621312411,-4.852045274443978,29.65261765145055
-3.3908559343605957,-11.146698195648973,25.74596832787218
-2.8965517241379395,-11.58472116997299,26.54093624409318
-3.8753472227338626,-10.578443991474439,24.95041828756682
-4.317446978753433,-10.045508834121554,24.309875813347055
-4.310020989637766,-9.206008307884847,24.133492096076257
-4.611897240265809,-8.095365326226313,23.461432983656643
-0.13398528839792256,-4.2537560974639055,8.676134658686683
2.220446049250313E-16,-4.128732656250072,3.5717528164381385
-0.5507537821774199,-4.615183964159051,39.68360032935214
-0.8412707229021062,-4.677195051578773,35.304733120475355
-1.0091944782923623,-4.892443372451149,32.919691248295884
-0.29558801853134403,-4.461151399395302,28.94464931570537
0.1554011649069127,-4.260496183177171,2.2518290340225096
0.26603110352109594,-4.128252714601522,0.8737947700956801
-11.172413793103448,11.66701876696533,20.35541446586058
-2.8123672545294762,0.06478083673628551,9.607846656362872
-0.9628567510549426,1.561467391848505,7.6296906401352516
-0.7151196030184865,1.7451636587924746,8.54329140437192
-0.9259540906371532,2.0297564905063026,10.269929758494667
-0.6991539758840837,2.1992948837271413,11.328171937205179
-0.894067556681368,2.4387173224505414,12.953854181525395
-0.682557330905982,2.600143231008385,14.143445216341695
-2.4811535392174995,0.924420272649831,9.13990429343251
-1.7926979031992694,1.1147716166178665,7.50926264426161
-1.3179598264562646,1.3497526588528759,7.156147200123653
-4.63892244034653,-1.8198832620760186,15.623261095236204
-5.572884864234711,-2.3197709716522197,17.3622749648173
-3.612607457798952,-0.5105935490767399,12.207814926326206
-4.310156876648323,-1.0143539566870954,14.11565834772122
-3.77833030965485,0.23460422236941098,12.36686397777291
-6.561816894148774,-1.7584272677365334,17.872064632883106
-7.799731453678433,-0.9074470262359822,18.68483779770091
-9.260090815465468,-0.1780901028364219,19.48565871363309
-0.8267897142013442,2.8322081647242627,16.030282333566472
-0.6662969224987828,2.9539597645050666,17.086793120165265
-4.334297011151359,-6.792211376027928,23.02719258690052
-3.8330763344154257,-5.994664520065646,23.075285088193215
-3.128005994904691,-5.615045860385984,23.97806476489862
-2.560889135274648,-5.271410569023844,24.659726431556077
-1.5801404384655802,-5.199338619615553,28.836353607538342
-1.9885060272114536,-5.41536180334214,26.97845342052073
-1.2241991167982313,-5.176898014469691,31.186985365618657
-2.5596495299380257,-11.128637195348967,26.975574618499717
-2.068965517241386,-11.58449996988532,27.843612806426517
-3.050039470281736,-10.645863410254861,26.13471514552322
-3.5023121434411504,-9.828376020578574,25.390790349959392
-3.5534728838095435,-8.610543418008936,25.145069346011653
-3.6025491515008925,-7.500706774780461,24.7327533153762
-0.006194748895301415,-4.4446189724476985,14.748730588105238
-0.4235544918588502,-4.7238011892735265,39.63823493940913
-0.6870147177555702,-4.89785054292643,37.195591635105814
-0.9132708453009201,-5.132373355291987,33.706017883922875
-0.20086170654415714,-4.7101460851793036,35.17721853447279
0.2553768258137051,-4.442756436879491,5.5567322622456965
0.373708162469381,-4.239155386554514,1.4819538199373206
-1.6978774680382145,-11.178925442712911,28.393771252763127
-1.2413793103448327,-11.585103825718639,29.254719523889737
-0.8145130893153647,3.1526236860835035,19.18710373384653
-0.6523640405821022,3.2662621519829393,19.96966447742406
-10.662896585592469,11.255579810975918,20.563513713917004
-10.344827586206897,11.665393287112085,21.02819443629435
-3.39110518659661,0.8570117872963553,11.661481579336469
-1.2561151617275927,1.8472904393844687,9.45249250659476
-1.1428559793782893,2.2990675818413333,11.953138981814957
-1.1170168564903935,2.671636385694139,14.490044495781953
-3.1544721374083187,1.425435958129685,12.097568495783955
-2.2637928721466927,1.6095287784188181,10.313604316388878
-1.6068413054577255,1.7068542628972863,9.282283803816794
-5.335429164501533,-0.9140513266483092,15.924184451884074
-4.453574427244733,-0.1374958407390546,14.07674051906172
-4.283568902338728,0.7385606114686781,13.75818370237114
-6.460725257916201,-0.03084120306600223,17.281227717865878
-9.199256502620404,1.4742281206027525,19.484440291035995
-7.8392892905561755,0.591887068875691,18.639324368242857
-1.0503201290730624,3.02611193541974,17.354862319564948
-3.0846069902355073,-6.5413276093946155,25.1191362467672
-2.363181396626075,-5.910629785524708,26.472230881464466
-1.531911145720931,-5.50862172600068,29.444238106180673
-1.7681084219971468,-5.788610092324204,28.489747802207184
-1.1341368214361318,-5.441612711620198,31.841586998555638
-2.25360706556828,-10.63111498361874,27.41399445981472
-2.6312741722288644,-9.95569415950546,26.82576442626484
-2.726654749562859,-8.975816923245853,26.667154120121413
-2.5987005635292797,-7.65680651809311,26.74946799824482
0.08304188558527902,-4.733603209904208,28.313091689272962
-0.3696822104396943,-4.931570402399802,40.05775943233679
-0.6519612291520123,-5.175617122331805,36.44003664964264
-0.8280581142459054,-5.449366591172808,33.968684775096555
-0.10816070903503328,-5.0242801300976865,40.16304098444886
0.37619277128084355,-4.67276246716482,14.32586710015151
0.484670499676645,-4.394644697728189,1.3067570133715998
0.5807693808979271,-4.2087822869407105,2.195311029529595
-0.8203381508583483,-11.201884793179627,29.93938860556698
-0.41379310344827935,-11.586050802021738,30.73726313469449
-1.368854062568167,-10.631410872034442,28.980920366189768
-0.04265467678173385,-11.142813083524409,31.36509667943351
0.41379310344827314,-11.586826067438862,32.245985310432125
-0.7929186915341054,3.4312687817812937,22.84273358069891
-0.6421378866054904,3.541920993154436,22.646551850825666
-0.9710616767346876,3.34432417462214,20.5527221526289
-0.6350635632346221,3.785235568300192,23.999163286418508
-9.816228122398462,11.264498537202906,20.916373635687226
-9.517241379310345,11.659743885008858,21.161256805676462
-10.116306996841221,10.758172109277771,20.500153126896763
-9.030983489332966,11.270666435249789,21.12544715121877
-8.689655172413794,11.650466660109432,21.327221785879882
-8.302100956395037,11.254779053389592,21.36087382683935
-10.270446200120563,10.111418118334473,20.281686966558336
-3.978737351496366,1.4289792017970169,13.999266156848634
-1.5802230173811815,2.1368442503605083,11.363631533858227
-1.4626142643607718,2.5240369589007234,13.502309540969025
-1.325453495247525,2.909676350828234,16.158322599440254
-3.5726329208147285,1.9514996660778172,14.181816934723736
-2.84202123429071,1.9965593707095282,13.00388932789751
-2.1387482855993905,2.082883143467945,11.960452212749528
-9.285353631261746,3.2614049461709547,19.735965928609826
-5.349923390971454,0.6824132154187597,15.783237089948575
-4.695354173169145,1.4375507981078233,15.280328785581315
-6.627358896569982,1.4858315771785489,17.830222618761727
-7.973751431285929,2.3818799016912555,19.096181426027105
-1.277008549858096,3.2460056533644797,18.944344463804075
-2.0664807994877155,-6.824376545284573,27.953839226776086
-1.6394077345196347,-6.2594920215962935,29.380630868297924
-1.311285506463727,-5.855908717048601,30.70423150880708
-0.9933465708976837,-5.781718716244496,32.539227362854874
-1.8712713131768568,-9.752548665116475,28.250338435384432
-1.8385836338515555,-8.449274355327045,28.50139289365765
-1.7950590643031252,-7.5157700715833595,28.756186229282537
0.12048043108935698,-5.073763776509863,38.50357932840501
0.3237824395702034,-4.990488752382934,33.1238341970803
-0.32666405512328656,-5.243857786812548,39.08555698264389
-0.546887129419092,-5.465880011885483,36.194633568080896
-0.6638600865640393,-5.820525756545519,34.45396514545768
-0.019824525404296973,-5.332978846913927,40.36656740384336
0.5399407381130007,-4.887192656134163,21.899817406605994
0.6213633613028072,-4.640700624205209,5.983493757349295
0.6861031345809773,-4.426731723172582,1.7707310314488887
0.7076627111500622,-4.084422414422338,2.913612396216316
0.7627563431386911,-4.265265269112439,2.5435601233608622
-0.5237197724534459,-10.646540233478499,30.553736313430814
-1.0129720383724412,-9.935486626640257,29.87698276211315
0.7740530972478122,-11.114166143542045,32.88035017109312
1.2413793103448256,-11.586658508818292,33.72673555802986
0.319932324052588,-10.621823049834438,32.18575928232455
-7.862068965517242,11.639259641788378,21.63064804441368
-1.162699325672214,3.5142651809119645,21.77522783490522
-0.7721305098102941,3.6767237813609213,27.485319090630302
-0.9237359313127924,3.5978051346283553,23.821089757892626
-0.7371999469623284,3.8914487039528978,32.992601056913514
-9.277061709127848,10.75179252368288,20.771266290455483
-9.469672851170923,10.273879174295542,20.56659469593499
-8.642904154911601,10.836817660017493,21.032864946250164
-7.53637425775288,11.231730415890517,21.71656660274525
-7.996496080456391,10.721253601003374,21.268719391676253
-10.086766267609816,9.097747875090683,20.24268153411254
-9.435954230446175,9.69783635651666,20.47817792871931
-9.390855147103533,4.955931882797126,19.989566170283553
-9.428473279737025,6.556612447773334,20.151566370020486
-9.889718101542174,7.897514645892876,20.181436906822086
-4.327359022699345,2.1881345846607747,15.718746710490635
-1.9424952514860359,2.484429794451503,13.660453601645798
-1.759740573332866,2.788321052373735,15.287667040091794
-1.676297641242582,3.157689655243347,17.76005985066971
-3.840330113171307,2.619773638021417,15.960481507677295
-3.173388187446012,2.511895230097493,15.046518642385609
-2.5552839266303558,2.5199205123875874,14.499918900584996
-7.970059419961296,4.095382563925397,19.697337713970622
-5.4212276418916465,2.264622000612661,17.12397066172633
-6.6527460475185975,2.9384789440570356,18.673040671151075
-1.5212382502192747,3.4677387344388957,20.32783088799484
-1.3800670239248998,3.6957743843207718,22.69923094963144
0.637780007455565,-3.785235568300192,2.3112280578835387
-1.354092098144096,-6.917634126570081,30.379448567532965
-0.953068433640351,-6.2592106438951305,32.25133068707557
-1.011894456735286,-8.927297925744966,30.26083147720675
-1.053752690223923,-7.754961858802945,30.77336028203916
0.273100298144904,-5.265900045604772,39.78986204399053
0.5119388788183685,-5.190140819985127,36.77468715169464
0.7072375016980532,-5.065167696209474,27.0417170452293
-0.2569340511975957,-5.680833476964647,37.536917199773704
-0.45489029806809356,-6.103864120641053,34.95003025729829
0.11987355488619289,-5.603606742432308,40.09090901830024
0.7388222451352751,-3.897166442379307,3.000849115559552
0.7913473194491436,-4.826465681354109,11.839071479939262
0.8622965572518224,-4.627876112995476,2.8405488880748138
0.8881923478151681,-3.9930457590487434,2.7729357563863752
0.9042076296553513,-4.411050072612671,2.2101360582469582
0.9217321412125072,-4.160675071119984,2.629602023796627
-0.1776406965352449,-9.78828068968112,31.644972038574316
1.5802079704760577,-11.127862430332137,34.32873868308899
2.0689655172413763,-11.585360797435294,35.13628059778223
1.1316605519468623,-10.619013721304144,33.732556493066134
0.6779502139644114,-9.85472621897133,33.30116925516022
-7.0344827586206895,11.627348788447438,22.085641197587464
-1.1353304943000018,3.735199743413049,24.403803266939722
-0.9127207143180923,3.817366674738241,26.998322895425243
-0.8752003246887835,3.9980344768961342,30.7975520169599
-0.7280845697221776,4.071331722421898,37.43772177853841
-8.602538966996088,10.092588730237866,20.83684888747304
-6.77103278009904,11.253102943990076,22.196628800715903
-7.246724433179196,10.801630510200276,21.707297774421793
-7.648333713503545,10.109975236284493,21.31561923182252
-8.76747447106003,8.846914594093166,20.59901542065566
-8.050515975974822,5.683882897207058,20.224958612421986
-8.440646971724735,7.486026997158296,20.512795366783312
-4.567491519965353,3.0046953018938014,17.43570858290965
-2.2044538243275826,3.0094638781841834,16.53103918431381
-1.9892172022507104,3.4755346847433835,19.247878576758243
-3.6335891265869034,3.1287240348156637,17.12256404867202
-2.837230112081732,3.044122441406642,16.619893769615697
-6.511558873779413,4.698855821501817,19.938670045012334
-5.602039096090075,3.507440411362105,18.682401291554644
-1.725580736625974,3.828799141920858,22.13454254296135
-1.355486312807034,3.93286912091909,24.887614467838414
0.7649253590775144,-3.6997944737008988,2.7861087721287654
0.6478705908080995,-3.541920993154436,2.4823991734544655
-0.7041461974792065,-6.98797114173532,32.65407343389891
-0.40656146062740417,-6.498390893426093,34.42267815290554
-0.285395605446334,-8.478069031848456,32.28605773269606
-0.3074453343723762,-7.596992743740079,33.08388661232438
0.4781435844689405,-5.502922856605978,40.51619950394369
0.9258642890070045,-5.109905401479296,24.58105314249821
0.7459996439156404,-5.345776796537128,37.79533647184564
0.011090325695441682,-6.142918394214527,37.25012651793741
0.3952291334930701,-5.862060077847124,40.14463571723448
0.9398982614519127,-3.824293074478792,2.666685956851827
1.0586843375962067,-4.83133252958798,7.57380483786971
1.065955062849391,-4.566701265363265,2.254820281694631
1.229707601423434,-4.691022551875188,3.1171681383934597
1.1328463801260837,-3.9986717928432958,2.5816289978113356
1.1062042344482166,-4.325471893292456,2.3853538806530907
0.6317027183659067,-8.893659676946859,34.004658878306174
2.384484121544469,-11.135915466809996,35.687414880640056
2.896551724137929,-11.584039858996729,36.43640973865431
1.9635240357473551,-10.536268929563548,35.25494473333317
1.6007749519073904,-9.73842528195116,35.14761045930519
-6.206896551724136,11.61606789770988,22.687800105961212
-1.0745004439240802,4.001772620270419,28.003133044523846
-0.9057712959533465,4.1809323085269625,32.385099716733045
-0.7661539996513789,4.274526182784781,37.33093058776293
-0.6178586142165269,4.236359808318255,36.920854036989375
-5.903416982398489,11.248072585839708,22.87684762996018
-7.662366306143621,9.225076744530908,21.166335373281097
-6.411941803252937,10.735787367167488,22.288378347653495
-6.945318314935949,10.019735453149483,21.760498137523374
-7.4103449896781255,8.089340989350854,21.085087411099973
-6.851255710313333,6.572401160246784,20.875500151181914
-4.710861575863794,3.7603780145556587,18.87891818011271
-4.139983909867041,3.5770095003196047,18.442015444474336
-3.7188891347140633,3.7583184838498527,18.86995909466936
-2.1345470946669387,3.803958376922012,20.66123526976458
-2.51612050343569,3.572741677000717,18.86577546547242
-3.1053241420951587,3.602147956699003,18.50800912364669
-5.478861774945429,5.664437798573912,20.972237405557276
-5.1202778872365995,4.592541375745529,20.051120340984912
-1.9520095154452233,4.149253462972002,23.0554137147758
-1.6043087374116507,4.1547114513041254,24.795997402692596
-1.3112415058011189,4.196873217911271,27.267550880341926
-1.7767447474020912,4.3980834981536,25.123862376322997
0.8078144278755789,-3.4344565954617408,2.5878029210862348
0.6609465710465976,-3.2662621519829393,2.399528807890988
0.8359057566051886,-3.1481317845973975,2.4021348874434527
0.6765487389538195,-2.9539597645050666,2.260200781047869
0.9536290957138045,-3.605218586797898,2.5786927016079613
0.8700992084988061,-2.822445063280741,2.192037571299153
0.6934318568663211,-2.600143231008385,2.0552338001631814
0.08506840100957651,-6.901085523830243,35.60138025890932
0.48289560914768964,-7.71672150914815,35.139682307589304
1.1867503798423193,-5.121397070541676,20.479464355294496
0.7482729662202507,-5.736772035979108,41.15263064284799
1.0222269959946781,-5.486996236478058,37.77188988551379
0.6628364150515192,-6.2874508942345,39.48188994457511
1.1812497071080943,-3.760483767434698,2.5846967628450646
1.3488691533503316,-4.875959623506851,7.018206062694655
1.3014351741071173,-4.509191443993402,2.333376916020555
1.4115346862483378,-4.6732475484150715,2.5443512932371957
1.4276921094990227,-3.980142567466027,2.618176213017978
1.3605666881987823,-4.277476171573542,2.549647028678155
1.3685187487526136,-8.42346589614248,36.15470027590367
3.26383555862476,-11.175003765950706,37.0184986003166
3.7241379310344813,-11.583923304864218,37.60123140607047
2.7570583222222704,-10.624099159784198,36.515046004753316
2.326958296387082,-9.972297517199655,36.195751073868536
2.250561264568489,-9.029835342000974,37.014874136418946
-5.3793103448275845,11.606848282269299,23.430305628293592
-0.26603110352109594,4.1257148461289,6.929789314593454
-1.0954790007870059,4.304762578361083,30.268937494256864
-0.911987496362889,4.420739765608185,33.7008985735443
-0.6862101999528871,4.431856295283599,38.298284628173626
-0.3658621104602471,4.23443593542546,14.628852798105639
-0.4612332774395362,4.411329132631921,35.669669547847114
-5.054421192412758,11.232251164270334,23.696618342587087
-5.477323740858143,10.622697197547117,23.09160818395083
-6.426195481683129,9.03691664569827,21.953403417343495
-5.911946693450993,9.897955381557399,22.546581127762284
-5.965805021882221,7.971445623574339,21.98006407691827
-5.607524338396166,6.864705837936007,21.807889661882285
-4.148614239765194,4.297028222670157,20.04246072456553
-3.4409633386152483,4.129295498240916,20.046836880485184
-2.3700553695064492,4.1547593657160045,21.725485605280735
-2.86572211129258,4.191883005453192,20.926315107866454
-4.798418404002453,6.449193592655369,22.31167011157563
-4.298140168839156,5.293376061284975,21.529990618733336
-2.1166898100144538,4.523879562550953,24.142043037411582
-1.4804369861581408,4.454830961345203,27.199836415155485
-1.2735948910759125,4.4638396293821305,29.08780600460734
-1.7412800908963146,4.70268564877135,26.59190088442814
0.983609194002269,-3.345411582536873,2.4545201867314606
1.0416382042356658,-3.043645868548966,2.289470921622966
1.206268377175361,-3.533219241448297,2.5277164112221304
0.9014819663312124,-2.4552661682861863,1.9415509485361
0.7110589257396749,-2.1992948837271413,1.7856202394262586
1.0991588869551379,-2.7087574451020155,2.0883518536307126
1.5331217698889903,-5.136068839947865,16.9106537201534
0.9626220270761756,-6.941869983648722,38.36810770534475
1.3722420285236723,-7.510729547622265,37.95634304615381
1.3811705281194013,-5.534145298125213,34.6428574278093
1.1468225319567382,-5.920931002838995,41.44487979135278
1.281092199726215,-6.401274948494249,40.72770585871298
1.4804224870052534,-3.7239652416264466,2.5913878012298537
1.7087629140442506,-3.935258749843756,2.72969315869913
1.6114623706241815,-4.788665404995029,3.5303286877684443
1.5716264034007,-4.499846583444231,2.7991774181522966
1.717184439980779,-4.2708388860296065,2.860729341456856
2.0869367880065433,-7.882677168681873,38.69010469537716
4.154571073796028,-11.168213120258027,38.22474247010178
4.551724137931032,-11.585825209072743,38.61757074350395
3.5204814535827444,-10.627710789646432,37.62416613912154
5.036194358898807,-11.185735550360835,39.22306692915529
5.3793103448275845,-11.589951246261213,39.47961047722972
3.0446685743652075,-9.781442294691294,37.4522925702226
2.945304061576536,-8.547542248545911,38.958659479482314
5.834086257073878,-11.136718783654674,40.00664259980588
6.206896551724136,-11.596384889656969,40.194434295441525
6.6810644318742005,-11.162011660683868,40.65695201596623
7.0344827586206895,-11.602877148825112,40.77609406706103
-4.551724137931032,11.600281406930318,24.321950316263262
-4.222862562330946,11.216875123267462,24.656694258485853
0.2660311035210955,4.120050233633345,0.6380052951295476
-0.12040089526809812,4.23440401866747,7.702299781889235
-2.220446049250313E-16,4.122079877664674,4.291657836725913
-1.0985045944975396,4.586342437486598,31.44677245871299
-0.8263555646700501,4.619964650811432,35.19108620960009
-0.5834801142403907,4.615329204331331,38.88128190736568
-0.22964877231622555,4.3988078068062135,20.09907406340945
-0.34470265591085486,4.623267083057476,37.925806782257276
-4.567874445210048,10.589771376871688,24.085095436624446
-5.037998596871572,9.96345371383078,23.444192216117955
-5.12192351930607,9.002708419208384,23.068233666502376
-4.667548175173238,7.74621174838963,23.257044363960947
-3.3796361734365155,4.762837737458987,21.761134385822988
-2.627936712253969,4.695364340768866,23.173253535901633
-4.0507417979174525,6.5357874952097195,23.326979271433377
-3.482164524325319,5.657369032003447,23.244426569288464
-2.1311987075330867,5.0139617955460425,25.73631799909222
-1.3625151009365197,4.785533458500945,29.39119751060432
-1.6259245516411975,5.098121503764624,28.392687132843378
0.6259045932326933,3.785235568300192,2.3072626267194463
0.9396629676188472,-2.032120838529367,1.6345578873490576
0.7281821889310771,-1.7451636587924746,1.4424112047631332
1.2743707220739697,-3.2349165182285757,2.4035338109687454
1.3722056653212136,-2.913331817244507,2.238214987929442
1.55466898679859,-3.4686446210277144,2.5209759881179927
1.2020055621964734,-2.293772571522255,1.821481333190942
1.4901114383446938,-2.546042490566176,2.0369380677519775
1.8634077870111514,-4.950529824538432,6.726836480480459
1.8364952652666322,-5.434985860868914,27.736309207091
1.8103356045625687,-6.892787411646304,40.695773718575076
1.7465143883056395,-6.061466947925948,40.73403825202656
1.812236633000815,-3.6831640527121308,2.6696804040413795
1.9955455292405802,-3.9845180180893762,2.893726677747934
1.9075444486386874,-4.603326716589789,3.2818490060528087
2.0971773836453993,-4.295306270970406,3.132883779943643
2.698447475603837,-7.224841764503595,41.19337408746325
4.464199929049048,-10.602724064281587,38.80127213725635
3.9158096127733315,-9.960887153996735,38.487650620570406
5.37526824625662,-10.610164009777908,39.74749400246589
3.8052685225183347,-9.066040564191907,39.39979700602208
3.5762102987361852,-7.878799250331217,41.18169934387799
7.522592425616306,-11.185994329978689,41.20490737076033
7.862068965517242,-11.607571069730714,41.262165471361904
6.32578360886192,-10.676065345187254,40.54169697265933
7.089411554859058,-10.692694253903204,41.11494289939058
8.30838137177369,-11.172984686511397,41.62494531255005
8.689655172413794,-11.614964090576253,41.634846994821
9.087759260080754,-11.191932019351157,41.93666825454583
9.517241379310345,-11.627117791859884,41.901107074084806
-3.7241379310344813,11.596264545334027,25.367468231381253
-3.34412033643246,11.175253635496189,25.82022320774112
-3.6990498784880717,10.621901796176765,25.200736720371864
0.16863190730202052,4.231372499591013,2.242517442226097
0.3723625648748496,4.215257467411628,1.2319487125520594
0.016781582117314828,4.407300547263752,10.7750967882101
0.5690333406676406,4.189325915157819,2.0658434515307786
-1.0057372905059867,4.856536163152181,32.8293616513002
-0.7294039920441121,4.869808420821278,36.16092999217514
-0.5118509986336821,4.883237261670587,39.14848457717854
-0.11428240900160715,4.632948839016871,29.04205172150151
-0.25345868926240034,4.862831197725344,39.902918706831414
-4.113764869094515,9.702239406197483,24.507637472950965
-4.028435570987631,8.501573699168263,24.389281797884266
-3.4732926238506114,7.304173758923222,24.844983325552292
-2.6762614420310773,5.427281360120726,24.81766881450463
-3.0136294398055554,6.2860433799290005,25.020697126343418
-1.9734886664618645,5.531985837080703,27.50472907497525
-1.2274640883711512,5.147408240987356,31.119831163295235
-1.455574867439824,5.548397047237368,30.088627553530525
0.7283063031253881,3.870555454363141,3.007496172142726
0.7222786450259088,4.066663125132835,3.043176380644326
0.7577397152318769,3.662427395429121,2.8406816234956582
0.6348246240660359,3.541920993154436,2.5080906765299416
0.7820974763470119,3.4214875143484136,2.6835541166508503
0.6480285771307543,3.2662621519829393,2.4561592912753434
0.7996562834327261,3.139054324400194,2.519379029026893
0.6647956442538894,2.953959764505065,2.3388494510496605
0.8767320812450654,3.763492259217741,2.8054073227715874
0.8332814672307942,2.8116461644718562,2.329218107257022
0.6839703586194225,2.600143231008384,2.1429731548039923
0.9829509672094116,-1.546214412770853,1.2671817304850033
0.7407989724580752,-1.230667822629914,1.0212254045726834
1.2555130522884221,-1.8556556487769684,1.516239834100843
1.6677835045669434,-3.173314772942071,2.4069763399083914
1.8454194502972936,-2.800477012185027,2.2538747776050907
1.958233371196257,-3.4509664456887057,2.593664119821837
1.5261050616405263,-2.164792837872815,1.798081344775489
1.9582386093144972,-2.4362239266135557,2.092330110605855
2.2109266913070833,-5.191577372722952,14.367679693300834
2.2184055497062776,-4.868305106733544,4.96527210450486
2.369569894562248,-5.633274001664819,29.411450125465933
2.5137343584508307,-6.286078582476549,40.059212156262824
2.190668346332493,-3.755635946343971,2.8008214022653317
2.3694226226469137,-4.139546791953397,2.9326138247091014
2.3870390474369625,-4.55593017332315,3.708843942815616
3.3438927288486564,-6.7793547352867725,41.384178328960985
4.825231518219234,-9.695110967959412,39.80854179588608
5.714048806185975,-9.870788409668943,40.56256043308191
4.548836036188315,-8.39718447470813,41.42913960837188
4.103861220700282,-7.23440854214684,42.35490671123554
7.872019990047412,-10.62120681425227,41.62924931650849
6.599141003010541,-9.853573618666353,41.495208626843244
7.390627391713634,-10.031228474486177,41.8307505283528
8.668325787438008,-10.722731691818963,41.9610213603396
9.887848203164827,-11.197286266225957,42.17803380619256
10.344827586206897,-11.63742323793213,42.09642976077247
9.360842241735538,-10.729981079616943,42.232951655908366
10.716290699540165,-11.204097672970521,42.37890707904632
11.172413793103448,-11.642575960968253,42.29268149622763
-2.896551724137929,11.594227771373955,26.553343885162196
-2.4719049830721693,11.151605013850025,27.131720779677124
-2.88326378789929,10.64026041866575,26.39727710573361
-3.2528487112601057,9.953432556769034,25.81416974724799
0.27252418558068836,4.404846620778485,3.568232321060927
0.4640654800876061,4.35936060670328,1.816915510738702
0.15574595159980364,4.647441614913706,20.78500524803682
0.7540124937756426,4.251850567156282,2.6827627955509286
0.6523736011415863,4.404572775137304,1.7438456456105353
-0.8578176294610649,5.158366812736259,34.03519058217103
-0.5987768405028056,5.096437767619619,36.74507007713502
-0.3364678376795409,5.12981499496421,39.44948824810205
0.010670507644335681,4.980232916099963,38.664502286381556
-3.17950688259722,9.06923315510423,25.848699199962955
-3.026402865634483,7.981329629518759,25.94264766102083
-2.620021737402639,7.034970319023927,26.555553968707134
-2.292542544564893,6.223448822848887,26.989048958608624
-1.6194308421676817,6.086892776038115,29.44313264382043
-1.0042157440586592,5.481093257810966,32.80311083095416
-1.1849496351386264,5.892716642842831,31.613119615827408
0.886286967710489,3.9415932730715224,2.8732906426767943
0.9277021514685896,4.161162766652802,2.779511153926974
0.935616026488682,3.566484933355984,2.7061140022028183
0.9576378882462383,3.3107420370377802,2.6033421425103813
1.0314041583980171,3.0109695496351137,2.466306731348571
1.0757113936688907,3.7764002398689396,2.741118939572499
0.8730432970296311,2.456206499763092,2.098452090867022
0.7041368513834962,2.1992948837271378,1.870331143422361
1.0717562654883517,2.663101861708254,2.2810145012213066
0.9113227485947314,2.0370015310118585,1.7946143984204814
0.723426064244492,1.745163658792472,1.4998577557687705
0.9872497098631859,1.5344268709447029,1.4095298618952017
0.7377733663605347,1.2306678226299113,1.044265476795437
1.0142592644522823,0.9944835223191371,0.9803966138724797
0.7452707892956802,0.647784524223316,0.5678505772731731
1.0027499028158817,0.38248499715993367,0.5744229887474068
0.7460271908200653,-1.7763568394002505E-15,0.2623857445374052
1.0026255409598688,-0.3328967603638346,0.5111820624956542
0.7467835923444504,-0.6477845242233196,0.5573679229588226
1.007943107751465,-0.9937056960934806,0.8694093433321136
1.358168926024872,-1.3246943917770657,1.1817465956794644
1.668974464503175,-1.6700035551484853,1.5225536849967913
2.1588210305364517,-3.1027513993118765,2.479698850110116
2.278304558498437,-2.7590980754584518,2.361445447624107
2.390850253586162,-3.4210614476472854,2.7018831525112894
2.0730895451749527,-2.0405392308583563,1.9275306788145563
2.541626592548461,-2.414297987428226,2.327242871653875
2.707730100779415,-5.010471631955834,8.11313136784941
3.1669578748517324,-5.740467904580265,29.36204644817033
2.6894046680000545,-3.876843989301529,2.7563565875796248
2.8486993481467096,-4.38469146857713,2.4509439542427276
4.040245858479018,-6.1996785453675685,34.78068184190781
3.751582208653406,-5.498166102340441,20.394181284632285
4.6739333446344515,-6.840549631035605,39.82327960239196
5.655016685533947,-8.821636844739253,41.976840047589654
5.114624353492212,-7.685558767357261,42.66300508338776
6.614139862683891,-8.673046000214654,42.67832985580842
8.25278140888377,-9.921607448815179,42.37570973354871
7.4450898710601185,-9.183207218402845,42.8796934666565
9.1967919080273,-10.039997044615893,42.7199029592671
10.208837763612193,-10.507995380387104,42.66331695442012
-2.0689655172413763,11.593008764408548,27.871174307329277
-1.6507715804035266,11.14569425338322,28.499737549972654
-2.0031426870978457,10.64796396382404,27.85142160430767
-2.4016483824117696,9.783800498658286,27.238087144600005
0.4907479055008683,4.593173465977541,6.71709110521227
0.38536082473060523,4.880872921068375,26.95165002602734
0.8988700002953197,4.4154528848122485,2.5960004247487856
0.818343383918692,4.610120465747989,2.8678944096085317
-0.558343744695628,5.440961347905762,35.90169056593816
-0.12871778416079846,5.375497812808158,39.59763970274303
0.2753513501726967,5.2325716309475325,39.638402307755534
-2.2539408961948157,8.493023140313571,27.60491254317377
-2.1919520235673424,7.56705206455285,27.755491214414167
-1.6845224740076845,6.846595322668104,29.150856951423265
-1.093079529880528,6.4027596206139314,31.678897250735194
-0.7837780901621573,5.874466387977156,33.77140883016491
1.0975849290043276,4.05924974422357,2.710869931796671
1.1228232181052764,4.342071692724951,2.5066823770232136
1.1628817878867146,3.4604390492064763,2.6643330022242946
1.3339782259731254,3.641314336506619,2.713482852899528
1.1942429152098235,3.205581648629294,2.579243273639652
1.3318501307801693,2.935691261563305,2.4779251802009585
1.3219124463334684,3.9298558974930957,2.7218393261187814
1.1909296912807934,2.268271652037898,2.0546072698442743
1.4201404838526002,2.536020533550798,2.2895945924692067
1.2796117621473844,1.8281737265795142,1.7768350017044072
1.4051763234384953,1.3031531137787395,1.4675710893543936
1.4313209942716105,0.6856893525724072,1.0798151966988192
1.4259633322107892,-0.026046126267306013,0.8283263204694004
1.4125196392754582,-0.7256775212850587,0.918204185029656
1.821112325121299,-1.1569095165875471,1.3146059243625488
2.307546409124736,-1.5279612309014268,1.809974304232467
2.707519608345668,-2.9803676007547883,2.6345550342987707
2.96052911673913,-3.4195555802362296,2.824252592916306
2.764417316855677,-1.9159110741541963,2.268518425251901
3.021719139857564,-2.4688988622134485,2.6203375736830785
3.491642054734096,-4.867778418445143,4.286051936363097
3.446957595282818,-3.857577806483727,2.89713033404356
4.840548239768847,-6.111087595976655,31.10073104504544
4.430731759141422,-5.267866273706405,12.358135049717431
5.534263571887561,-6.667821519571519,37.929078447547475
6.169095218957457,-7.576195674600011,42.228896631210894
7.346852981568306,-7.936184189759161,42.84231681384049
8.684726844388097,-8.919356863501497,43.65639335191135
9.987226276017706,-9.448548715092132,43.68297339991461
-1.2413793103448256,11.591480924263253,29.300017890188947
-0.8031289341639233,11.142389006805535,30.006689205743296
-1.1770093278075038,10.667032290630985,29.33792173761554
-1.5903590526295233,9.952727690172242,28.739424291553313
-1.5888365664539352,9.038698925621187,28.940481162133604
-0.3417671066493458,10.637703741003357,30.92760370780294
0.6868219114470963,4.844999257493652,16.013450211524773
0.6349458430790701,5.116022451799353,31.57160181671932
1.0741495511778707,4.6144545865332605,3.304127186895198
0.9705580494778708,4.819419597314257,8.740087937154934
-0.30407556717645146,5.870242462873219,36.388623038712346
0.17186568745478537,5.674727345992714,39.8409687688357
0.5510941026193191,5.470337639125775,40.4062548411024
-1.4105301651070312,7.818185247654697,29.823337042399626
-0.8063854645190293,7.018450520301935,32.176851687894604
-0.48137734739851545,6.3648868010019495,34.4389233495781
1.3441461029515975,4.239086984319042,2.643446586858607
1.3567267756924897,4.549827378495463,2.590230259418241
1.5918262640043057,3.7130331993970427,2.7404548566250875
1.5198102500984874,3.3305478483533117,2.663163682719439
1.7724251603809917,2.881292644931176,2.534477563856352
1.5887842899770688,4.074409843236955,2.7311743580175896
1.5897035905720622,2.08912575961387,2.075290153618518
1.8824774462632323,2.438268486896709,2.3640049406076558
1.8099346040700441,1.6729210273908681,1.9249817204225692
1.9086816058264642,1.1032241828658065,1.6951811246956348
1.9238025692060103,0.29932738168329864,1.351185991744172
1.9287879964050176,-0.4686738202116246,1.2645000457914872
2.5854819726714133,-0.9709331478535715,1.8164443821573804
3.07015749517556,-1.4566617293670263,2.3606099137734127
3.4858962572868126,-2.940895120765236,2.9921720982226354
3.5120192081661905,-2.147817878465069,2.8366506709694375
4.2940106676080765,-4.246948456010949,2.8404329780513877
4.3355212718910705,-3.360281704237247,3.285510720773408
5.529386999103484,-5.594068532080594,19.214725158977753
5.28620380993189,-4.779307707790224,5.695676688256547
6.70656809918078,-6.443207208530019,33.669366427665246
8.407841842549756,-7.283410255889314,39.90394472955831
9.77448494665138,-8.255828739202762,42.685153787082164
0.024738636156207833,11.136422542809262,31.53814649870083
-0.41379310344827314,11.589415237445886,30.798250259118483
-0.7487029489914222,9.832426241866765,30.44821023756677
-0.8243750323825285,8.767246151064228,30.722082945781686
0.055259514726331706,9.997966150448905,31.969677056082197
0.4985135801190529,10.643816949080268,32.535455808200254
0.9419752473851971,5.0585821711123975,22.536422308982367
0.8454630667595318,5.355230820376832,35.73078492027696
1.2814179607632685,4.9114132044636145,8.869178862972516
0.2054974768831475,6.287018956210481,37.582629645363646
0.5411181127794997,5.8924713405126035,40.31034140439748
0.8989276520991748,5.733518336200192,40.66886980693798
-0.3442873927147635,7.8120773818252935,32.921671771274184
0.009603570143779912,7.010905872508014,35.09141130576072
1.7005158110042042,4.412116906728692,2.7297213930511206
1.6889217741728926,4.716148521593524,3.368244927718344
1.853865178197651,3.8986329425214956,2.7742387796109202
1.9347068373809801,3.5910460456284907,2.7648581367245355
2.3180187979404083,2.7429741660697102,2.6353197244981206
2.023677179908108,3.2022433110237136,2.7053101971169533
1.9479559865962743,4.204802294117536,2.7908898145253187
2.1977354207149316,2.1023653326552876,2.3342303587561166
2.5714059540411878,1.5539750049571577,2.3263547738957837
2.752654995951958,0.75909046722525,2.240339415993358
2.7103873045411877,-0.22207133205372304,1.9573965076574917
3.27241156914084,-0.9641204894946216,2.41531033571313
3.8002518707676494,-1.4977123163237827,2.964325466783498
4.307898551985033,-2.3847560772230145,3.4260598464735215
5.446280477477378,-3.8246485184557,2.7834106414210353
5.211538195165886,-2.9584738281637746,3.6992968525960266
6.445747135848711,-4.728228371563111,6.393616112432916
7.835782816941815,-5.660834873370124,22.07255211910763
9.58319258599972,-6.587938267987718,33.89784148749437
0.817117893397228,11.130821930002712,32.997438648028556
0.41379310344827935,11.586978729299855,32.317872233635235
0.10926581377025892,9.002094800790719,32.69333665592844
0.7589882353831146,9.873789019503418,33.417923320730246
1.1304086914990144,10.677248540165815,33.69723470861572
1.223800836927956,5.341009884702886,31.71926238955965
1.667752852289331,5.113522715485986,14.422563075529867
0.5895636520302808,6.897282991628736,37.329731770236315
0.9088524598769021,6.273220076857974,40.096330083234285
1.2739085885710384,5.850968576484539,39.956035913957706
0.6422492145728388,7.791659957581735,35.755306121672184
2.0775107982654477,4.582007682573908,2.8835552781237523
2.0797999711532347,4.953627524186655,7.096804396758718
2.690156757379149,2.490185132634315,2.707996119421384
2.214733843709477,3.9013630850351766,2.8673690971916286
2.4206775974583516,3.5636206591838375,2.8651675522605
2.6824727837426816,2.9309283319726633,2.8248294409899666
2.447980601046381,3.1817355183899787,2.808317991315029
2.3781061407345447,4.2830273435459905,2.9497736349402017
2.959077547534989,2.0642877041403507,2.7157231262102477
3.251391395030209,1.4864851016874934,2.79112799099657
3.1987816308662484,2.4691579714162595,2.9376024106627603
3.533641396039156,0.8680685049264663,2.9529762543235516
3.6253115317781193,0.2269645619003131,2.8758112414184254
3.8112208053798726,-0.5726672514433522,2.907934810797306
4.582615759371338,-1.277381391372684,3.6426756303618064
5.495784447431755,-1.9830342259546194,4.249250941723321
6.430529183426795,-3.0957344764517662,4.481497741615858
7.711384115999405,-4.129445202564714,2.1761376242083137
9.498165989993101,-4.853263609376681,10.753385432218096
1.5938740388159804,11.155938673155356,34.386210306760354
2.033255586174033,10.566658068667385,35.33109238831714
1.2413793103448327,11.584526145505716,33.79867008558087
1.1970219544648746,9.002255425063204,35.11236173615814
1.6815095643587756,9.852931720439042,35.14568952033306
2.4583271565292484,9.961136401672274,36.38333248832076
1.663908880544023,5.627352295337195,35.732659723477134
2.0691583132617977,5.388777086938587,22.64818547972844
1.2695287029672815,6.980270756147763,39.14376782377645
1.6299897802872174,6.267379714271879,40.627557690007166
1.7132599100328714,7.8322494306220065,38.372448222678095
2.5623595674678055,4.77007114400904,3.6199637925205317
2.541637978980902,5.2672720656184495,15.801010368514936
3.063985450062276,2.907553023590855,2.962125589717607
2.7225096475349133,3.8406942326797724,2.9704824506440777
2.8396866756019374,3.361000774543217,2.94981598932298
2.9484866609053726,4.309074779845427,3.134818089047847
3.89893111631011,1.3911276914336004,3.2569751348454936
3.6942699824020617,2.110364600770136,3.1425059915560243
3.587809361024556,2.777717183038998,3.065310457167731
4.314824407684863,0.838833725410803,3.6510311156266826
4.61016210773179,-0.053978553668450856,3.7589044644913447
5.560344960110914,-0.5888729873446189,4.620348667732646
6.788154487827183,-1.5179263911611622,5.445306563768544
7.914815424237251,-2.528384797299285,6.056671884974455
9.260648737371882,-3.320590985471323,5.208355227912878
2.887438132658667,10.556518608159289,36.70153652008065
2.4479759331825104,11.19617446841253,35.814319727790924
2.068965517241386,11.582789212126125,35.203940114812745
2.4715368044351025,8.932779672767708,37.71846667529172
3.371450778197013,9.786789927494027,37.98923207315804
2.296759665161409,5.918897993622973,36.71198768544496
2.1813937416488507,6.75953701174889,41.17149057852948
2.7203572782060137,7.612245832598825,40.62846647381097
3.1459028174952275,4.988999299139022,6.5615426947468185
3.102011324229247,5.691191278397698,27.4978059117133
3.4434251427742644,3.5976758058607623,3.06241885856495
3.6305650625296,4.5033848437819675,3.135738265841994
4.516541715904,1.7567281728356847,3.704919796558579
4.283376223545848,2.8927055150363787,3.3264310723342794
5.392441007950637,1.0275968931816701,4.603135361270266
6.544860453438765,0.3403396793933604,5.6781969397752965
7.990660803792948,-0.7079708009010566,6.509325772160996
9.268430567626412,-1.673837670621523,7.366470278282605
3.8076776116840576,10.552258308455537,38.007626273244504
3.3712598430538785,11.189337917159548,37.208915865662654
2.8965517241379395,11.582410965712484,36.506513827402685
4.231257963114041,9.945148668641941,38.984443677156634
4.183049926966983,9.002147282713707,40.32944285897648
3.511839321130642,8.530160758957964,40.12943606409424
3.093542111933144,6.573450165838781,40.89852017689774
3.5749863274904348,7.479417493995885,41.48075045894498
3.7696233155904504,5.274405392904069,13.612906691981726
3.820938594340017,6.027938123700249,30.829758191183096
4.286573863244163,3.8218128661174204,3.052096639353969
4.4968627828753345,4.758796306217815,4.832411274947656
5.368640311014133,2.4466083706351385,4.018169754711359
5.249226181282292,3.3652333236312075,3.1864600308122992
6.6885997881267825,1.7880239616057116,5.382565075589128
7.829893823394454,0.8990214638845211,6.638889335725971
9.243310385912862,0.05903130686533709,6.906859570099328
4.727417396692422,10.615346370526348,39.07431947059967
4.231359392245635,11.138046859534306,38.35966916656258
3.724137931034493,11.583638214577133,37.67518854783125
5.066694102029726,9.769201454020088,40.20917851292264
5.013489024006234,8.750981441881219,41.45660255216506
4.584445981679577,7.861779874238399,42.07828851359776
4.305885275611146,6.7641496208576175,40.453724450412544
4.566972318606822,5.658324426283442,21.736505851411668
5.460846561580373,4.1834463725051645,3.5881465383900104
5.379748191715367,5.194137578659802,11.580701509275954
6.568238458179995,3.320367898483126,4.208387885756097
7.8777057875160645,2.4147247381338643,6.054153004444159
9.244999824630472,1.5966766655252214,7.595938836502156
5.4480978484493985,10.60247609758726,39.8493724195093
5.068627581943496,11.170195585811175,39.299455664286036
4.551724137931046,11.586179652340272,38.697950617228585
5.500693735759298,8.144966487744126,42.540450699470654
5.8474913402004445,9.972674444176956,40.741717245414826
5.906274737633207,9.082814700370607,41.80665343479006
5.5082347983644215,7.236092650500932,41.78005166351354
5.587277688861056,6.2052114445550535,30.399801789669777
6.491512836734927,5.132679876598635,11.947343458665559
7.742705999164954,4.228011291617466,2.756876024499002
9.248999280302726,3.2071422021025633,4.3475230497941295
6.3195739291465145,10.602566137435318,40.62638199680679
5.938006051634614,11.22275221332253,40.12905574863476
5.3793103448276005,11.58946950288241,39.56088389755401
6.3619919882484055,8.021842309797034,43.14205006407219
6.7361546292754175,9.882929861228211,41.55865624179632
6.739315893980852,8.854470560563138,42.723898305377126
6.7975106219052215,6.806467756752259,37.64567009554866
7.837548671275108,5.6715680478015145,21.708673874550616
9.174027490643947,4.841692119867732,9.710045052196103
7.17454600135356,10.685375358660673,41.22017674286737
6.788660110129583,11.234626606290101,40.806500568416105
6.206896551724153,11.593707433528728,40.29059473920445
7.559720224411298,10.082294368612105,41.924162754363806
7.442805824110495,8.099915593431787,43.08738445431744
7.570526026790268,9.18628215280173,42.985324173356055
8.360891817696775,7.354803952722328,40.85870453348892
9.427186621166857,6.370745761566584,30.975124970911995
8.041615487126865,10.7205123500493,41.6856474845797
7.628316394746397,11.262039196835742,41.338895545610654
7.0344827586207055,11.600768902102317,40.878941820883256
8.275758977510375,9.936372120320613,42.479886276196446
8.646006862979373,8.791420293367361,43.59956439195871
9.699945353968769,7.89481006514932,42.67532175024838
8.92721928582085,10.747650301175192,42.0765907959113
8.497015108337083,11.272723843401321,41.74743032785519
7.86206896551726,11.611065814961496,41.33021354793404
9.31205249067654,9.931734062422949,42.87750091620337
10.051467965648577,9.050850545880262,43.71673774783102
9.69482299950398,10.652537303799404,42.40479083883571
9.22384538059709,11.208522139538227,42.05396235312185
8.689655172413815,11.624179974822125,41.64800564686425
10.331742789350375,10.044959157687682,43.05475344597565
10.373659535472141,10.76038961585883,42.52486375074668
10.000418515106881,11.221968546113542,42.28345681711361
9.517241379310367,11.638969846885095,41.881283657976276
10.763592193366764,11.243543178745172,42.44140159914116
10.344827586206918,11.65048117898291,42.072885824460016
11.172413793103473,11.656236845031815,42.25922712851281
-12,-12,10
-11.172413793103473,-12,0
-11.999999999999998,-11.845454644238682,20
-11.172413793103473,-11.845454644238686,19.84640742028813
-10.344827586206918,-11.840364470378708,19.424222784506657
-10.344827586206918,-12,0
-9.517241379310367,-11.835069484743418,19.321468928525256
-9.517241379310367,-12,0
-8.689655172413815,-11.830152469672823,19.591872391769996
-8.689655172413815,-12,0
-0.5675404688103379,-3.2662621519829393,19.05423518539302
-0.5,-3.2662621519829393,0
-0.5744606214091206,-2.953959764505065,15.940716184640358
-0.5,-2.953959764505065,0
-0.5835000665999793,-2.600143231008384,13.100835227525158
-0.5,-2.600143231008384,0
-7.86206896551726,-11.825722276323733,20.11873354819402
-7.86206896551726,-12,0
-0.5634052779885521,-3.541920993154436,21.747015493036702
-0.5,-3.541920993154436,0
-0.593977620034525,-2.1992948837271378,10.520656078135778
-0.5,-2.1992948837271378,0
-7.0344827586207055,-11.821787415790627,20.766854739409965
-7.0344827586207055,-12,0
-0.6037899766612003,-1.745163658792472,7.904193854251437
-0.5,-1.745163658792472,0
-6.206896551724153,-11.818359238447844,21.53314293458944
-6.206896551724153,-12,0
-0.6110015674598471,-1.2306678226299113,5.130729287140372
-0.5,-1.2306678226299113,0
-0.6141499725021925,-0.647784524223316,2.3432844066637526
-0.5,-0.647784524223316,0
-5.3793103448276005,-11.815474298556307,22.377048910161673
-5.3793103448276005,-12,0
-0.6133995842175449,1.7763568394002505E-15,0.7584521814497377
-0.5,1.7763568394002505E-15,0
-4.551724137931046,-11.813277944935994,23.327539262848028
-4.551724137931046,-12,0
-0.6097928604844848,0.6477845242233196,2.5566168460284104
-0.5,0.6477845242233196,0
-3.724137931034493,-11.811891112776092,24.387185510231216
-3.724137931034493,-12,0
2.220446049250313E-16,-4.058514843750033,2.6278290670181383
2.220446049250313E-16,-4,0
-0.6043592365607817,1.230667822629914,5.261920417929949
-0.5,1.230667822629914,0
-0.5977816377356757,1.7451636587924746,7.922096996467989
-0.5,1.7451636587924746,0
-0.5905245344927653,2.1992948837271413,10.544673960846959
-0.5,2.1992948837271413,0
-0.5829806049572646,2.600143231008385,13.20775568292182
-0.5,2.600143231008385,0
-2.8965517241379395,-11.811236895442269,25.572169094931397
-2.8965517241379395,-12,0
-2.068965517241386,-11.811136349947873,26.8506697657103
-2.068965517241386,-12,0
-0.5755895102267194,2.9539597645050666,16.091483578809882
-0.5,2.9539597645050666,0
-1.2413793103448327,-11.81141082987211,28.198739432864123
-1.2413793103448327,-12,0
-0.41379310344827935,-11.811841273646245,29.5905992772497
-0.41379310344827935,-12,0
-12,11.84864489407515,20
-11.172413793103448,11.84864489407515,19.8081577987374
-12,12,10
-11.172413793103448,12,0
-0.5692563820827737,3.2662621519829393,19.20489457141869
-0.5,3.2662621519829393,0
0.41379310344827314,-11.812193667017665,30.979348462418297
0.41379310344827314,-12,0
-10.344827586206897,11.847906039596403,19.208028529310926
-10.344827586206897,12,0
-0.5646081302752229,3.541920993154436,21.869991700658677
-0.5,3.541920993154436,0
1.2413793103448256,-11.812117504008315,32.33785914469191
1.2413793103448256,-12,0
-9.517241379310345,11.84533812954948,19.039743958678034
-9.517241379310345,12,0
2.0689655172413763,-11.81152763519786,33.6428508448306
2.0689655172413763,-12,0
-8.689655172413794,11.84112120914065,19.33915064746331
-8.689655172413794,12,0
0.5672139049127725,-3.541920993154436,2.1454336236019182
0.5,-3.541920993154436,0
0.573157532293908,-3.2662621519829393,2.152630221960969
0.5,-3.2662621519829393,0
0.5802494267971907,-2.9539597645050666,2.0300495854679026
0.5,-2.9539597645050666,0
2.896551724137929,-11.810927208634876,34.840768688293394
2.896551724137929,-12,0
-7.862068965517242,11.836027109903808,19.93897928684966
-7.862068965517242,12,0
0.5879235713028732,-2.600143231008385,1.8586589803191562
0.5,-2.600143231008385,0
3.7241379310344813,-11.810874229483735,35.88624421523699
3.7241379310344813,-12,0
4.551724137931032,-11.811738731396701,36.75421228584685
4.551724137931032,-12,0
5.3793103448275845,-11.813614202846006,37.44104545904527
5.3793103448275845,-12,0
6.206896551724136,-11.816538586207713,37.935099392371974
6.206896551724136,-12,0
-7.0344827586206895,11.830613085657927,20.650314130122325
-7.0344827586206895,12,0
0.5959358753362158,-2.1992948837271413,1.6407367544215061
0.5,-2.1992948837271413,0
7.0344827586206895,-11.819489613102323,38.31553939995016
7.0344827586206895,-12,0
7.862068965517242,-11.821623213513961,38.6546537417183
7.862068965517242,-12,0
8.689655172413794,-11.82498367753466,38.82606507174397
8.689655172413794,-12,0
-6.206896551724136,11.825485408049946,21.439348781435516
-6.206896551724136,12,0
-2.220446049250313E-16,4.055490853483943,2.92972165736095
-2.220446049250313E-16,4,0
0.5612839200300164,3.541920993154436,2.129868576339416
0.5,3.541920993154436,0
0.5672857168776156,3.2662621519829393,2.1503081161254824
0.5,3.2662621519829393,0
0.5749071110244952,2.953959764505065,2.051603464628478
0.5,2.953959764505065,0
0.6037191767868533,-1.7451636587924746,1.3495736588238871
0.5,-1.7451636587924746,0
9.517241379310345,-11.830508087209038,38.75599446917344
9.517241379310345,-12,0
10.344827586206897,-11.83519238087824,38.66824900692385
10.344827586206897,-12,0
11.172413793103448,-11.837534527712842,38.721873099522426
11.172413793103448,-12,0
-5.3793103448275845,11.821294673758771,22.314195249165824
-5.3793103448275845,12,0
0.5836228902815557,2.600143231008384,1.902247792467568
0.5,2.600143231008384,0
0.5927894779015892,2.1992948837271378,1.6866222309280192
0.5,2.1992948837271378,0
0.6015573019293146,1.745163658792472,1.3659294312616848
0.5,1.745163658792472,0
0.6080788028911521,1.2306678226299113,0.9344628682207122
0.5,1.2306678226299113,0
0.6114867224071274,0.647784524223316,0.44199564657285517
0.5,0.647784524223316,0
0.6118305412818479,-1.7763568394002505E-15,0.1380426179293731
0.5,-1.7763568394002505E-15,0
0.6121743601565683,-0.6477845242233196,0.4755518294956226
0.5,-0.6477845242233196,0
0.6094540783900342,-1.230667822629914,0.952793565977473
0.5,-1.230667822629914,0
12,-12,0
11.999999999999998,-11.837534527712844,38.9491149706098
-4.551724137931032,11.818309730422872,23.297989715490257
-4.551724137931032,12,0
-3.7241379310344813,11.81648388424274,24.381365641265766
-3.7241379310344813,12,0
-2.896551724137929,11.815558077897252,25.56474820654403
-2.896551724137929,12,0
-2.0689655172413763,11.815003983822068,26.854163860178698
-2.0689655172413763,12,0
-1.2413793103448256,11.814309511028751,28.23819593286424
-1.2413793103448256,12,0
-0.41379310344827314,11.813370562475402,29.674791294943805
-0.41379310344827314,12,0
0.41379310344827935,11.812263058772661,31.110228614706852
0.41379310344827935,12,0
1.2413793103448327,11.811148247957144,32.50027639959478
1.2413793103448327,12,0
2.068965517241386,11.810358732784602,33.79470141689205
2.068965517241386,12,0
2.8965517241379395,11.810186802596583,34.95969097867631
2.8965517241379395,12,0
3.724137931034493,11.810744642989606,35.97176956231962
3.724137931034493,12,0
4.551724137931046,11.811899841972851,36.82842068126229
4.551724137931046,12,0
5.3793103448276005,11.813395228582914,37.548060126789075
5.3793103448276005,12,0
6.206896551724153,11.815321560694876,38.11962302880272
6.206896551724153,12,0
7.0344827586207055,11.818531319137417,38.49832780788502
7.0344827586207055,12,0
7.86206896551726,11.823211734073407,38.67244506255005
7.86206896551726,12,0
8.689655172413815,11.82917271582824,38.67180535300357
8.689655172413815,12,0
9.517241379310367,11.83589538494777,38.51885947198577
9.517241379310367,12,0
10.344827586206918,11.841127808628595,38.379785243128886
10.344827586206918,12,0
11.172413793103473,11.843744020469007,38.389397850419
11.172413793103473,12,0
11.999999999999996,11.843744020468995,38.587775214589485
12,12,0
