% Model,48.mph
% Version,COMSOL 5.4.0.295
% Date,"Nov 10 2020, 23:15"
% Dimension,2
% Nodes,1574
% Expressions,1
% Description,표면
% x,y,Color
-12,-11.270258589926271,2.0169021812080938E-14
-11.999999999999998,-11.626587991346335,-2.1178875266747114E-13
-11.358510155865813,-11.298622689042043,0.13979264270763472
-7.783304925430958,-3,0
-8,-3,0
-7.784652089869347,-3.0605796450486213,-3.9585887197047156
-11.999999999999998,-10.671806329755585,-7.617712975050527E-15
-11.232924896766493,-10.733486811719505,-0.15719384283147206
-12,-9.86674276750189,2.2064802367002143E-14
-11.267245889950441,-9.987202628712177,-0.4301199652374681
-12,-8.929709009716262,0
-11.267278936748953,-9.003514885190341,-0.8208623355587216
-12,-7.675160990503571,1.688747105390527E-14
-11.204507897160715,-7.860833550782037,-1.3616090361965385
-8,-2.7729406185093453,0
-8.063637642768187,-2.7729406185093453,-22.526380194910814
-11.369568909999886,-6.9043340815508305,-1.6106951926988522
-12.000000000000002,-6.6232824506499295,-3.394882413158427E-15
-11.36589419943391,-6.0580368944182945,-2.115718478100901
-12,-5.7474684864150305,-2.0282353467063696E-14
-12,-4.9960308040656685,0
-11.362321848279192,-5.332694339862593,-2.60912986996988
-12,-4.32354444552364,0
-11.30767832735712,-4.630385887643467,-3.3659762134649154
-12,-3.6338127691173643,0
-11.243892774649748,-3.9082840644904135,-4.148313198774873
-12,-2.9033890453164473,0
-11.27120366230794,-3.1940890348757383,-4.139850645455645
-11.323373436084983,-2.4755227731574916,-3.5583759750777166
-12,-2.098245685162274,0
-11.273754340435167,-1.7279064777650672,-2.927181924078728
-12,-1.2046466712756363,0
-11.113154531723556,-0.7674486831033871,-1.822367196404439
-12,-0.2738415355745829,0
-8,2.7729406185093453,0
-8,3,0
-8.062087900578192,2.7729406185093453,22.60389472375471
-12,0.6474569805081511,0
-11.093364565947903,0.1984936970011898,0.4789110256133345
-12,1.528846969123581,0
-11.118809197175668,1.0982231464762546,2.44345960111874
-11.26224814837265,1.9301075801363523,3.2917000284352116
-12,2.3561773193678253,2.3703396750008846E-14
-7.783410087021926,3,0
-7.785750874973535,3.0602963040234186,3.6097564101179116
7.783410087021926,-3,0
7.785698356482234,-3.0589434813911236,-0.7519689602186064
8,-3,0
-11.295358074995452,2.6356788581277684,3.7935970646286576
-12.000000000000002,3.105587565559476,-7.994300982991332E-16
12,-11.352906463783746,-0.013046320867317518
11.386513785478732,-11.349145337024607,-0.02941481499244044
12,-11.662076305186016,0.00487258403773555
-11.19284406023654,3.397291629686061,4.550785829857555
-12,3.8305475264641156,3.0797537694823528E-18
12,-10.85311010342857,-0.03893423728965296
11.2560579222927,-10.843208161831434,-0.04673566097708692
-11.319758340779192,4.13415631345774,3.5813405898292516
-12.000000000000002,4.555416378796092,2.4505906602077465E-14
12,-10.146260090447512,-0.10294085790786538
11.283175500302745,-10.09748589485706,-0.11300603516807571
-11.380072527833056,4.86893234734866,2.8650021779204695
-12.000000000000002,5.280262209785847,-2.271131561049248E-14
-11.307371057809899,5.5650083391377825,2.629836337196691
-12,6.062408374220102,-2.271131561049248E-14
8,-2.7729406185093453,0
8.06339910163345,-2.7729406185093453,-2.3300381159090184
12,-8.958618517406123,-0.14528524328308717
11.302293846035864,-9.010745795440787,-0.1338479767736427
-12,11.32937231770235,-5.486307569205217E-14
-11.408636937780756,11.348384990241275,-0.14681517243316713
-11.999999999999998,11.653152349534869,3.902985399047284E-14
-11.299901675760582,6.286277391404338,2.1815001432224252
-12,6.9397169938105385,0
-11.343306121212523,7.010006451041501,1.5499601598321269
-12,7.892153125220304,0
-11.426431589833818,7.970548459567334,0.973431529414115
-12,9.01944490742196,0
-11.358865047926031,9.018018668598481,0.7162856231433112
-12,10.062257519356198,0
12,-7.770976944364727,-0.10485939160282369
11.345556191235604,-7.950009613204589,-0.07605581708487812
-12,10.829726652649384,0
-11.277184325743043,10.837804478831583,0.11031733022486104
-11.327546286672472,10.086849762518026,0.40085272541261746
11.363199104908865,-7.143402926253944,0.05400076507937628
12,-6.749985426723796,0.06659919286788095
12,-5.936043417882548,0.4073531695291546
11.341563051745682,-6.422582189840842,0.1900065653120542
12,-5.280253416096509,0.41732830381307345
11.413929408069516,-5.586565962987956,0.25149134202984147
12,-4.58054007951835,-0.432331913907889
11.273043749038246,-4.828960503258856,-0.394004755711602
12,-3.8584114967676513,-1.0222382226382452
11.360530341528683,-4.094521056845268,-0.7970759968437201
12,-3.1055861741476516,-0.7145804263424592
11.262821175985142,-3.4231719838342904,-0.8637988286168244
8,2.7729406185093453,0
8.06057534910935,2.7729406185093453,2.0166009457354224
8,3,0
7.783304925430958,3,0
7.784661172082659,3.060988056407368,0.5483606858380949
12,-2.3401631529893834,-0.6081897654467834
11.218070051253983,-2.7423523598424002,-0.7855182775069757
12,-1.5061584784156814,-0.4349357024784821
11.206261640613903,-1.9062864664231463,-0.6098733936161302
12,-0.6281176197596547,-0.22162280553144
11.067049820523453,-0.9150821940957847,-0.3602564211302037
12,0.31529228534982234,0.030924764546977918
10.938719903124122,-0.0999511477828403,-0.09690678610817549
12,1.2253434675784698,0.2468776780497651
10.999205190215976,0.6329740770765431,0.15893483677097556
12,2.049253218530005,0.3742300522015933
11.203013492380226,1.611389398491919,0.4014952495188981
12,2.8528719693433606,0.4393066520771753
11.213998903200618,2.4456313539933445,0.5568121910972227
12,3.5981063849056794,0.40412835509471773
11.230493594978977,3.1561906402536133,0.625023242958278
12,4.357183476243815,0.955399486211355
11.262802739549445,3.890116627353341,0.5114751271052455
12.000000000000002,5.116957742937577,-0.14747395197654697
11.360703948370176,4.622673970871361,0.6322266597669229
12,5.898312709809275,-0.4867685790446938
11.354434622942904,5.275063535421933,0.09502751115170908
12,6.733492082959927,-0.052398436985062226
11.387410832967811,6.088529521032491,-0.34174060276707
12.000000000000002,7.677088050717989,0.20868631329340112
11.375039335617803,6.8918419898975305,-0.0066166322888862065
12,8.879247897061347,0.25607230198439657
11.257739325397196,7.812544072232215,0.17218339796760773
12,9.936747940355176,0.18059169895794291
11.167714104638527,8.953843420182126,0.22740722653601883
12,10.767732718631638,0.10095795541205897
11.300378694101054,10.082886936919582,0.18785461391125666
12,11.318031031722754,0.014165149802788672
11.291810902787041,10.835766269328023,0.07265607313279376
12,11.644093512832276,-0.00782384260520918
11.375662912033329,11.343013581407954,0.0403034653975134
-6.750526205201726,-3.303427328950946,-0.6120384168855586
-6.653491842450685,-3.1651190150955215,0.10500421902946513
-6.988418946782143,-3.1542966561892647,-0.10177225211977063
-10.816790717052918,-11.254701270712232,0.09091771360099475
-11.172413793103473,-11.626587991346335,0.4646845161683963
-10.344827586206918,-11.616353276420613,0.1874846147535674
-10.040954425554983,-11.228600947300642,-0.23894133934068917
-9.517241379310367,-11.609318804788206,-0.18898924032663053
-9.22788947998055,-11.229018364082165,-0.5582564813986398
-8.689655172413815,-11.605653322275074,-0.34986869392678954
-6.368504683530155,-3.3290773068652895,-1.1070748659041814
-6.27670034741408,-3.174872521032372,-0.5571909256847385
-6.651879043091411,-3.562066572136668,-2.54541167640021
-10.43757418512288,-10.814255942697967,-0.38356898314807886
-7.091311388698614,-3.2836872460217057,-1.414821321202057
-7.286300154127282,-3.1442543678912047,-0.8560700462882773
-7.023089543134699,-3.4833235221958034,-3.6651286284898785
-6.935573343276873,-3.794414384945427,-9.051372598893437
-9.616637827386217,-10.533861424459511,-0.9946112547272146
-8.370952946548782,-11.235621850921255,-0.7355802392859269
-7.86206896551726,-11.603538538753511,-0.40029072241111213
-8.658496296756027,-10.602304938297086,-1.3073581303723862
-5.940786861650702,-3.3454197101973535,-2.3713537345427227
-5.849904504312549,-3.1748390482368203,-1.606660908715258
-5.464150629864254,-3.333084896565064,-2.4472017936201786
-5.374119307604124,-3.165531538342063,-1.5759804125563368
-5.035932519130369,-3.361318713794739,-0.14442973488063474
-4.907300105308397,-3.160387109309976,0.7470273006449702
-6.245362774357946,-3.6092542464827417,-3.04408682305495
-6.58821770904707,-3.8529026433797977,-6.709332567519
-4.69875133173634,-3.3919711517405866,3.5818031038743228
-4.891888696921969,-3.5822674234606042,0.966311337916251
-4.507692541010679,-3.1715045363816916,3.701153343404357
-4.290472811540065,-3.3209545363740096,6.0733510077696495
-4.166285158454379,-3.1942297523110708,2.188130922021268
-10.449313785973635,-10.20002750254347,-0.8151661326546026
-7.786268687195414,-3.133275219106967,-7.3162563881820235
-7.39425124918713,-3.259632890939323,-3.860879642180542
-7.551130733729375,-3.1368503883858456,-4.399181030003555
-7.346996721426197,-3.446620093605728,-7.115575493676225
-7.25388506308768,-3.721123936080654,-13.299025820215542
-6.913423910836113,-4.247797846732448,-17.72276141448164
-7.174377622472446,-4.054614404306837,-19.494181682426795
-6.541098117889512,-4.324101372874962,-14.416695718940714
-9.547445471326164,-9.635504835013323,-1.834335671928408
-8.899677256220079,-9.941827022716812,-1.9130174260944124
-7.495230569180962,-11.226671485896787,-0.8396595756100105
-7.0344827586207055,-11.601177764842465,-0.40751718849507423
-7.819909398373329,-10.60545826404111,-1.5188760010668856
-8.091996509396113,-9.930474533993875,-2.3252214858436955
-5.757077328099594,-3.6479327679718123,-3.8731605043628305
-5.277092700174623,-3.6304815452442987,-2.3470585726245354
-6.144542611276335,-3.9615655868405395,-6.074662233833522
-4.893952410625758,-3.885314957029233,-0.3782842010496385
-4.595912477407215,-3.709140962406997,4.224227931672494
-4.398195073766229,-3.495610955593363,7.1918448647962805
-4.100110162507623,-3.6111830662437816,9.039645842063054
-10.332307578028326,-9.224673858599797,-1.6149890604790376
-7.659491434377733,-3.252419093179422,-8.578244824786749
-7.879982328333063,-3.2279440736939926,-14.811624501136214
-7.580599837899045,-3.427375641397586,-11.89595138648778
-7.522375565440857,-3.680536016861363,-19.227070644709332
-6.921409392055652,-4.6927062978345555,-20.456975295000337
-7.433746400503804,-4.055760908101301,-23.877303601265254
-7.335259394657758,-4.453974945674355,-23.65536267022137
-9.606687451122594,-8.442288671439714,-3.2276724249333206
-6.076933201725813,-4.447644540315388,-11.94660349236508
-6.4703742544754,-5.041182455934688,-17.223970487087943
-7.126881411493395,-5.136489045991821,-19.026783230402216
-6.903003484206151,-5.5141026855015145,-16.54867678635702
-6.662593798119175,-11.173161036414838,-0.9269667021164544
-6.206896551724153,-11.59851926617871,-0.39940651334953886
-8.511929266834024,-8.774787313972451,-3.8342020595517416
-8.972994499428587,-7.820705242423301,-5.176528983821622
-7.000001241764124,-10.720679413212547,-1.468668675221622
-7.3027788265939675,-9.916997361925102,-2.5246653069348106
-7.6175290937673505,-9.126821869521677,-3.6875099760085304
-5.4913497755117655,-4.106086289987685,-5.550059211846401
-4.781079437107856,-4.251939917436721,-2.221826265711474
-4.47381543003266,-4.080334573021965,1.9921612984886548
-4.2319273206156245,-3.8486231739833783,7.54346703508206
-3.8856865296889223,-4.019871818456637,7.966591935722944
-10.401030549034138,-8.16912263106113,-2.423518613191405
-8.083610414951819,-3.199156601585279,-32.07034916986141
-7.779339435800038,-3.4097225963981357,-20.118304078763035
-7.9711839976733705,-3.373090931894153,-29.12533324250456
-7.741258768445313,-3.6575902273819074,-26.274482668364353
-7.71342160789858,-3.9540277657991076,-27.930561534738647
-7.422492972887626,-4.804182015689242,-21.599284854315655
-7.648031371031133,-4.263707320526237,-26.428261326680772
-7.675853368674652,-4.5592032315483415,-23.565823849193173
-7.442337552680004,-5.674538983258409,-14.85479037691851
-7.7302994314725595,-5.2077100216196195,-17.589430490734923
-9.664812022949823,-7.343922583869091,-4.908330576389143
-8.82017104657464,-6.866836903649821,-7.754867038670224
-5.737301249476058,-4.805286995939068,-11.736976651409295
-8.056166433520923,-7.47906573968102,-7.039402879753802
-7.802240807436499,-6.409936802230796,-10.648595435749487
-6.942644809724988,-6.152396274645176,-12.60964147116499
-6.49713788053307,-5.759552261759065,-14.546602345459394
-5.914316174891014,-5.508788198066764,-14.209534267800025
-5.8659854210695315,-11.175703945560086,-0.9238149847165865
-5.3793103448276005,-11.597155149430542,-0.39004266580399366
-6.372966246355574,-10.71621434279842,-1.5173367923107153
-7.3615793308906055,-8.022169881718385,-6.0303426171730266
-6.595424111009188,-10.004518707781155,-2.495097175654155
-6.819361535122047,-8.989680255998566,-4.130244838614574
-4.945191502916268,-4.648524472389963,-6.226426585071319
-4.346923330428662,-4.515224085797951,-1.1002541390733376
-3.9930976040108472,-4.271764341477506,3.5231517068432434
-3.537710100284773,-4.422213277986369,3.1682468009016778
-10.506250134588504,-7.225047429873291,-3.3589492928996267
-8.2350312387854,-3.062053468036468,-40.27993520507845
-8.16668278146604,-3.4003793563908054,-36.21675569648826
-8.271776616167081,-3.258316423193203,-38.450378720078604
-7.996236788810107,-3.595073735041552,-32.820352178656634
-7.970339897068265,-3.907207449523372,-30.511159313945345
-7.911217860753083,-4.169426240985785,-27.527382095091845
-7.912626773993584,-4.816509687027987,-20.266187865866787
-7.99047289149968,-4.456251809863235,-23.651752465467126
-8.080412156290445,-5.700576724140123,-13.811921054917617
-8.23064582679742,-5.145058659003596,-16.737752480367984
-10.046208576088082,-6.722842117869223,-5.190557344212409
-9.452510195216485,-6.463044124274203,-7.399493037830006
-8.721685074106919,-6.096015237195333,-10.5302139465663
-4.988816788539339,-11.20286227951266,-0.8721884165876205
-4.551724137931046,-11.598205413965339,-0.3761289276209705
-5.225233144608684,-5.248210115362317,-10.331605296846995
-6.868083649961189,-6.979958294091369,-9.044207689773513
-6.090421020968312,-6.345424185954376,-11.460347236688191
-5.465429499284558,-5.853073173451069,-11.808865626010899
-5.52869897135575,-10.689459251329769,-1.5580226066431446
-5.93950232847559,-10.058227735590293,-2.4628273497060174
-6.35165848325654,-8.18145379955554,-5.789275532283308
-6.014415754946425,-9.218509853851156,-3.740743571180906
-4.501084893974752,-5.022554962909656,-5.838820675283358
-3.9851629911807525,-4.874266194799778,-2.4578140199768197
-3.525410734304185,-4.73173533188043,-0.3664563443060796
-3.0577582649100736,-4.792748046697405,-2.098552167411016
-8.14000281409001,-2.7729406185093453,-27.736318854928367
-8.237439591636367,-2.874488136985668,-36.818963661714385
-10.72162933570604,-6.482397605195172,-3.7186012157796635
-8.307782323868445,-3.5861309166624586,-32.026634026511466
-8.372136010725093,-2.9836427277896727,-33.067548995673796
-8.416890238648286,-3.1907783550692965,-32.76648085793957
-8.396568096512926,-3.3924887305472144,-32.68827423924956
-8.254679354491598,-3.838258172394349,-29.39801412915963
-8.187365736084029,-4.1251696536041,-26.07629274079478
-8.497282171286066,-3.763384842508393,-26.777740280178655
-8.338563964912655,-4.714537539162743,-19.271651953976548
-8.36682588791828,-4.382345206223003,-21.789260847803256
-8.734698565017503,-5.422884449724854,-13.60138311985392
-8.6961643582936,-4.947625994860036,-16.328017969287206
-10.047422679489024,-6.126323180573306,-6.395258535848569
-9.394357635881171,-5.663396305855685,-10.044873141082844
-4.083585945675928,-11.22013463695783,-0.8116873089273513
-3.724137931034493,-11.600904970747266,-0.3538883624457834
-4.648016716232581,-10.666101138108491,-1.5493273982436913
-3.226795234491029,-11.203734460914418,-0.7801988696615747
-2.8965517241379395,-11.603513369092173,-0.32402840777854386
-4.747947767518438,-5.712006990169301,-9.186761561508495
-5.75676305986186,-7.275951944003032,-7.851183971681841
-5.192720767226919,-6.6010239978512395,-9.620110091254885
-5.115567402582235,-9.872331267435142,-2.653590329317638
-5.2897475687571145,-8.602452567670728,-4.682582391240481
-4.083844838961421,-5.42875973563297,-6.241940009146808
-3.483209446341062,-5.317173025335964,-4.769336143279866
-2.972365876223225,-5.12345579821788,-4.23856233061671
-2.4484125038335587,-5.114010797203922,-6.077550393504512
-8.268294873943761,-2.65431564319779,-30.715551935245944
-8.14976043472476,-2.513965585464769,-25.913812060881117
-8.409172612273942,-2.7739763643807307,-28.87320189615063
-10.711003904814962,-5.730042858461809,-4.75509284334887
-8.542048924618433,-2.8929585415459296,-28.1528649725089
-8.555596928811793,-3.53935842087271,-27.841448816165116
-8.576252928738633,-3.076189903101237,-28.609283826220523
-8.603023927861308,-3.3091618818489303,-28.136202242472816
-8.569069209832683,-4.05258243702622,-23.018457963180566
-8.765522178719554,-3.753212830891567,-23.424316644285213
-8.823306659306958,-4.460182801404711,-18.551747995628002
-9.284926338735469,-4.984633777294347,-13.287887056656585
-9.963022705743377,-5.345943311291456,-8.596122453544892
-8.302542273395494,-2.3935653429153665,-25.270636974900743
-8.16329291544911,-2.2185888570837875,-22.308398190375033
-2.468148848017509,-11.161978031914439,-0.7742105238790202
-2.068965517241386,-11.604718655747146,-0.29127219912054186
-3.7025817655171496,-10.66465620197744,-1.4653883689469953
-4.221387163311535,-9.972467572695933,-2.450662713342604
-2.89181464263968,-10.667569783028767,-1.382364345334196
-4.274031409678325,-6.349844211027705,-8.279212821881437
-4.620638875268239,-7.509439746395289,-6.870092088598419
-4.279649405944881,-8.90021523697878,-3.9401475542965474
-1.671441571321579,-11.188733748559729,-0.659680584526633
-1.2413793103448327,-11.604160563478654,-0.24375001039198474
-3.4973537138139847,-6.02240294363269,-6.841946887097657
-2.8351185235628003,-5.722418147852039,-6.5272448441685915
-2.2960810763037425,-5.4667631257074465,-6.982973008982207
-1.7094951542818566,-5.37007404239793,-7.035625654629799
-8.440269993957923,-2.5685981599894525,-25.634761713829935
-8.624581970386318,-2.7157290122243336,-25.179792097063824
-10.657962082660301,-5.031238900231023,-6.0905368906554225
-8.756508835577467,-2.920662596755567,-24.953315679398802
-8.826243246747756,-3.4773443861276006,-24.096795136449717
-8.846890277099703,-3.1802076414826357,-24.294349432478388
-9.066503619260654,-4.006249681536698,-19.25283855766818
-9.054922097864585,-3.6412063695319157,-20.80406650107209
-9.457130825740267,-4.318058241741036,-14.998059367829493
-9.993094779263528,-4.680608263050156,-10.368001833427302
-8.320315369681822,-2.1014059012878956,-20.77550456525029
-8.18005358907334,-1.8816937994971497,-18.242611002549705
-8.50732676596507,-2.277108883269538,-21.462853475871686
-2.053324398273441,-10.7035981741444,-1.1904115034187992
-3.365183602003161,-9.767098367345662,-2.5304929617512744
-2.517152944208586,-9.995355814033433,-2.044880757331523
-3.5054891954503065,-7.003937845157093,-7.005370068827678
-3.4310486387566845,-8.403293253256253,-4.56929794127894
-0.8861141977063224,-11.170624803179921,-0.6029288112359014
-0.41379310344827935,-11.602068130416992,-0.20689855216215616
-1.3311645135204555,-10.719826744062857,-1.0857394968024616
-0.12722194152648475,-11.213163180614973,-0.4961739461308749
0.41379310344827314,-11.599076157188584,-0.1715783237364468
-2.6789690775698736,-6.433823631409134,-6.9154010871021905
-2.1053248520613312,-6.0125046770449355,-7.19081101288181
-1.480496305290955,-5.74103380573462,-6.961700966826215
-0.8726268146302794,-5.5339464191250745,-5.326075297996156
-8.689466177318016,-2.4727321318087947,-21.991378832315338
-8.879265347798967,-2.6625930992431366,-21.71705757294742
-10.620960760675173,-4.286317404581925,-7.416952958812672
-9.071619821571815,-2.9659624892684846,-20.959492899054222
-9.116262134612168,-3.306967167676899,-20.622533765208413
-9.463645219059485,-3.627735685156383,-16.743204453376837
-10.003960639746671,-3.9455333362068523,-11.951807031679747
-8.359105309485027,-1.7475777112004591,-16.25422091962213
-8.197175948172694,-1.49744456304978,-13.769912403710418
-8.7502008459481,-2.1584391489754733,-18.54531881706755
-8.54116593548907,-1.9679126146402455,-17.775398320172695
-1.695211900267547,-9.97398028459608,-1.9084665152810143
-2.3554023299131917,-9.045647044631473,-3.282827250543712
-2.496166812784063,-7.617498558767627,-5.671699763175216
-0.5316847460763025,-10.69579645194632,-0.9836227641238756
-0.9272122721410703,-10.092512539400225,-1.6637684507385022
0.7498068135925418,-11.233279279979232,-0.4073773251309883
1.2413793103448256,-11.595841498243901,-0.14533652399231065
0.19250207230467778,-10.687573060779687,-0.8710945529148894
-1.8075606104714472,-6.807924334807983,-6.296995329200397
-1.1817319855338928,-6.314464013358851,-6.240083026806982
-0.5625166948170475,-5.902347706184245,-5.130476088760992
2.5819341790461127E-6,-5.586652229337274,-2.8376866697499277
-9.06566718040581,-2.3543089940769573,-17.814667007492194
-9.227065576389219,-2.6525775024237204,-18.10414881250516
-9.123537883834112,-2.0849368285479426,-15.441873326975955
-10.608172643729931,-3.539361716438437,-8.181316995317177
-9.521708994470355,-2.9628688272593893,-16.14533504810547
-10.025999964489927,-3.2134164209503897,-12.343052206902867
-8.418055685287168,-1.3301782905873554,-11.684910099855287
-8.210685199047145,-1.0591850228464113,-9.223669793691709
-8.63986575379583,-1.5942886255393784,-13.632606449736732
-8.893769421021071,-1.849031022287454,-14.87904311299313
1.5876615153341174,-11.152925713398764,-0.3661107056902784
2.0689655172413763,-11.592727051829357,-0.11575839837624324
-1.1008759841651152,-9.231554848341752,-2.5756230545127825
-1.4253483637743696,-8.007234242219466,-4.489051555717463
-0.08756539710560078,-9.810691232417444,-1.6047615193879134
1.1321058012751362,-10.674216377634568,-0.6950292964975159
0.7177367894673717,-10.072984386918934,-1.2212643974892001
0.44389355500538485,-5.896635694040757,-2.7840865649942246
0.8748930120277111,-5.523559102390519,-1.0336620168803428
-0.7564197502902231,-7.156659983808128,-4.947373956656468
-0.18048524778790537,-6.4319739901918425,-4.531327497910227
-9.552514900894295,-2.2889093700243723,-13.807260240046972
-9.333614465711936,-1.8069896801469372,-12.367275814734278
-10.633715749239403,-2.8238475517372037,-7.821321890428828
-10.084217610877973,-2.5083737678158484,-10.924857183355241
-8.456298424335014,-0.8659801131294721,-7.250007699835465
-8.218296387557425,-0.5593234729748096,-4.628135976209313
-8.752745125596002,-1.1546153459470683,-9.292205015113227
-8.97423164134738,-1.4816192358747469,-11.430623630516637
-8.476136465202126,-0.31519860971668906,-2.581976356446294
-8.219362348704204,2.4424906541753444E-15,-0.06555569186388935
4.3846572078483526,-3.4497698873025495,-0.2507836208755014
4.527840507295254,-3.1995089533493846,-0.01183588496350148
4.176087526675544,-3.2057233621407244,0.23337708923367367
4.098312093376797,-3.6084813302512697,-0.2889280677210354
2.40589822205748,-11.153265238198847,-0.3081989568040926
2.896551724137929,-11.59001102458981,-0.09776574923453898
1.9278134274933447,-10.668224834506674,-0.5919649078432548
-0.11451564178891174,-8.459263746785826,-3.1554955829218554
0.7049531611146655,-9.345523217215192,-1.8415447413686485
1.6467308350703607,-9.84897545331643,-1.1174946344517174
1.4242818154480876,-5.776240309703382,-1.2660863487747243
1.7109739149286944,-5.352126023866811,-0.3628789928178919
2.1494182695601434,-5.573821952481861,0.2645464895811879
0.9562372335058494,-6.405934891941885,-2.6548809873674517
0.36874821560864346,-7.21102661823963,-3.6465936929606424
2.4471837989067255,-5.092146231526568,-1.0306342758709837
-9.50432686890607,-1.4161032593775218,-9.06529727183586
-10.014476409024681,-1.7680623902537245,-8.745911782880652
-10.595880078059752,-2.122111984167281,-6.873804418459065
-8.828190083012126,-0.6307996891288329,-4.919093701804164
-9.19982916579849,-1.0248261214226233,-7.144780496646814
-8.457385416645549,0.3005354624792544,2.2878715131813845
-8.21440148861838,0.5593234729748147,4.492674150592259
-8.821515554738651,-0.004451772193517019,-0.18397188090173702
-8.435801120543243,0.8635000137890331,7.040988179294963
-8.20465262614564,1.0591850228464104,9.036974857692764
-8.403449458646454,1.330735553506144,11.530200362796016
-8.191500821250909,1.497444563049779,13.555645030058226
3.2597940801405385,-11.145121354466353,-0.23724852664124266
3.7241379310344813,-11.588305901993444,-0.07264863274760977
4.666682912375294,-3.385242659601994,-0.4707223742842977
4.930551429166176,-3.197514727301409,-0.08725021453558511
3.879924006655128,-4.007940974190503,-1.8857147793880185
4.271361684578318,-3.7474394781479177,-1.2357654133983333
4.576658145982136,-3.602418530861598,-0.9546429654638136
2.7896097018023425,-10.682441431846142,-0.45927833897990006
2.4254377907169102,-9.992697623652715,-0.8704820263853363
1.3199892123515098,-8.529243130232896,-2.213313711279834
2.3715729028428454,-9.176574082427598,-1.409391286617829
2.653963576534625,-5.395145350060115,0.1747346268548391
2.592130198500921,-5.767079578918265,-0.18696805408853379
2.020598544518662,-6.247701853011924,-1.4479123507874545
1.5785256843762907,-7.225179942214031,-2.475580026449306
3.0746907273462227,-5.0240920833662335,-1.2894788716837355
3.053424545101139,-4.770600913454479,-2.3885507454057415
4.17827616049995,-4.0610694665500855,-2.1826560345845283
3.437845768514236,-4.815006160991219,-2.328310600761174
3.531888073877304,-4.404435597692025,-2.8639972871490005
3.9592161631919023,-4.285929929713342,-2.6907235550199875
3.754435775840618,-4.618095611115278,-2.8328303090374343
-9.861781812031747,-1.035236936318424,-5.579129525614256
-10.585353660716807,-1.2270872247422309,-4.384930251819591
-9.425066349821222,-0.3451957342549172,-2.3940326780271755
-8.370156914168478,1.738332932131307,15.995764658925934
-8.17639035425484,1.8816937994971497,17.99760123965962
-8.334990905345851,2.0961593383174226,20.6100091135127
-8.160938252913084,2.2185888570837875,22.15550413437557
-8.783048186319961,0.6180533873614266,4.65913323265059
-9.197359768258384,0.3928267962406038,2.5711516390252176
-8.725642512303647,1.13333199976747,9.036914171726863
-8.626848622702475,1.5890619958995862,13.454587334424174
4.074636976288834,-11.140490620812121,-0.19700772447644557
4.551724137931032,-11.588163590025234,-0.06580505470171201
3.6931609764060545,-10.64099349696878,-0.3958886429595862
5.049561935060865,-3.377773208375172,-0.6071273012183505
5.391195603846278,-3.1928502892153015,-0.12803256745103744
4.842474611339033,-3.674514102918865,-1.3333472087030056
4.538035301678993,-3.9974005574775995,-1.987404663264851
3.2094890697997913,-9.854207933491065,-0.8085646896496607
2.334745006152473,-8.02359271301378,-1.9160011100283214
3.041815481428898,-8.772196950503437,-1.4224801122795598
3.018186168015442,-5.572131332467688,-0.601895978704992
2.86252494932038,-6.219541650284757,-0.7350440823776228
2.4708358941206066,-6.933580446844077,-1.6530648074738712
3.4457708029612504,-5.293510214278965,-1.129496475304946
4.313499281742342,-4.379338713468637,-2.470267441973586
3.770565345789929,-4.954154897869031,-1.638944094096468
4.080479097025391,-4.706559618067554,-2.3857429043533647
5.504168692476069,-3.3658641362803032,-0.24309291357830212
5.860280470398735,-3.1852862495020453,-0.12401087619410849
-8.308043820732756,2.4023647080714245,25.545568107933757
-8.146924203426265,2.5139655854647707,25.824713654594756
-10.300975251517631,-0.32380648693362574,-1.424609650211506
-9.757998193035657,0.215831870023438,1.105147826476601
-8.564358239871378,1.975226471141009,17.682224457659583
-8.479735260528232,2.3176256938815682,22.069938929095816
-9.125527406177609,0.9719236424461578,6.919032666672151
-9.626358411363578,0.7189195671321775,4.2751869461819085
-9.012011601964899,1.4097211985294125,10.63331817043597
-8.899787642969025,1.82989825675658,14.689850560419018
-8.136593381272021,2.7729406185093453,27.71720591020078
5.953738491492126,-3.353299280345856,-0.10783869838120853
6.284211518346023,-3.1749816002076736,-0.09644855160584341
4.926807242148547,-11.15618267034568,-0.14697405057435778
5.3793103448275845,-11.589784935159313,-0.058704316776428414
4.41512221226509,-10.642640611896162,-0.2849672857838656
4.03970061823792,-9.974578762828218,-0.6066045277968231
5.275262178224414,-3.707495624835053,-1.0222232716980597
5.025740179623026,-4.084363087524632,-1.7079135402458636
4.72931437134479,-4.458799185951165,-2.081593080279885
4.0012369495896944,-8.872517979836362,-1.1658884351991359
3.2573745912090537,-7.787923650324795,-1.443362446998826
3.4354077854376595,-5.892924344800856,-0.5175875061906475
3.3970687981431986,-6.740420235738488,-1.0759494343275247
3.9379290226640116,-5.50275246617876,-0.43615351353914766
4.486061040052834,-4.86494310245473,-1.4487859482724599
4.2102286033675975,-5.150735767749266,-0.460254456624552
4.906566062275404,-4.936086437695809,-1.0296158678868195
5.818557164356862,-3.6421148316516327,-0.2959124311059514
-8.264145221165217,2.6850284204758252,31.69811411696558
-8.461529081017895,2.5828203532051734,25.565324352585662
-10.35043967854218,0.7375694424672454,3.063777299460347
-8.77859028458925,2.1893906830962004,18.555252096932772
-8.750144637344725,2.46909392630979,21.44243678589429
-9.700467010804058,1.2764460844834429,7.494270940233968
-9.364160185825536,1.7189421854299571,11.57753587907238
-9.28272321160114,2.0852580375898486,14.318786103930323
-8.231435450685838,2.899725377581586,38.514052344463856
6.3767013998646505,-3.3280313556813925,-0.09272224863475927
6.6604182064782504,-3.1623957953148905,-0.09544427908166987
6.754067608597955,-3.3008040185096204,-0.19747330248166828
6.994573836870417,-3.149540785470089,-0.12591041044116213
6.28106744003169,-3.5910658152234536,-0.07363217744818674
5.798838660299405,-11.13953521986585,-0.13549155673180793
6.206896551724136,-11.593695094254308,-0.06251662595185187
5.313981230030477,-10.66556274623824,-0.25574121797718113
6.700177289619784,-11.192595582633574,-0.09409804888452349
7.0344827586206895,-11.60164980225715,-0.06400454762006993
4.87949388312897,-9.862533791948719,-0.6026634983080924
4.820211278821226,-8.671165839606747,-0.8298224265414748
5.5769457223869034,-4.085154806466479,-0.9202868589443657
5.267138789218361,-4.549870621508834,-1.3161092133340844
4.298545417819452,-7.385233576012626,-1.0025579107947113
4.077125771783666,-6.262009214767184,-0.7396650915525856
4.669483552400003,-5.593240169205423,0.045668803737502046
5.424003603170525,-5.194648035717614,0.4632237029969621
6.120647648084383,-4.016024822827929,-0.04328103538209977
-8.42499439878412,2.831155075622001,29.322537015696188
-8.368872812636537,3.0133613884723505,33.283299261867114
-8.68487717892811,2.753421977745522,24.64076285747925
-10.47551089099909,1.605905752093055,5.922914312227618
-9.138695244329135,2.4177714078979125,17.53994445831279
-9.036774833373883,2.65568275783872,19.90299144676361
-9.926747870703561,1.9975876901808471,9.978626448917895
-9.531802534494338,2.375764796932776,14.11805410708296
-8.194006890257137,3.095866762409997,40.615876662889555
7.092450927529627,-3.275430222314539,-0.36333974875904135
7.291468581629915,-3.1388416076163925,-0.29132056339183443
6.689591558908644,-3.52872599455582,-0.2255292231159589
7.014149298349756,-3.480011559920253,-0.4801073268578195
6.6065609828885785,-3.878956975421769,-0.056211199259012266
7.5392297648609725,-11.215907929200139,-0.10684647008267523
7.862068965517242,-11.61357299654036,-0.08206280159648127
8.40477491480565,-11.27732611646101,-0.08317148681955726
8.689655172413794,-11.628187058907656,-0.08178858262165861
9.200627765810072,-11.24178519139271,-0.08605854505505285
9.517241379310345,-11.643934866774096,-0.08220507155304331
9.992974141981868,-11.261907039991412,-0.06955079329146702
10.344827586206897,-11.65602915904871,-0.05758657352556902
6.2658593034459,-10.63939029056399,-0.20269249599261804
5.729763790589434,-9.933161978563279,-0.4006327016780132
7.1204464234294065,-10.571574934034249,-0.17510819097414684
5.73701358989523,-9.097275935672906,-0.6089073349700113
5.482071521702569,-7.900697787499976,-0.7512445781271212
5.940262796509524,-4.540172175697303,-0.10724710297378935
5.990656762391369,-5.281930980409483,-0.11696917615089328
5.055968308527481,-6.548928827169456,-0.5356750174194452
5.607738961522628,-5.827032417050325,-0.24970236929814796
6.5004917823327455,-4.358684332506938,0.16854600694531444
10.76514052982863,-11.28180169823404,-0.04358071783909468
11.172413793103448,-11.662076305186016,-0.02013952364186816
10.354386419020878,-10.839220389025147,-0.0584329135591015
-8.421593135707026,3.188812790495223,32.40246377468705
-8.267309021941191,3.266771056145583,37.537880607737364
-8.591927167071308,3.032087818042508,27.963886859718066
-8.868728172644238,2.9575371259137304,23.32569118682122
-10.573119450157021,2.3577282201516114,7.424457973683552
-9.442203140346919,2.7637496788141482,16.33233475719086
-9.199356040900163,2.953042180421773,19.15526471476362
-9.959145808486763,2.719252447917004,12.007016785136651
-7.788559820515466,3.132651868851521,6.546037089989601
-8.07825927341105,3.2083012626784457,34.35804948085495
-7.880271824990591,3.2266739821126804,13.383672532342429
7.39594668814782,-3.24966848098119,-0.6653898221093438
7.555001067657078,-3.1318968826300786,-0.7066791113910131
7.66133833737851,-3.238554728303407,-1.1874180517358146
7.788444279834604,-3.129675659060472,-1.195641974454911
7.329264802121421,-3.4247057046660645,-0.8463042044492015
6.952159072738135,-3.791337161358044,-0.3535855565625919
7.195554556956415,-3.6792044533534725,-0.7718658050932617
6.927364761823681,-4.169091480173184,-0.16503395154945855
7.988324451637324,-10.6518088514407,-0.13211554716085128
8.827823538411614,-10.674428056484617,-0.10669400067462409
9.671466252421158,-10.76865016719089,-0.0660134008157144
6.697041977857393,-9.753209253890068,-0.34279746913655884
7.560799934875218,-9.979368591237286,-0.2578417371096211
6.550589426643067,-8.4589993375954,-0.5812118622355255
6.2097551846956405,-7.244344050499351,-0.4552817254833695
6.481697453578836,-5.029322593068522,-0.185277266640943
6.363108639270475,-5.674123887475344,-0.12348227800298008
6.190752434428774,-6.379343549406818,0.08767527050021151
6.9353164549613435,-4.718111915651907,-0.09079598829016124
10.255632125220503,-10.144471084372787,-0.12043196631129281
-8.596345848458899,3.3383362657908116,27.796254681532186
-8.389065398241616,3.4297055897541506,31.894770105681655
-8.171860434081328,3.4189869265829116,35.71717243918749
-8.85368007090706,3.2583387239335946,23.963264613674625
-9.12409034026359,3.1931993032396915,20.40656896493176
-10.551951166307594,3.0118407278242074,8.392789792875886
-9.511934854628361,3.204200380213964,16.372335151421694
-9.984486789729818,3.3767720707689457,12.443476316553218
-7.670768103763508,3.2455500337020444,7.890133638018703
-7.555508582161312,3.1384173252651437,4.5074863384385795
-7.958690597103562,3.403430649027341,31.58354148879209
-7.779456843892505,3.3823270397279903,16.517229303966367
-7.404690554757352,3.261750804329128,3.9473346280006147
-7.292526734818976,3.1477433945206177,0.9277585973751987
7.57940353532757,-3.416180660510575,-1.401982362191644
7.775410207549527,-3.3704647203573552,-2.0051613714435312
7.875817507130766,-3.224041309969191,-2.017380567516195
7.4693086977589855,-3.6583946531627682,-1.2941235272738059
7.279733277501731,-4.012032504723769,-0.7114229874833706
7.365175066897726,-4.510645411529014,-0.2866593179803288
6.904550302034193,-6.837329505992164,-0.10772460882513256
8.455938751485537,-9.98377585831194,-0.23962887072301672
9.215500208355538,-10.05784873655681,-0.15314916849905771
7.6860189785671915,-8.950628532310756,-0.37579996970508794
7.253939214174056,-7.726816287598056,-0.3020410896288021
6.947967199735368,-5.484279469906021,-0.05687242378051288
6.959839023965873,-6.04283431501089,0.3766494977703459
7.35415053974012,-5.076270321578018,-0.2071887857938836
9.68023530587514,-9.256579637813179,-0.238994429732651
10.493300109189432,-9.205996738583181,-0.16662571128948353
-7.101330308332981,3.2899048288956285,1.6462166856013705
-6.996164042525088,3.159236525380891,0.27208545545275786
-8.817978188809597,3.5125852587568813,23.89067092649718
-8.595712867108714,3.5763475136848495,26.566081159191217
-8.346763955287628,3.6298506304867386,30.17599161817947
-8.058903427090568,3.595838329722935,33.184979700555395
-9.123010708194732,3.5162865718579424,20.130289895531885
-10.591369103756499,3.6669915655544325,8.102401030680477
-9.54461358405016,3.72402100942084,15.650680299028409
-10.096851582622456,4.016677412359588,10.965357078645509
-7.590169304676369,3.4094981173240786,10.55435344227814
-7.783391779155331,3.5884563533390863,27.251288332756392
-7.335442368663986,3.437479165433797,6.14376103745825
-6.757997425164022,3.3083413355307587,0.6825130956219244
-6.662023378911427,3.1698408137766436,-0.09497319896506264
7.780609687873462,-3.5874998788447696,-2.134884108011207
7.960026182422158,-3.383396222597456,-2.960285602077984
8.067904234585527,-3.2105157900049672,-3.460060433009088
7.6746118915861645,-3.9021451673850778,-1.3576957027738974
7.592966967221417,-4.191975888467894,-0.7237442110279989
7.730748276425298,-4.474225757650405,-0.4253476376150135
7.745738319277405,-4.9219193428436805,-0.1185712734596402
7.437901581807643,-6.288442484025708,0.04882301654965677
7.570822374294241,-6.915145643890508,-0.11524336538372656
8.688957673037436,-8.815055773329984,-0.25910276639245783
8.130616012118269,-8.037339629975259,-0.2536189553217927
8.162968912862846,-7.244269696119731,-0.08751757913299872
7.699054935218362,-5.56479250399593,0.2791346851760022
9.690671248644872,-8.325137547357087,-0.1653316389479642
10.59124878889081,-8.212281161280517,-0.13498643660353515
-7.0223045555051975,3.4854904800644673,3.646219573551093
-7.943383940611262,3.840295229238129,30.26383120955825
-8.842904988817253,3.7710869328256917,22.37344794546559
-8.54754208073024,3.8465513618880296,25.074441965275266
-8.244420200659125,3.8532423048714666,28.481036900365016
-9.187317471279991,3.9551895403348603,18.109504119706063
-10.7889790081572,4.465695842594354,6.231157054952461
-9.609187683958666,4.310649009490966,13.623139624912836
-10.120642213368283,4.695808187421835,9.468322392985797
-7.48312171397961,3.6494069768794546,16.62508032640126
-7.6654302034471415,3.859801729429809,27.300824710315347
-7.243264023227274,3.6815994071503537,11.029252416412692
-7.731541496288941,4.092409985683494,27.33417639148311
-6.3749595192476844,3.3275121035447395,0.8390700614504528
-6.284824082604544,3.1771985107973686,0.31627057308532586
-6.7086572865328415,3.525923686410571,2.4157749784351137
7.947517530664224,-3.825631409977236,-1.774464930168649
8.074058825650146,-3.5797561947414693,-2.495013794079316
8.179622145253969,-3.39565063571743,-3.0697356594820064
8.254231930396475,-3.2553338357395964,-3.4221727127606996
8.197232811263904,-3.084473065812067,-4.043753208753405
7.977535188497164,-4.13733666913403,-1.1382372999655006
8.174457297185121,-4.547510352187516,-0.37072901931036345
8.125438585455251,-5.1289509694116635,0.1642243946230453
8.09072142685254,-6.297684679401399,0.18501400033941848
9.029058281120504,-7.6532563912408555,-0.15039234951922342
8.77993052126978,-6.823301136000021,0.023408793392879216
8.459364727366518,-5.577673256622849,0.10823874525575704
9.98968209999378,-7.5504234771879,-0.08428514571187751
10.747995728003255,-7.4951780407415685,0.013213724811926467
-7.005270972815778,3.7717394515627998,9.41718496451463
-11.172413793103448,11.653152349534869,-0.4678860349770705
-10.885454909607272,11.325257856482269,-0.1401878815121678
-10.344827586206897,11.641892885256917,-0.18021733772266263
-8.124586988779017,4.155633614713733,25.812349664953263
-8.795233792439063,4.146697951398816,20.49798582114073
-8.428643998357384,4.172402900747495,23.176703220415998
-7.940261558024978,4.366017901073228,24.395193656849447
-9.10883784363632,4.505003987651947,16.288002756433496
-10.638310788479254,5.259044520654193,5.821472873734357
-10.723762166667314,5.926180520385036,4.480146181407077
-9.464746472259026,4.851504450895732,12.585192181881736
-9.931886854891335,5.304442114983864,8.844914211497624
-7.367496420339626,4.006847480357497,22.75712315460399
-7.631879082949355,4.418210505129694,24.646941164508622
-5.953571717467879,3.3361134808841206,1.8444194438358077
-5.8590769914062015,3.181840456052454,1.3285515801171217
-5.491857802336779,3.3410558695534904,2.6266902226620665
-5.387641605505397,3.1847405558208024,1.6994863080316702
-6.279998956659441,3.5879278936402073,2.5415601672403016
-6.634169285146739,3.8296054992207633,6.670495082115278
-5.0541676536557105,3.3561694488153733,0.8305018907165947
-4.925163686656481,3.1876840639025517,-0.3821466791023095
8.139478023593592,-2.7729406185093453,-2.7407649046139264
8.237645327826089,-2.888950396886136,-3.77490927972049
8.17333211595954,-3.831005043079074,-1.7026817233848932
8.334149622347965,-3.620689929169947,-2.108954640519294
8.397091054907067,-3.3998213452935393,-2.5406311314475416
8.41173135821997,-3.167566207754764,-2.856715757318622
8.368362424398493,-2.989433924431423,-3.1240826185501778
8.334106741714459,-4.12430153778028,-1.1193141920500362
8.59667634411542,-4.4232402267976365,-0.6107640729554275
8.642195017170724,-4.899430491767605,-0.19764709853217988
8.99002803650785,-6.120175750416006,0.37629548092899606
9.600670243579327,-6.792826558963323,-0.014162410083411412
9.123193353885872,-5.4315327680378385,0.10527376565402992
10.538588935064507,-6.753580678042409,0.1340071108561369
-6.926792688934603,4.136753105277847,16.951400660070345
-10.07771853730583,11.301993118806703,0.18315705822046982
-9.517241379310345,11.629041329002593,0.16003582304748512
-10.424737564319132,10.828077040441071,0.3982161122190649
-9.262998593803424,11.276533515574679,0.4877173276740879
-8.689655172413794,11.616512388730403,0.30407577800763747
-10.48905004247938,6.656959823318891,4.221061845356086
-10.815198844030805,7.343341281137659,2.5719300152929843
-10.716350364202167,8.057450519064469,2.070067211996228
-10.566428887395512,9.102704852498034,1.4708977180828933
-8.224443139978248,4.568817887029027,20.996685934884862
-8.603964791970247,4.591717687680705,18.7715217692077
-7.923914408226099,4.666427123156791,21.530499722608063
-8.906806561227006,5.011550204098794,14.805556225413659
-9.997499952164596,5.9722798572665825,6.737402794565475
-9.328510458209285,5.514950865457988,10.767441840398691
-7.233402677876245,4.526918283148174,22.10827144652544
-7.627280725932851,4.848979892694459,21.01394014352559
-5.814771283339352,3.594255863845633,3.330272728695998
-5.317016567627911,3.598588852811,3.0287119985356554
-6.19386464822215,3.9141567279354157,5.215072066022079
-6.510482055461011,4.194181818620987,13.011611290305614
-4.686085290173505,3.3842739908703523,-3.1588805787537946
-4.524824134182863,3.1951045097516824,-3.156936354302943
-4.884070920179233,3.660299094641175,-0.050101272501170226
8.271422985781225,-2.6748731376953767,-3.0406058865905963
8.150404245944207,-2.5139655854647707,-2.5145927874426164
8.435456781345001,-2.8167779412901637,-2.7292368840893544
8.494317330835491,-3.819789935248675,-1.5466324552430673
8.570456801928733,-3.589022806065573,-1.8621559292547858
8.592902276102881,-3.3220466014127763,-2.1954407716942517
8.589522183165153,-3.0105349859308164,-2.4213929670917804
8.740540590178089,-4.070446829348782,-1.0004452682754221
8.996509439474247,-4.403390204394166,-0.39321946965092125
9.288785500771546,-4.820777941157167,-0.357216698280113
9.971204464745192,-5.955048969592184,0.3327585485608467
9.867351647983373,-5.260461124890197,0.14679198566104787
10.756194380562373,-6.008709417717261,0.24650597795673032
-8.448742345569535,11.264729292809939,0.6774860428539999
-7.862068965517242,11.605985952906103,0.36509197278074124
-6.728800964540923,4.636524309160067,18.251424332659408
-10.38411097645509,10.112842591236994,0.9354536908329554
-9.693315729773165,10.714872376573355,0.801006070094794
-8.806147731746874,10.627714699372259,1.243097254460362
-9.620332952657249,6.749768474608157,6.079881554973049
-10.000864381840733,7.5376207616938355,3.987432958871907
-9.82221268776054,8.146069467129248,3.308763322051447
-9.78948796135677,9.194998106440991,2.1243106928912536
-8.213183483642187,5.129234523333569,16.76115830245021
-7.6786078231363275,5.2123218224823935,17.87346445056501
-8.514559228078864,5.640977146025796,13.040295747139252
-9.088794331615107,6.151416784797945,9.043645199165491
-8.985120463975006,6.686712760304839,7.666516857713031
-7.187552576149596,5.135517659772256,18.930989315559373
-5.6038549352511335,3.9633960220773417,4.541322857778327
-5.089126188548441,4.005049625289987,3.120126833555064
-6.0687826904606395,4.453869451510841,12.018757690677791
-4.559138245991025,3.636980582241078,-4.5638969642846074
-4.389443108334718,3.463023596338003,-6.815499864248274
-4.179166661274803,3.2093207204215903,-3.598971949801647
-4.598891575078807,3.980732067819257,-0.8576448294428279
8.315139564543154,-2.3966104195191984,-2.3917629727075247
8.164234682573449,-2.2185888570837875,-2.0911093463576935
8.46055335140171,-2.585534874428745,-2.4029902561132217
8.68523441549734,-2.751340328368488,-2.187928935443432
8.84699092267776,-3.759998083816538,-1.3324399624551597
8.817486302906712,-3.4730837464223767,-1.685951699530372
8.833672933974773,-3.202618652030262,-1.8497988378429724
8.854270659926426,-2.95821696465704,-1.9266504531527828
9.182213249752067,-3.9414651786414128,-0.9675185004359995
9.528645934857641,-4.264980558652396,-0.490681990003126
10.04440265805995,-4.648802887658203,-0.543561107120623
10.613103733365453,-5.289824016808327,-0.0045998834628104765
-7.971193369603725,10.673897284299434,1.3857705283017745
-7.598777089189426,11.256518489730409,0.7706489048157458
-7.0344827586206895,11.598584079964757,0.3845588266642898
-6.482241643059336,5.118468957543797,17.113814045038254
-9.145645597984743,9.778846503374302,1.955030386207527
-8.314990753746645,10.057409223601848,2.024338316200102
-8.949034381028303,7.478894665984078,5.770715182176232
-8.960954217149608,8.523839623403951,3.7524393772443214
-7.729828361314805,5.734113701407122,14.309400856336067
-8.211228473476545,6.479522656860805,9.665307312577037
-6.957408808981383,5.827334483810923,14.911759083382629
-5.358569235236334,4.465077687136906,7.837889861678371
-4.75260679889149,4.39841289294485,3.781423661541918
-5.796665257434692,5.009367773769399,12.878920118693872
-4.373741125587169,4.353742319432895,0.14825846936973128
-4.29870862310123,3.7901726365839363,-7.728488112690399
-4.107247856181145,3.6205863543076418,-8.9745280654728
-4.237908208121036,4.052234467449049,-4.927380285581826
8.34568746915957,-2.0863250506512503,-1.8831251949688894
8.179911482915486,-1.8816937994971497,-1.6511158072319663
8.498534652398758,-2.3003750117912602,-1.9983154023994685
8.740300136999533,-2.4843514249262104,-1.9283821878019012
8.949493662220153,-2.711392404632752,-1.7848945108551406
9.145955909816843,-3.4803225882047597,-1.323724544720983
9.16931168331738,-3.0386079100760934,-1.5136239076455573
9.61928694495837,-3.7140443334247064,-0.894022239163819
10.152781044591267,-4.0015050165315165,-0.6167599819044521
10.665430733531384,-4.461636246134154,-0.5821994069452602
-7.502887527661074,9.98966504519278,2.3776821693219374
-7.141366976266224,10.712367497976306,1.462917997871951
-6.760636317134455,11.242368306991505,0.8266812217484524
-6.206896551724136,11.593921984458238,0.3882078785482103
-6.154239560788782,5.6482000672393005,14.545687749336608
-8.067150609612789,8.992758235383905,3.6511382846430673
-7.992194065154496,7.551470762111187,6.59514903680454
-7.262048015746723,6.683440768622025,9.838630362095623
-6.508014207137174,6.292955546361108,12.202729381567087
-5.104731019584855,4.968483786218532,8.78584920032131
-4.548270009286841,4.805847896263237,4.336788367995028
-4.133782443110993,4.657755995686681,0.7723758202713381
-5.468784017539915,5.6478702683660895,11.768803281207513
-4.28093429517519,5.173734529015084,5.181861133760089
-3.8780240221043494,4.949695784649424,2.548010495039817
-3.9831632935474275,4.259210268804426,-4.484936347193518
-3.8898618900561726,4.023766714139137,-8.47849265389187
-3.8116153600464644,4.594743210175811,-1.2490882379741226
8.381128873712582,-1.7300696539707545,-1.4345970101748604
8.195614436451198,-1.497444563049779,-1.22330156476742
8.563469133409827,-1.9637475824718853,-1.591314370941605
8.843823353556337,-2.179305184537902,-1.5947517361878945
9.08506312770696,-2.401350756695355,-1.5271084605739242
9.278801959526497,-2.671983695299939,-1.438877409220734
9.594608559049396,-3.20683146094653,-1.1392275035455734
9.531706552260575,-2.816650764287071,-1.251260264725693
10.111090984094195,-3.4405512068098005,-0.8956882775995293
10.736932730773388,-3.733010144232571,-0.7339463973644714
-7.149371722300579,9.113994929789769,3.8256412233145136
-6.647198000317507,10.01210696786432,2.4699256843491866
-6.368941515827815,10.724270411059704,1.4922278146551606
-5.87533856836248,11.180644000426257,0.9049882222300955
-5.3793103448275845,11.591083074072385,0.3811813041836477
-5.845710254609313,6.279867398403762,11.730459276660133
-7.106663687935686,7.845885023927425,6.327743815009585
-6.320664395559671,7.025935013729534,8.875024488626936
-4.725067108195611,5.537580939585147,8.515110808096127
-5.130821200824634,6.199337368236985,10.349626473581408
-4.069628864773607,5.455390099498067,5.8607581867894405
-3.5903147391790364,5.163014297662494,3.7402070347042446
-3.5358453311562426,4.719878804684998,0.15846919256443426
-3.539437284826889,4.418914869423658,-3.828201340290004
-3.24434103836824,4.998402289128709,3.2472695158484277
8.410078910591581,-1.329152490606015,-1.0359350656352488
8.208456387086873,-1.0591850228464104,-0.8204389578504973
8.622304840852545,-1.5935960633955137,-1.2110665623256043
8.898909559388745,-1.8309492776859246,-1.294473401554055
9.276663511434188,-2.095057053656776,-1.2505010604676803
9.544162807795008,-2.424778071575111,-1.2040595083590115
9.990299279849008,-2.750811962876749,-1.0191990144277936
10.583723481930123,-3.027367959149947,-0.884305687349851
-5.027082911629661,11.152209573137254,0.9247518034747574
-4.551724137931032,11.589661276571686,0.36839722775009937
-6.241477896454235,8.932451098803082,4.206855559207053
-5.854069299592482,9.975252062860978,2.54786551643373
-5.508235582105084,10.705011271166486,1.5200860317003553
-5.470736171692932,7.074163323396592,8.597188053646919
-5.901983493509923,7.9380114016822,6.202430895908512
-4.4290869961376425,6.05413051385224,8.461854351103787
-4.7990376145252895,6.920543861600501,8.574165239695214
-3.777685057877037,5.75716823895569,6.423109466543363
-3.250333351663625,5.362838450509871,5.030443204998992
-2.9419037647121002,5.133408857587043,4.708560054261639
-3.05947149344789,4.7851085708293954,2.6814853515481185
8.727430096966758,-1.124576459653696,-0.814535194763384
8.43665183051302,-0.8609896730456666,-0.6493335849108764
8.21559986865399,-0.5593234729748147,-0.44080469805064204
9.029754707185429,-1.3919341426600744,-0.9335298150917523
9.3586276992443,-1.7188434002271045,-1.024356777792997
9.905968085034246,-2.0022011074180677,-0.9227672775873169
10.544359088383626,-2.3860501227151727,-0.8237767417327362
-4.181412838561719,11.151211560154936,0.8859676712130354
-3.7241379310344813,11.589457209528241,0.3522436035571733
-4.666475997990066,10.695646256431777,1.4998097724986426
-5.314055887993346,8.961567655428764,4.062819029494392
-5.0040592714831655,9.982093125352538,2.48603165937813
-4.774498026933906,7.877586724902259,6.030340577912541
-3.3172595477053703,11.157769396159049,0.8418882292706608
-2.896551724137929,11.59041832397759,0.33395033110030875
-3.9832559591437438,6.441348422340853,7.817856157139784
-4.171224994522738,7.166517846902257,7.294605565028528
-3.3485849418614446,6.072604028000424,6.83177350078656
-2.8396626912225336,5.676262472789549,6.508442212297852
-2.5389908950996025,5.4918194223943395,6.864781210537731
-2.4517175617896267,5.106621759847737,6.823530486500821
8.45803187124882,-0.28086142204199843,-0.25191624641561644
8.21586215971206,-2.4424906541753444E-15,-0.07107442028897575
9.093342943490528,-0.9712041470542214,-0.6428901953562555
8.772447349167447,-0.6005822411606854,-0.44698539477239446
8.451318706775163,0.324822186533442,0.13637621098572159
8.209828265195005,0.5593234729748096,0.292627079821489
9.681842633178888,-1.2740754197146795,-0.703501336304348
9.583150608466457,-0.6411436863419355,-0.39942056278115856
10.490486343464667,-1.540542721269801,-0.6305847787919302
-3.728157791159027,10.57538220519706,1.5773159626805662
-4.124780652474227,9.99706828299991,2.389983746621219
-4.178743949931914,9.045845083550093,3.6820409256335256
-3.80328233680115,7.792195148812578,5.99038051315187
-2.418707994963109,11.151198290024759,0.7836174160031555
-2.0689655172413763,11.59281218854003,0.3096080995008056
-2.815144144181597,10.664851526783718,1.3713531013106623
-3.376155014580543,6.857353438318593,7.003142135628108
-2.8750214203047877,6.254585576326116,7.099638625759324
-2.421306869201519,5.986435865979119,7.260632805390951
-2.0443921539758665,5.621122507434154,7.484902406334045
-1.713091829154798,5.362225726016577,7.408931762347867
4.307252077802778,3.3637088660826344,0.18839361646151884
4.172840452985018,3.2018866787911437,-0.1542535590989071
4.521986873800245,3.1923729637423808,0.13234801405781216
-1.4923437323046451,11.235175971392358,0.6192864064447489
8.13326576804057,2.7729406185093453,2.4295419756806225
8.43429431738309,0.8655563029630419,0.5037049077285075
8.198899779710429,1.0591850228464113,0.6601354074250367
8.40212427182066,1.3305509862546885,0.8724646811386233
8.184589799882561,1.49744456304978,1.0440615424666764
8.267721275007448,2.6615638002148696,2.634606819197662
8.140647431217154,2.513965585464769,2.2136107817886423
8.292023331686762,2.406314581963924,2.1306854246414946
8.154844441003652,2.2185888570837875,1.8461867634673559
8.332320471928888,1.7651424696179696,1.2850817434625437
8.169041450790152,1.8816937994971497,1.4481058976104546
8.301315359849855,2.116602611376072,1.7026452305315691
7.786288668064701,3.1341737240962098,0.9230294282057881
8.79987378568792,0.04210454554048085,-0.039790200348288375
9.194287978488887,-0.27539780754675086,-0.2256800850895985
8.785798505059416,0.6637744757346905,0.34147672507676297
9.66170492966528,-0.016129448571364145,-0.07613641394652926
10.273801903214375,-0.6321269799622323,-0.3331885558543766
-1.2413793103448256,11.596625237876395,0.27031867061841863
-3.2638735660411844,9.78574620865298,2.46891303715627
-3.183712894052023,8.603929366029236,4.2786539436805375
-3.062932000153856,7.552577647028206,6.138354280377542
-1.9219833042077377,10.66616233329581,1.2412391159158984
-2.3910086146884653,9.985433890767853,2.093108171854498
-2.4100792895567906,6.740704667424247,6.796362096515123
-1.7643936714456387,6.263729494102272,6.878973949200316
-1.3251612770499086,5.790231954484142,6.823601813772972
-0.875056135198431,5.525104703955229,5.405842657718301
4.700426273461645,3.3865487772786462,0.40293219356954607
4.921658392371303,3.186887176129353,0.1666992271597661
4.408265408685248,3.4986273803043506,0.6082789119821784
4.102639746497987,3.6146259590469776,0.8196490236846931
-0.744009874694107,11.16075325841004,0.6188556329716848
-1.0757594450866685,10.673112197778115,1.1098310085780037
8.225531991592124,2.8746953304043092,3.2624108445947733
8.212275123526533,3.056151042006959,3.5854651126072987
8.722290843545332,1.1690462780819026,0.6966474238375088
8.608343616227305,1.6135088719550987,1.0648779088438174
8.367451745781228,2.7895638161940415,2.585543160311243
8.475848145327806,2.5952300121568683,2.155822299682019
8.515972317915095,2.287851302858428,1.7612245351670168
8.547960210285693,1.980277640955748,1.417856443039077
7.6937250080350985,3.2575834940178656,1.0885314873762744
7.551333355534574,3.1409789812553797,0.5343103621578562
7.893188689621913,3.227679767006831,1.753627766183907
8.074761327981275,3.1989369163413754,3.0311246063614194
7.433501666139217,3.2877897783260797,0.598741770469929
7.286848317336224,3.15088489946528,0.23935059528960062
7.111157575594999,3.2831261847913282,0.2568711671971587
6.989322029201236,3.1615178904767984,0.11091106950876506
9.255208254455699,0.5345681323072204,0.23028683309108539
9.11979832026293,1.0331269999681283,0.5449059398441253
10.11162498075108,0.37072353879945036,0.10167624712509284
-0.41379310344827314,11.600530786214243,0.23335379401434428
0.06881975547357132,11.169535797496591,0.5069285883677043
6.761557956743506,3.3131561429644885,0.13064420213721142
6.6543536872573466,3.1699555485356563,0.1039852944557447
6.364167922815154,3.3290161102899,-0.09081079384276415
6.276719144001842,3.1749495384373434,0.024445881540951356
5.027826328350431,3.361125213675211,0.3311807661439552
5.3813103989408875,3.1825313198030933,0.007988472260782573
5.914832610053076,3.3436091478274954,-0.17273363350539014
5.850988197410356,3.1781754634768338,-0.019848511431065356
5.4987971407070635,3.3454021311107938,-0.03745456730636799
4.922237746613404,3.57722469326614,0.5389043002912444
-2.424899043080061,9.154998140105851,3.1704514387142155
-2.279573021951217,7.820953561079876,5.329990529523157
-1.5873261574326172,9.786302234615803,2.071489874835775
-1.4674580569486178,7.033354260657564,5.949190455211741
-0.9179643819411302,6.410527708634402,5.721076257500216
-0.4788521036385692,5.875536000747167,4.857069890943236
-2.5222181897934437E-6,5.578866004160759,2.845950499266226
4.615085710933783,3.6613099026421634,0.953930164379301
4.2437491762693496,3.851464386203203,1.6028419490546686
3.886101664327019,4.020543056349408,2.3995129654377414
-0.30960341245380024,10.689539559702535,0.9227939166410869
-0.7150794071778749,10.042719063178334,1.6206407977156065
0.48476672925161535,10.698929879075111,0.8208035247755018
8.24921935067376,3.234262096597545,3.21912986512057
8.362218033859486,2.9642304178855166,2.815920740896964
8.398182500849893,3.1676022753906894,2.708080760010112
8.983386030518595,1.5077600316157675,0.8834394546845169
8.88222178653243,1.875969232550095,1.1919097453423415
8.53908742436492,2.832989395539404,2.3156330187779317
8.685837554993114,2.6953034700907224,2.00262067260006
8.71807898388401,2.447066227945444,1.7597624210607818
8.76060787645645,2.1816167427525115,1.5038283506493777
7.600646009240575,3.4403369477665997,1.3304435470704998
7.810232509018594,3.415042389091166,2.028640265250569
7.994124624631804,3.3603420784943716,2.740580870796853
8.163700560696162,3.387764592322925,2.9512419259157574
7.3448521601713725,3.461155020816002,0.7066137486798229
6.988079400323598,3.5158275436162714,0.27303737745631446
7.495228574631348,3.686457047750134,1.2797830657974096
9.796966075417679,1.066979368247345,0.45810883880134057
9.426255602920097,1.4659926389894935,0.7439463044170683
10.424332354355498,1.1670609334376008,0.4021326277694934
0.8801237651385075,11.182678508327049,0.43740000191442346
0.41379310344827935,11.60185944914177,0.18009033748868358
6.652980524432434,3.5291351850079393,-0.037391747001958124
6.220919288688073,3.6133147501034153,-0.359170836845003
5.258321038647839,3.6577947888884608,0.3029119025374438
5.747977998620223,3.6492280294217903,-0.2582800058070927
4.922871760354616,3.872450202762124,0.8100520091128437
0.5320990942241016,5.87948248319145,2.643815726441549
0.871413706093657,5.5213256200766745,0.8290036791764137
-1.267109576330775,8.388910711925643,3.9833589692190716
-0.6827605496596628,9.287544140155017,2.4825555536077686
-0.49252482483499044,7.190328250159449,4.721846134225483
0.07590473587484052,6.439595236251783,3.9578690585735505
1.4580526628907051,5.738779467951865,0.964605377289422
1.7070486243295262,5.357463698007823,0.5668728507914296
4.483847893790522,4.045365485187211,1.6816054270200647
3.989386338895509,4.305042158254724,2.885284256929708
3.5368058150510073,4.420427466256025,3.0236699185752722
3.5319059757850613,4.7394352525264685,2.891787074250989
3.0556805081400595,4.787533872286397,2.3540606540113505
2.2948455615280974,5.458615740896232,0.45530329515772344
2.445387373151633,5.103740325150591,1.2386448231222695
2.96619549868765,5.1439315261957175,0.7811773843166795
4.822009081153628,4.216380758026961,1.041112626982127
0.10734505785598299,9.831768436460939,1.567810467022907
1.325058433534489,10.750544542334461,0.6362063928254708
0.8954936238188109,10.074388481908816,1.1691527737856116
8.37575450504491,3.380662941428503,2.540689403870196
8.572283769887584,3.0527449842509484,2.3359085158831694
8.568163324822097,3.30274250440047,2.275295535093232
9.294292961489566,1.8450393152035314,1.0101991741230079
9.098740024216962,2.1276127928179114,1.264465778114728
8.770885296340312,2.900863672658326,2.000388336758029
8.945865336585983,2.667635375347211,1.7027553405939757
9.09240599889658,2.3894007910063526,1.4261262922493996
7.767894698789192,3.6482755179249664,1.9217104777355452
8.022134035526676,3.5592327197908173,2.528193578496977
8.264538340450986,3.5545227993612505,2.3678072621096686
7.182100999743756,3.7608329070173294,0.5893320132806714
6.875827185255522,3.747559821100541,0.15764095000072054
7.396853421829785,4.0338343192125725,0.8699573500085717
7.711762197399212,3.92522136629268,1.4898515366529166
9.866348723463988,1.779842060498611,0.7648550735708611
10.562735428534392,2.077205970588282,0.6478824539719176
1.6532261087276774,11.19217690009458,0.3410741358353944
2.085326418445182,10.638401275707258,0.6473805682709929
1.2413793103448327,11.599691383090834,0.15129599131561253
6.548588366828937,3.887934611670625,-0.3098968338933947
6.071453105004238,4.016350827260141,-0.48016703573356895
5.4302152572412945,4.141338463094707,0.030701691492699808
1.1869848261404115,6.260889072108285,2.2370321539824776
0.06477461959174066,8.448894396705933,3.1220948342606474
0.6539646825320896,7.124562788250156,3.324729803442865
2.0799379759663745,6.036585107145463,1.172144196754452
4.449507752227842,4.512627498086471,1.7030001423769454
3.9638215435508917,4.903974707332149,1.8071790048987213
3.508868676094588,5.312032806119764,0.5435469369638991
2.87599368161837,5.6855289080101095,0.5812663941368842
4.921352003724156,4.629899279929285,0.4387266657665712
0.9786110432442988,9.252362840431921,1.8765370932117713
1.6957617174972928,9.917675873092875,1.1399995180514395
2.425262583118383,10.013807461136679,0.9113713750156596
8.549369619791122,3.570080045319056,2.0787701351186807
8.82234766941368,3.182197610316864,1.9699594006727634
8.804816079126159,3.4096108339156017,1.936386519778868
9.521061201000576,2.334516710283989,1.1420796222787661
9.10394732400224,2.9731379468091075,1.6574665295574167
9.24264267125034,2.6674045717379498,1.440032116937632
7.964527054479429,3.8192840258837664,1.914389648707236
8.17586850311783,3.7841097968889152,1.938236471068621
8.4258865193012,3.7509665611856384,1.9393387506458208
6.950714189853448,4.156593246240328,0.20170835333587084
7.43248962856526,4.323671883520669,0.5920860229257946
7.733367376815002,4.237820743319432,0.9959104125476929
7.931811523013733,4.101511635792328,1.3799756337498879
10.024853882103603,2.5063560647774334,0.9552019867033845
10.546755915432863,2.8731438072778612,0.7985763585477024
2.840226814909632,10.596534557045745,0.5147541952987921
2.4472000011154904,11.241160807687288,0.2820379805056327
2.068965517241386,11.596277711145095,0.11411874189895159
6.477332418456376,4.385062928501708,-0.22759826445824038
6.003685300190524,4.421226180768609,-0.4612880414251693
5.619314977461392,4.755315489740467,-0.31461338422767454
6.830740405339698,4.726922734922534,0.3350896693174183
1.8186204799519878,6.871157448695038,2.1147813172470005
1.396441061766499,7.968793934812066,2.456742660557181
2.7985066511462544,6.372798779617162,1.156290334729739
4.549479181120056,4.995626965449751,0.09456449086686501
4.153259236374087,5.4941302109196615,-0.16079517441729282
3.5715474991036538,5.903649723338382,0.7344512987890593
5.245602377282349,5.1474496113140225,-0.1619682548875697
2.3103580585789194,8.889114921207954,1.5905123233450997
3.154143817454034,9.831724913559698,0.8592652228222458
8.688913116586447,3.8362782558411874,1.7206524827072192
8.86042589272446,3.6388904356813017,1.7807822912402578
9.152873975928095,3.39839550394887,1.6236406251328146
9.512238607566404,2.9564443380760346,1.3192306343347944
8.164611362235245,4.064729838747153,1.495909379516623
8.431002487725268,3.9919770105562304,1.614011406201767
8.704528465886662,4.064229631288534,1.527563352004353
7.276971251871439,4.6074728349633105,0.40223559072438103
7.796893516999816,4.564307246390852,0.7410655353747096
8.08450366034136,4.368391843846396,1.1542709345087623
9.971279021746629,3.1669237043648124,1.0725237287528022
10.572087954120788,3.5403544538676712,0.7773103692402047
3.6367775779072784,10.688386545279474,0.42156754310152733
3.2926504914174255,11.165726338904067,0.25031071248493403
2.8965517241379395,11.594203740103545,0.1011424746156078
6.302346130791026,5.0044436018352565,0.0038031695071166394
5.826092330557591,5.250789519320661,0.06252242406061467
7.22594372664609,5.041718804582285,0.369238558571036
6.776458231619132,5.211229509408692,0.007884739118827753
2.795887682160298,7.463315010237095,1.6986697178021333
3.626442240481507,6.805922607998337,1.0315922099598362
4.9002737959867995,5.605809629984526,0.23304390794217786
4.436846135009516,6.249000451692684,0.6918373796476959
5.657101974844102,5.647256783459442,0.2714195542217921
4.12281335834867,9.881570748148402,0.6065149335904656
3.4546550782272267,8.837623467571806,1.0975735106798912
9.075412499028293,3.9021480601291043,1.6372563199690047
9.566499184386688,3.647316684798942,1.3075638631664785
8.452199745725745,4.325273688094586,1.4058555367014534
8.872434303377883,4.263235870329967,1.4491599450015722
7.7348791217071025,4.933963483713512,0.3620015186346542
8.307055496087507,4.710975751002883,0.9790048234292275
10.019594207481134,3.9827598292508086,0.9357046053149006
10.641149284399507,4.301330321081391,0.4191362459507311
4.507733412287066,10.577904543439383,0.35644856439281497
4.085786047631592,11.161970639161929,0.20676281334726718
3.724137931034493,11.593594231294517,0.08115155397772886
6.3672683715861815,5.619369749335579,-0.12760867731284795
7.621110348290728,5.410034546218609,0.24587623145120507
7.044800124131823,5.559278802928635,0.02395518645167101
4.072648143968807,7.900592938566479,1.1654638980355498
4.497563016015852,7.191464187324186,0.9712935953320155
5.344967443382598,6.2337757044360425,0.3762717722642788
5.131954746519354,6.875443165704854,0.6270175566127195
5.981562572109825,6.130266886517937,0.13239270896274835
5.017922625322294,9.893717994572876,0.4968219990292795
4.718700912605549,8.828200339518322,0.8325423590163415
9.342559814457662,4.315867955072582,1.2161234708349344
8.829466777320249,4.6481686064818515,1.4606660430104321
8.252818173587976,5.213228356562722,0.21793573718820317
8.723367137838634,5.042790434757237,0.6924134193333363
9.844731510490588,4.646000967028995,0.4000556756911478
8.124592197958028,5.789412568897132,-0.24116363931555562
10.613565238746492,4.966280386877291,0.3479107490753646
5.281176707759073,10.674325117141814,0.25960983315368263
5.834126398891516,9.901665306461148,0.40059697102250247
4.901924156753489,11.167456216331802,0.1774727930377474
4.551724137931046,11.592919527724986,0.06871759299584451
6.659728836765778,6.145705568571571,0.08227529932743599
7.359249076365769,6.015760846569486,-0.1810279731598362
5.271763588696781,7.834212303714529,0.7538916615009966
6.008001205590735,6.838113619403388,0.4865152173085953
5.837352481605127,8.873632026677512,0.6484792440068193
7.957539829244909,6.38046195233119,-0.030853712438131193
9.274690989688436,5.067253236577659,0.1304651023821732
8.826801273137692,5.543315336629015,-0.13551103140827137
9.9390000704634,5.352023521232761,0.050707853755750036
8.658626765364936,6.187779967371966,-0.027472298664542677
10.756213717308208,5.630789989021081,-0.08998720963326019
6.584110953731111,9.783233951381447,0.4269132137723713
6.247815088574487,10.665130581790448,0.19330768802385842
5.7748638880276815,11.140666059111759,0.13478480894081854
5.3793103448276005,11.591732162493452,0.055923469122909034
7.205531635325645,6.877290809835562,0.25395975249830155
6.486503752840459,7.739837291817174,0.4843776635157347
6.90937756732396,8.748503684061482,0.45988292723351626
8.281986687528322,6.975962990957031,0.17662695731445768
9.441132616701909,6.017697716610213,-0.22511996622468594
10.142532829853124,6.056728681415265,-0.10357189028510068
9.074797729659931,6.797192179350889,0.10031417419605694
10.74163208277903,6.373905549507785,-0.2097622025308197
7.272451882942458,9.898976281909967,0.29616568220403566
7.007032942354793,10.571294790295006,0.198192340362231
6.632060478527284,11.15559202106001,0.08676397601920288
6.206896551724153,11.589760255853022,0.035486114638199784
7.807233029083889,7.950457119003705,0.3378636503716358
7.709658170453653,9.035965289008224,0.4189209746764989
8.771952872964453,7.74261642548269,0.2853260608226144
9.988408429226721,6.8616992740410465,-0.07471453909984464
9.531674522081664,7.622870330190072,0.1947965406611206
10.681568299861807,7.1554913600523555,0.09288894979789541
8.157547362925346,9.948826860133767,0.24015308969693283
7.765115339123335,10.697929123550763,0.1431763221708594
7.540643911230077,11.2269067820774,0.09859570801906899
7.0344827586207055,11.58840717309264,0.032977482247762584
8.670913907526591,9.048055861604066,0.39912476285610043
9.509377971841587,8.629417325800144,0.3158379061624223
10.313835606715628,8.083426446275588,0.20369645887371643
8.983602689208265,10.052805037774965,0.1645865148449268
8.696087225157791,10.632555044104667,0.1401976911399501
8.385056741925258,11.257639840646798,0.07866725377036132
7.86206896551726,11.592287873635168,0.0607469654593361
9.613683991215728,9.660341906725575,0.266399795319102
10.343080912736294,9.318473127163871,0.25037298613862835
9.634805499421134,10.572455390096549,0.09787226417260311
9.250395718343421,11.265674012425162,0.07695594319295453
8.689655172413815,11.604469134048383,0.07113894244046237
10.445844330285816,10.241990004348038,0.1594891549432029
10.446360495133465,10.85664467713369,0.0604344945967825
10.002860618221991,11.22387244425257,0.0943202142957325
9.517241379310367,11.622146074623924,0.08776547483101386
10.778587544596471,11.264165092418999,0.051246989772850894
10.344827586206918,11.636777700096161,0.07455437627341027
11.172413793103473,11.644093512832281,0.028193104946517784
-12,-12,2.093122318572904E-13
-11.172413793103473,-12,0
-12.000000000000004,-11.830267268793792,-5.2328057964314387E-14
-11.172413793103473,-11.830267268793788,0.607587085006402
-10.344827586206918,-11.825615125645733,0.16953169683274638
-10.344827586206918,-12,0
-9.517241379310367,-11.822417638540093,-0.05391258164845166
-9.517241379310367,-12,0
-6.6374427481521385,-3.0750540977706917,0.17343780358707403
-6.62406850290335,-3,0
-6.977893730431105,-3.070134843722393,0.026322778343736666
-6.96912271680524,-3,0
-8.689655172413815,-11.820751510125033,-0.13928647548049577
-8.689655172413815,-12,0
-6.253421028407142,-3.079487509560169,-0.2774687732246222
-6.2340215959013605,-3,0
-5.818928655929088,-3.0794722946531,-0.7990933038379366
-5.793115448942871,-3,0
-5.335925691118958,-3.0752416083373015,-0.8052846350957207
-5.30409767738132,-3,0
-4.859899521775214,-3.0729032315045344,0.5842824962660975
-4.8203990354975605,-3,0
-7.279795127577107,-3.065570167223275,-0.16577663285639355
-7.274374272118628,-3,0
-7.86206896551726,-11.81979024488796,-0.14769397627948652
-7.86206896551726,-12,0
-4.443614630161624,-3.0779566074462235,2.101956367544152
-4.390216371120745,-3,0
-4.075584162933809,-3.0882862510504867,-0.5181084399171808
-4,-3,0
-7.547467296778199,-3.062204721993566,-2.4908174167998247
-7.544414432652219,-3,0
-7.0344827586207055,-11.818717165837484,-0.13586999095316596
-7.0344827586207055,-12,0
-3.938898916447803,-3.3917663396326794,0
-4.012176755565903,-3.4915012153649987,4.439893660211005
-6.206896551724153,-11.81750875735396,-0.126163067251294
-6.206896551724153,-12,0
-3.7443929660891353,-3.7914119763012932,0
-3.8086173131799477,-3.8952573590991766,7.969878549580401
-5.3793103448276005,-11.81688870428661,-0.126198635003983
-5.3793103448276005,-12,0
-3.4121183894746814,-4.174190704992607,0
-3.469205530751996,-4.28692823817159,4.482796536552237
-4.551724137931046,-11.817366097256972,-0.1291799067164065
-4.551724137931046,-12,0
-3.724137931034493,-11.818593168521485,-0.12499487490088179
-3.724137931034493,-12,0
-2.9491050792760722,-4.5200805870681275,0
-2.998492890927891,-4.644020341445072,-0.5832193613559147
-8.06807292487489,-2.513965585464769,-24.724404744235066
-8,-2.513965585464769,0
-2.8965517241379395,-11.819778804132806,-0.10971722068145566
-2.8965517241379395,-12,0
-2.068965517241386,-11.820326661703248,-0.09046304366224009
-2.068965517241386,-12,0
-2.3607386488614264,-4.816353614101364,0
-2.4005904011214865,-4.951652333693436,-5.343989523426344
-8.074224052476868,-2.2185888570837875,-21.307218416113145
-8,-2.2185888570837875,0
-1.2413793103448327,-11.820072983399388,-0.06441840413217738
-1.2413793103448327,-12,0
-0.41379310344827935,-11.819121877462269,-0.04427543285669506
-0.41379310344827935,-12,0
-1.6474562407148279,-5.050301923964217,0
-1.675655746881659,-5.195652886888633,-5.971941373626844
-8.081842540487882,-1.8816937994971497,-17.099878610628046
-8,-1.8816937994971497,0
0.41379310344827314,-11.817761889631175,-0.028525851091441214
0.41379310344827314,-12,0
-0.8405055611985827,-5.199767017607646,0
-0.855106130940263,-5.351666745570113,-3.83058030291932
-8.089625430987589,-1.49744456304978,-12.88944416698908
-8,-1.49744456304978,0
1.2413793103448256,-11.816291590110865,-0.020221924610553256
1.2413793103448256,-12,0
0,-5.25,0
1.1736064450209603E-6,-5.403023740607852,-1.3937586670349074
-8.095765999566884,-1.0591850228464113,-8.50901553131137
-8,-1.0591850228464113,0
-8.09922563070792,-0.5593234729748096,-3.930661862997233
-8,-0.5593234729748096,0
2.0689655172413763,-11.814875932649707,-0.012536878227329679
2.0689655172413763,-12,0
0.8407172145556957,-5.1997414263679715,0
0.8562516679520663,-5.346931279105493,-0.5834550323998816
1.6476698140633104,-5.050247621182193,0
1.6764444053657577,-5.1874650769479285,-1.397900356897735
-8.09971015850191,2.4424906541753444E-15,-0.018763713427637385
-8,2.4424906541753444E-15,0
-8.097455222099263,0.5593234729748147,3.8447863919311804
-8,0.5593234729748147,0
-8.093023920975291,1.0591850228464104,8.344435184910063
-8,1.0591850228464104,0
2.896551724137929,-11.81364137481355,-0.012162895339309848
2.896551724137929,-12,0
4.08003978485252,-3.0935106191548747,0.15047736462202713
4.453313280100694,-3.090685887886084,0.02203534490374859
4,-3,0
4.391207257438562,-3,0
3.9387307322556824,-3.392300993147887,0
4.011267714583462,-3.490564782740334,0.31702740170029553
2.3607974545205463,-4.816329430555227,0
2.4000639746960823,-4.941700703724019,-1.6229764323785785
2.949025362268482,-4.520129520628502,0
2.996479536283326,-4.633980153731219,-1.9460914778512104
3.744166219627662,-3.791751334324851,0
3.8058743046401466,-3.890019352445602,-0.9112073315976021
3.411932137912286,-4.174361937774591,0
3.4664575633509305,-4.278940874100697,-2.1581475061534436
-8.087045827841322,1.497444563049779,12.677718480770068
-8,1.497444563049779,0
-8.0801774337522,1.8816937994971497,16.933523084516676
-8,1.8816937994971497,0
3.7241379310344813,-11.812866319087929,-0.010780313264769675
3.7241379310344813,-12,0
4.871506574988262,-3.08977942150064,-0.04260106933569408
4.822302529839999,-3,0
5.345096816271439,-3.0876592223705916,-0.02771572935808152
5.306681159959073,-3,0
-8.07315375132413,2.2185888570837875,21.25029427955825
-8,2.2185888570837875,0
5.824982394831884,-3.08422102250093,-0.05706866957440376
5.795567331859508,-3,0
4.551724137931032,-11.812801631829652,-0.01995254464180902
4.551724137931032,-12,0
-8.06678372883012,2.5139655854647707,24.764752678996626
-8,2.5139655854647707,0
6.257838828674927,-3.079537091003488,-0.04925399889544701
6.235861587282347,-3,0
6.641320146218172,-3.0738162705976775,-0.037292153814160976
6.62540509600144,-3,0
5.3793103448275845,-11.813538606890598,-0.029108238344036277
5.3793103448275845,-12,0
6.206896551724136,-11.815315951933776,-0.04943317680649876
6.206896551724136,-12,0
6.981195856352679,-3.067973084304586,-0.036972123831991874
6.970047539254564,-3,0
7.0344827586206895,-11.818931728298704,-0.07271854754829227
7.0344827586206895,-12,0
7.862068965517242,-11.8243513620638,-0.09820972787186197
7.862068965517242,-12,0
8.689655172413794,-11.830994117685298,-0.1067392737805717
8.689655172413794,-12,0
9.517241379310345,-11.838152212170044,-0.09900143227270933
9.517241379310345,-12,0
10.344827586206897,-11.843649617749413,-0.06379882016139705
10.344827586206897,-12,0
11.172413793103448,-11.846398320539098,-0.017597125895694617
11.172413793103448,-12,0
7.28246636312005,-3.0631098216438146,-0.0690294242306464
7.2749645143618284,-3,0
7.549401371322082,-3.0599531284682175,-0.417802861141293
7.5447349577095855,-3,0
12,-12,0
12,-11.846398320539098,0.01439548632895546
-7.5496320597330975,3.062916966029611,2.549223769311317
-7.5447349577095855,3,0
-7.28294734184235,3.0671560884184625,0.13398809816619267
-7.2749645143618284,3,0
-6.981918677104802,3.072380238809496,0.09082079493113836
-6.970047539254564,3,0
-6.642049770051434,3.0772003698984745,-0.16996141539272042
-6.62540509600144,3,0
-12,11.842341977061302,9.389292968252502E-14
-11.172413793103448,11.842341977061304,-0.585592210456903
-12,12,0
-11.172413793103448,12,0
-6.258117266974255,3.0805447776351675,0.15664224189653997
-6.235861587282347,3,0
-5.824435358926187,3.0826547527511154,0.6916570322961921
-5.795567331859508,3,0
-5.343481362480129,3.0839729799185465,0.8169897100191685
-5.306681159959073,3,0
-10.344827586206897,11.837224038753144,-0.16553389827521442
-10.344827586206897,12,0
-4.869057601120218,3.0853109381375234,-0.3667125544610853
-4.822302529839999,3,0
-9.517241379310345,11.831382422273906,0.022079294815112702
-9.517241379310345,12,0
-4.451942201413244,3.0886838680689466,-1.9223038236534242
-4.391207257438562,3,0
8.068365566338276,-2.5139655854647707,-2.4839706665368624
8,-2.5139655854647707,0
-8.689655172413794,11.82568744942291,0.09019593828074632
-8.689655172413794,12,0
-4.081439391488547,3.095145782009814,-0.25135131599993754
-4,3,0
8.074652128442477,-2.2185888570837875,-2.016017997660153
8,-2.2185888570837875,0
-7.862068965517242,11.820902705866411,0.10587737368363369
-7.862068965517242,12,0
-3.9387307322556824,3.392300993147887,0
-4.0153294249490745,3.496067066402321,-5.005338620951005
8.081777946779766,-1.8816937994971497,-1.5507192154115221
8,-1.8816937994971497,0
-7.0344827586206895,11.817538218165799,0.11150512237929655
-7.0344827586206895,12,0
-3.744166219627662,3.791751334324851,0
-3.810391524367894,3.897212870604072,-8.150562552328456
8.088915652932362,-1.497444563049779,-1.14117699063483
8,-1.497444563049779,0
-6.206896551724136,11.815419083844654,0.11393950739751442
-6.206896551724136,12,0
-3.411932137912286,4.174361937774591,0
-3.469889022873469,4.28552236125144,-4.868854809715197
8.094752903221305,-1.0591850228464104,-0.7604454339226443
8,-1.0591850228464104,0
-5.3793103448275845,11.814128670032902,0.11355137194449218
-5.3793103448275845,12,0
-2.949025362268482,4.520129520628502,0
-2.999228149168213,4.64057454344709,1.3403922159782453
8.097999940297269,-0.5593234729748147,-0.3830971248817988
8,-0.5593234729748147,0
8.098119163505482,-2.4424906541753444E-15,-0.04944194252105823
8,-2.4424906541753444E-15,0
-4.551724137931032,11.813482398441675,0.11268954223008976
-4.551724137931032,12,0
-2.3607974545205463,4.816329430555227,0
-2.402124776006492,4.948280489324549,5.888331976853575
8.095376484179548,0.5593234729748096,0.23245579267855718
8,0.5593234729748096,0
8.090408990777467,1.0591850228464113,0.5963925687081659
8,1.0591850228464113,0
8.083904454492073,1.49744456304978,0.9569652389818428
8,1.49744456304978,0
8.063930650553251,2.513965585464769,2.1451825924319206
8,2.513965585464769,0
8.070383836819842,2.2185888570837875,1.758527819600047
8,2.2185888570837875,0
8.076837023086433,1.8816937994971497,1.340444009896756
8,1.8816937994971497,0
-3.7241379310344813,11.813389640694655,0.11114095475805089
-3.7241379310344813,12,0
-1.6476698140633104,5.050247621182193,0
-1.6774070936503502,5.192055850652368,6.141630369736703
4.078563842265917,3.0917666721777928,-0.16944436127887674
4,3,0
4.4501120541568815,3.0874422562465367,-0.006771703822565426
4.390216371120745,3,0
7.547559397598744,3.0640813551160817,0.32005833982493426
7.544414432652219,3,0
7.2800442926720805,3.068584045211491,0.06764842814535636
7.274374272118628,3,0
-2.896551724137929,11.813826510898904,0.11000464397429963
-2.896551724137929,12,0
6.9783042224397835,3.0734172229439993,0.03673698226386516
6.96912271680524,3,0
6.63783449579153,3.077252522061662,0.05412998988899728
6.62406850290335,3,0
4.866426015894716,3.084948716422433,0.06799538586213494
4.8203990354975605,3,0
6.2534295723106705,3.0795225174715197,0.020322688610695284
6.2340215959013605,3,0
5.339194368999306,3.082968781728679,0.01731882067654557
5.30409767738132,3,0
5.819421243700819,3.0809888470349245,0.02635224840067264
5.793115448942871,3,0
-0.8407172145556957,5.1997414263679715,0
-0.8563258148478481,5.34763382527127,3.807928417265058
3.938898916447803,3.3917663396326794,0
4.013326566470614,3.4930661666391787,0.19853568896563567
-2.0689655172413763,11.81491463115456,0.1096210969082887
-2.0689655172413763,12,0
0,5.25,0
-1.1464628135424743E-6,5.3994845473458,1.3801849987004038
0.8405055611985827,5.199767017607646,0
0.854554717969071,5.3459300187299315,0.48338882044330533
3.7443929660891353,3.7914119763012932,0
3.808806010742719,3.895562467232254,1.8144988112009288
3.4121183894746814,4.174190704992607,0
3.468794492009375,4.286116505566888,2.513204825505566
1.6474562407148279,5.050301923964217,0
1.674543687812418,5.1899209121658565,1.214686177630473
2.9491050792760722,4.5200805870681275,0
2.99754845603243,4.641650262167341,2.0924769285530274
2.3607386488614264,4.816353614101364,0
2.3992153417206112,4.946983937305558,1.4764713225380461
-1.2413793103448256,11.816647835398362,0.09913609986843443
-1.2413793103448256,12,0
-0.41379310344827314,11.818423084642838,0.08196554790135412
-0.41379310344827314,12,0
0.41379310344827935,11.819027022337169,0.046335461776826035
0.41379310344827935,12,0
1.2413793103448327,11.818041537768561,0.02475579324176485
1.2413793103448327,12,0
2.068965517241386,11.816489868702316,0.012508969383996616
2.068965517241386,12,0
2.8965517241379395,11.81554715459252,0.01787310651822575
2.8965517241379395,12,0
3.724137931034493,11.815270105133871,0.016694331557588104
3.724137931034493,12,0
4.551724137931046,11.814963421693175,0.011644674864127671
4.551724137931046,12,0
5.3793103448276005,11.814423710224297,0.005129303764429785
5.3793103448276005,12,0
6.206896551724153,11.8135273890241,-0.003114941506991124
6.206896551724153,12,0
7.0344827586207055,11.812912351405746,0.011110480854329577
7.0344827586207055,12,0
7.86206896551726,11.814676306197804,0.06171411483631452
7.86206896551726,12,0
8.689655172413815,11.820213242749265,0.10571883593994033
8.689655172413815,12,0
9.517241379310367,11.828248215738148,0.11744120863149157
9.517241379310367,12,0
10.344827586206918,11.834898954589164,0.08306538871514732
10.344827586206918,12,0
11.172413793103473,11.838224324014673,0.024583533709949302
11.172413793103473,12,0
11.999999999999995,11.838224324014664,-0.02128347798213396
12,12,0
