% Model,16.mph
% Version,COMSOL 5.4.0.295
% Date,"Nov 9 2020, 22:28"
% Dimension,2
% Nodes,1180
% Expressions,1
% Description,표면
% x,y,Color
-12,-11.309635908332723,102179.52913060582
-12,-11.666663015092984,102184.0408216084
-11.40748763862925,-11.355342001181675,102178.33466984895
-3.097391626385358,-4.8052167472292835,101771.28848357519
-3.150207947413162,-4.833118061267913,101775.27334695526
-3,-5,101455.52578211446
-12,-10.712577837016209,102177.47127855157
-11.249361984491093,-10.855354834359462,102174.88895972466
-12,-9.809599170105017,102182.1429117559
-11.202082496675912,-10.084341042488536,102178.49893912803
-12,-8.528305661155791,102199.77432307502
-10.937837069071518,-8.809051138509494,102192.96915989569
-12,-6.811341440264201,102237.09592848648
-10.735616517366692,-7.286146976615066,102223.49687626045
-12,-5.433311434922735,102272.75029959319
-10.820435815148262,-5.866460486514957,102260.85926236252
-6.844877594128471,-0.15512240587152723,102567.6578944081
-7,0,102506.69741314603
-6.888976238649332,-0.19922105039238786,102564.91108152484
-2.7862944645999663,-4.969470637799994,101274.49683336158
-2.7774088607925207,-5.030604380626236,101265.86441315226
-12,-4.237368692313407,102302.52659194714
-11.022970772646271,-4.597372676631297,102294.81704916213
-11.11272383479308,-3.59609568340769,102317.86674327207
-12,-3.116230237173826,102324.44344043029
-6.844877594128473,0.15512240587152615,102355.99786394132
-6.88774140671916,0.2008355368955705,102350.41456105506
-11.18702207854919,-2.6398080337587277,102333.13232311186
-12,-2.157896128338731,102334.69456288597
-12,-1.337579745430446,102334.70189449203
-11.181477169626246,-1.742736886647998,102338.84161965582
-11.183042463406036,-0.9902700425477471,102335.26584683928
-12,-0.5284807811920054,102325.46723866121
-11.285246602556084,-0.19686225239851904,102321.23252014078
-12,0.2617709597779161,102307.61586968692
-11.208239385148485,0.6191244113356085,102299.35475723863
-12,1.0518254023705271,102282.37415491651
-12,1.8622191287717413,102250.59563786286
-11.182525551157914,1.5668594173544492,102264.09193855723
-12,2.7936028765220726,102210.36354195802
-11.177852954067276,2.3820668921124644,102228.97635516977
-12,11.289961418468014,101988.53182320487
-11.424673846282673,11.356846170693807,101987.52476646594
-12,11.650449755784951,101993.21565461346
-11.068556088468352,3.271532384966129,102188.87008032989
-12,3.8105161825606437,102165.221605147
-12,10.618842691049817,101986.40223673347
-11.259915910207445,10.864372740201798,101983.91981725574
-11.019331028338222,4.324688326382277,102141.79096756825
-12,5.053587703768742,102112.97633113382
-12,9.797425536392911,101990.98556739818
-11.153564326196737,10.012573455040677,101987.49917907594
-10.944787211158914,5.637511239757612,102088.73249548614
-12,6.704447993167552,102054.50518328842
-10.86592739998307,7.2985857614994485,102034.45776383164
-12,8.52674443820446,102009.09681663472
-10.987359021220925,8.857085392099819,102001.09543696174
12,-11.31871295873356,101324.21043592064
11.445415133099115,-11.357849514898694,101324.17627452937
12,-11.659096523090476,101324.80917365111
12,-10.591344485200196,101326.39864592491
11.344937143275068,-10.857499903244113,101323.51058515838
12,-9.627492187083377,101332.07322388484
11.085991944429315,-10.022825717758199,101325.12842213866
12,-8.663639888966557,101338.30963486848
10.957913660880726,-8.820112813219248,101324.15486472647
12,-7.175759393116871,101334.19813653668
10.922085426591458,-7.52286177916648,101307.31073495734
10.699771201285564,-5.83097866664316,101271.65241274062
12,-5.241812196970058,101291.04188939666
12,-3.6036246130811307,101283.73460023546
10.367501622786666,-4.212539951105378,101266.25874450545
12,-2.172093921627047,101290.87104186806
10.314372518589353,-2.709750090925403,101279.52456629492
12,-0.7434941939958044,101293.66480450328
10.533077305410602,-1.4698625021863048,101288.37922950165
12,0.7057713023489862,101292.16330552315
10.735615987600994,-0.08539754687164922,101290.3123744017
12,2.1559713901096673,101283.96516593994
10.515095821243632,1.3252873017371674,101283.92640434518
12,3.5454665601217785,101289.4751827718
10.621129424204144,2.7195208559973234,101266.32837200376
12,5.303890657838494,101318.02976264995
10.484696995852925,4.159495809419689,101261.95457631817
12,7.171165878244256,101342.67383879532
10.71444952138426,5.742599063203991,101291.86860717785
12,8.70098769199322,101334.84956146187
10.819623003826205,7.503648727012217,101321.40978714975
12,9.642963222504513,101328.69615127833
10.942311875839026,8.978028116475176,101329.68114220322
12,10.584938753015805,101324.09409153152
11.171642039956888,10.076332804113534,101328.5237991045
12,11.29444914248835,101323.86278784642
11.368501826425755,10.837845971448807,101326.76822688266
11.999999999999998,11.633807523249825,101325.95036519018
11.446205473625591,11.311773748811232,101327.26147687797
-4.452904427143245,-3.076857897099441,102382.82679779467
-4.164578037336232,-3.118621137828831,102389.32689453721
-4.477912813851197,-2.8161563640725764,102394.90275200197
-4.048590161912612,-3.711421219718236,102323.91950908168
-3.7696336616242045,-3.8518326156554727,102280.5507485802
-3.955827281938973,-3.509158820227257,102361.21419170054
-4.267317632568302,-3.355929928048056,102365.50686114914
-4.765901367270782,-2.8650829724415097,102392.27060505805
-4.796647747253892,-2.501764825241156,102408.01981785861
-3.8392705619382315,-4.0625169457227095,102236.86997889607
-3.6031786455629904,-4.153651903342173,102186.23164553296
-11.172413793103473,-11.659963608385496,102179.96369403783
-10.764575535054844,-11.285999559711124,102167.72059607705
-10.344827586206918,-11.650600585240882,102154.83512995171
-5.132183482187652,-2.529771606370651,102411.98579760447
-5.147943766966244,-2.147943766966244,102429.63867155483
-4.691805602125342,-3.2998987729423743,102365.72220012211
-4.15289431206118,-4.0525326948379075,102263.04546539887
-4.396689697321814,-3.7050401391785255,102325.9376897203
-5.152259956229628,-2.9777089175212335,102388.6418553471
-3.6637067112815616,-4.375659095458209,102135.89720269247
-3.4550587517640503,-4.419999154496598,102083.40686003721
-3.5192147550019457,-4.618712802316625,102033.91482336579
-3.3251817769861343,-4.656149210713178,101957.52540152702
-3.9402148704134916,-4.350740731932709,102183.28007103827
-10.005254120396293,-11.26202360767318,102154.15445096993
-9.517241379310367,-11.641420535779893,102143.71774459237
-10.351304845082442,-10.867993614997662,102164.22278915813
-5.50258352262307,-2.1237171907113623,102439.90824391054
-5.521381911042219,-1.765860844552193,102457.30999520874
-5.556051972133723,-2.595770702939067,102416.31445903901
-5.8630803676193155,-1.7373162456515192,102469.07658538873
-5.846053745799335,-1.4276525057165055,102484.46116036153
-6.164237935580455,-1.4028075195720981,102496.00366954872
-6.1283932462755395,-1.1283932462755395,102510.22345404387
-4.241472757572106,-4.380236900525573,102210.70699026737
-5.117775584294319,-3.4105004536419536,102359.03460701057
-4.844272501846195,-3.7731318993330683,102322.94953817781
-4.532137324936125,-4.102008446081358,102275.03407807167
-5.636161321204779,-3.2377818714687594,102378.35541744831
-3.719008916924009,-4.612624686856561,102085.02534933771
-3.5828265182482646,-4.810246572500179,101991.92007073858
-3.3695058548076537,-4.837598093875028,101900.76261602162
-3.2135875326465273,-4.866599638114269,101797.01010120125
-4.024935962703861,-4.620874068195296,102137.29503529843
-10.247565721816157,-10.19163888876039,102168.52611599158
-9.212980347756444,-11.233772250428563,102142.5820600905
-8.689655172413815,-11.633341545411067,102131.8655909305
-9.666099093451358,-10.719710086138777,102154.3200408983
-8.431114714165757,-11.296968294076704,102128.083460101
-7.86206896551726,-11.62628096993785,102113.07235766907
-5.932322378935098,-2.1585129671670584,102447.70151823817
-6.050208042953554,-2.6669911185807456,102419.26201673313
-6.2843472077719955,-3.304594884515119,102380.23934055386
-6.244003840088261,-1.7658554943391191,102475.91640821176
-6.4128320622330435,-1.110077449545107,102519.90397725963
-6.371823893473793,-0.8662280801467628,102534.28153898
-6.494810212477978,-1.3754837367917667,102503.82198427392
-4.612944263253666,-4.4717859732448675,102227.48787801147
-4.421730159636865,-4.739418656342872,102169.96323074623
-5.347619120413531,-3.821276232948794,102329.87851824006
-4.979607681986041,-4.300067351205403,102271.53027190677
-5.944867364636693,-3.8876307901344,102335.46997798793
-3.8400866181726427,-4.840471556120233,102055.55155353983
-3.6873314160508226,-5.03128454237403,101967.15487026982
-3.430728720605365,-5.011056427013616,101865.87650433068
-3.2283185641746743,-5.018688182486316,101714.8936996926
-4.169327611070245,-4.946117290079447,102101.44153537996
-6.545967655833535,-4.086350078058577,102329.60629570148
-10.082880895699047,-9.227230921736098,102178.94608405983
-9.606442504687456,-7.918683058956455,102198.96950179055
-9.33381784787523,-10.040530764112281,102156.47711183304
-8.845671677781581,-10.722301390860594,102140.43582185883
-7.96822443957523,-10.691012454578427,102120.9836482003
-7.6013685207636605,-11.282857301027308,102106.81218147691
-7.0344827586207055,-11.619614382701474,102087.23176817158
-9.615507084452819,-6.3386902430075125,102243.61631465294
-6.624716935391472,-0.8219122679103913,102542.19921652692
-6.585257535786732,-0.6345774399775912,102554.45989268535
-7.026055041530276,-3.3980205274820507,102375.93095200154
-7.269161801867543,-4.191144514138363,102328.93084868578
-6.380675437714353,-2.153665185706296,102453.62109651149
-6.643802544465879,-2.7218083242847064,102418.63705834861
-6.62889670820237,-1.767347311145975,102478.7032861336
-6.693010150199025,-1.065639846574083,102525.17987634597
-6.842796945449862,-1.4054357635952002,102500.3313492773
-3.063353535954125,-5.208835035232345,101407.4644113531
-4.889773392137193,-4.83719851206913,102202.90930369183
-4.602586223004461,-5.096131920550457,102143.4472691689
-5.633462078685252,-4.458379780563571,102281.96949270589
-5.285036053977807,-4.810582098359348,102233.31075626149
-6.108913954658565,-4.5272586359365246,102289.75979705493
-3.9731878833318204,-5.1262444591166485,102029.73354407155
-3.7863021822686074,-5.248435119978268,101957.29591109081
-3.555336968135518,-5.223569704755802,101874.62880235474
-3.292735741034375,-5.188039900682639,101721.34063538151
-4.251045540840797,-5.2667551007595685,102068.95829110571
-6.648380199543745,-4.9315279083267995,102275.36781661377
-8.35002440554088,-7.264394337600834,102198.66119830927
-8.741032290000616,-8.908683339763591,102164.35763281833
-8.271446240275019,-9.973755421613316,102135.68045867565
-7.460119826964364,-10.140114737805318,102111.5867284581
-6.78498275639959,-11.275775783566221,102078.78500138978
-6.206896551724153,-11.61299651833444,102054.01741612719
-7.132957106290262,-10.676348398694579,102095.042927238
-3.176326621067364,-5.428161281401476,101594.89694692777
-2.9710507307375655,-5.369754750071113,101414.8347110094
-8.431692696490947,-5.8162624160676515,102254.18019007
-7.72536840246944,-4.907238213464171,102291.91576827176
-7.174379222197004,-5.722462208772593,102238.82504667783
-9.709649812309209,-5.0561954171760926,102285.87716736404
-6.941894612074364,-0.2521394238174206,102557.69522775717
-6.816976023677033,-0.6181393629074148,102553.78084265087
-6.773909112596252,-0.43056736148623836,102566.46779785029
-6.892172237867658,-0.8090532256629562,102538.78496691877
-7.666186189962577,-3.358441588382693,102372.95019096353
-8.047694687475259,-4.018960391173163,102334.46520619286
-7.347826927813777,-2.799509173645559,102408.18245718937
-6.928708518205364,-2.2382225043367905,102446.62595416092
-7.176883240482334,-1.8553096811473466,102465.56498051637
-7.0117854949606695,-1.1506488892900268,102512.3988956673
-7.299828634164245,-1.4486685675123103,102484.4022584652
-2.8745207861711966,-5.21375169462005,101234.34946057967
-4.604267580065221,-5.445394740440062,102105.388525047
-5.150258082954711,-5.339624174887391,102175.0602535859
-5.782825640260584,-5.121670571922378,102232.57039565162
-3.981985321963731,-5.4196381565963625,101988.96951876605
-3.695977601720125,-5.440829127253358,101901.8337659249
-3.425085027788476,-5.386635837328473,101792.73062302434
-4.209650760042853,-5.654368662099692,102016.5309866781
-3.344963001176648,-5.599014206154744,101728.81734894123
-3.1911903698054904,-5.6748215521316885,101659.94869870934
-7.470757678729984,-6.560649073669551,102205.53609751712
-6.270319864519678,-5.709275033436846,102210.40416935667
-6.717367540056469,-6.29563772883529,102193.43744801008
-7.332839314923717,-7.296939351671418,102172.39409644871
-7.533568616454434,-8.096840127740037,102151.9810408344
-5.9416814962009195,-11.268581076085157,102042.2658011838
-5.3793103448276005,-11.607306774407917,102013.09510046963
-7.3164444282554335,-9.223901470733562,102121.05542331412
-6.648421216072101,-9.969228478030335,102082.08531773543
-6.334625877966621,-10.699101637159863,102062.50820960476
-2.9498844001974907,-5.594454694700257,101492.26304008548
-2.786802940088793,-5.385593615104846,101289.61142351631
-2.766746136223586,-5.103964872017725,101233.52197509941
-8.841122720531631,-4.355389161950676,102315.31735817388
-10.047632222835551,-4.029447200419603,102315.47759807749
-6.970088006222036,-0.411088807002508,102554.03740107767
-7.1002365230630895,-0.2399617867940109,102533.50361432797
-7.055712314198047,-0.6016370754048033,102541.12278638931
-7.173763727127854,-0.8491700557543349,102521.91367801781
-7.907602417445787,-2.7723310312923823,102397.90041617224
-8.561534523637375,-3.330015817042719,102359.82547827599
-7.519606574567786,-2.2367549872208468,102435.69953764594
-7.617634357071737,-1.7659315455041031,102455.78188088884
-8.01497210260962,-2.304411486985615,102416.5888395311
-7.374339494432151,-1.1606161204169165,102495.50344397622
-7.637453818047887,-1.3949842574759341,102471.35206592393
-2.659171374023112,-5.2143618952942665,101239.72525907482
-4.921837433606841,-5.724458654044154,102113.55570450716
-4.589649475509855,-5.810702675695337,102066.66067895814
-5.449245399040281,-5.87229648221335,102153.5816229456
-3.83942684239711,-5.683889234659417,101924.40437227824
-3.5819623129941043,-5.654549468072937,101839.8262922736
-4.41038418134217,-6.019777417996067,102024.1845337201
-4.015507495549506,-5.980051818254096,101951.6562088462
-3.387820783646449,-5.842142674900806,101759.03656764138
-3.091548302659863,-5.8710005891805315,101639.31205496496
-2.842948648887727,-5.853403633320707,101529.80634925318
-6.554030057941101,-6.994734925056061,102155.74075603392
-5.974271177401414,-6.432361875924109,102151.30231305235
-6.588807881191671,-7.621489391178647,102132.80067452304
-6.708337942201348,-8.454438639309464,102112.38583245438
-5.128488060496933,-11.255704088870756,101999.255820571
-4.551724137931046,-11.602947946765344,101963.89045171405
-5.482348698393673,-10.655536662482595,102020.92353158344
-6.221792583094462,-9.129773518688614,102076.09742594558
-5.764314898595206,-9.937794544628233,102040.3002852119
-2.667633463182344,-5.617013992294121,101350.57066586115
-2.551199936589424,-5.374660945428192,101248.77770537279
-2.5288717367984286,-5.079174639593389,101242.65611580545
-7.234587833429419,-0.08185415314475973,102505.4087368604
-9.417996960409928,-3.3161664682448313,102345.04728198507
-10.34644214621718,-3.0755332618568203,102335.98406657243
-7.198887592114327,-0.4248182489254102,102531.49637481569
-7.269163722246606,-0.25390543740145327,102518.44447848576
-7.315013754658923,-0.6329134973587792,102518.9734485745
-7.474537745317627,-0.8866757402117024,102500.09909769172
-7.440390359579163,-0.17643765232750627,102494.02629142396
-7.44409509954542,0.01239427835023472,102471.58920034753
-8.432153154215605,-2.5411842755165175,102394.73715333146
-8.98586772950143,-2.6723342720333836,102373.93967244579
-7.970589712441961,-1.9100372313047942,102435.82485581514
-7.899476942185226,-1.5848249074335234,102450.83747681492
-8.33387040944336,-2.010452372834071,102416.33654315892
-7.657005656251848,-1.1126613258123803,102480.34291303554
-7.9248252217997335,-1.313362646799588,102457.38554377756
-2.404946721965977,-5.216546466632716,101243.70120740378
-4.8157666304641396,-6.15427519698463,102071.72502092787
-5.304503787396188,-6.506139930256604,102099.62483622339
-3.6423780712895746,-6.010151908796137,101852.68962892321
-4.338369785372386,-6.323333666369508,101994.67776566859
-3.9269172886994794,-6.278973288389599,101922.53453334642
-3.2862373240182126,-6.10848187212777,101742.23217496468
-2.9751339446763705,-6.090611148822966,101636.50651265058
-2.748564097396538,-6.084270336773393,101558.14410221209
-2.5669882311123935,-5.912845670981152,101432.32321700094
-4.2628945352836745,-11.248082211309747,101944.35269190143
-3.724137931034493,-11.59926617491314,101907.01650305826
-5.618921681758223,-7.2268289766557805,102092.12337817335
-5.8091786267469505,-8.14099179250548,102074.61303234717
-4.707998509980215,-10.7035008268405,101974.03241533549
-5.016983347122142,-10.068537801311061,101996.56885720903
-5.08405838669573,-9.052286186924619,102008.47709771476
-2.4207445248801847,-5.607327722200146,101280.35092084979
-2.2962835925092113,-5.383185088581184,101248.0218933174
-2.259302990035599,-5.0538649893432535,101244.5740038058
-7.2326172447982495,0.1039368551430179,102466.28780870132
-6.939177981827983,0.2556912941244237,102338.30252956045
-7.0796878612643495,0.2615619805181736,102378.09947059432
-9.713861389792253,-2.4875389137076076,102359.70254456595
-10.379595409132653,-2.1062014972619965,102349.80202535716
-7.483111232297262,-0.40940288959090665,102501.81452921787
-7.616696196743151,-0.6463772525123546,102492.37277816863
-7.7571908547318795,-0.8689447524772793,102478.77962975165
-7.693520395879541,-0.22170370703302356,102473.31097172711
-7.617217451981207,-0.03456259657735492,102463.1222239004
-7.578766197223904,0.12020288621210085,102445.50616419862
-7.429739511160178,0.229481164244649,102431.35546881381
-8.874370622420159,-1.9687318242932952,102395.1960895687
-8.337440331200995,-1.4676920515379759,102431.63857265377
-8.056116703117207,-1.0448776412531138,102455.6924515215
-2.1348507018400866,-5.194031241556008,101244.30175784341
-4.6643140483168795,-6.844937119505152,102019.14473700113
-3.5488940212943256,-6.39663705685505,101831.21083849565
-3.965674271485447,-6.6427163908819296,101922.44573212293
-3.1354259857982694,-6.393897654008053,101723.14618979175
-2.8136738361887206,-6.35893863391638,101629.08991119514
-2.5639393133737447,-6.190781460905563,101519.16593227243
-2.328064077257531,-5.978135258751916,101380.92532713003
-3.434612705824426,-11.239457301721883,101884.37851140265
-2.8965517241379395,-11.595883021484594,101843.9843894088
-3.783494292201684,-10.69184241241827,101909.1491064354
-4.693005640638206,-7.880062808411805,101996.1467872894
-4.150681203492123,-9.850313240990905,101933.82206671419
-4.184696166064717,-8.758784667350472,101936.06412663664
-2.1459575730038236,-5.647063678892962,101262.1526329478
-1.9898234318524097,-5.394232204888725,101244.20786294415
-1.9537735964107554,-5.027413577288349,101243.92655268189
-7.262536859751449,0.34200104056488706,102392.78239632344
-6.946776918265001,0.43715265167335954,102305.53479784016
-6.765574187165701,0.43516022044599856,102265.28666081582
-7.114357671586137,0.45224153488477975,102342.96450631577
-9.554705413379686,-1.7266675546175325,102374.69926914004
-10.353221427473219,-1.2753981236868364,102352.25951974506
-7.840620391695324,-0.47431692303429285,102470.2037645321
-7.964229205010425,-0.6900415924585769,102462.24572556552
-7.939212242555195,-0.2236084098362462,102451.33910025717
-7.825877542104978,-0.0524459150751336,102448.34261584513
-7.733651117661382,0.09906704461059881,102439.34059530572
-7.648704856963052,0.2725318468102867,102420.67212105314
-7.445491923226828,0.41425099044762503,102396.70306673473
-8.935776425465502,-1.2574824771189497,102402.9084906648
-8.461131110581007,-0.8201461297117062,102429.00599297312
-1.8135797481183884,-5.178501838757318,101243.33938027592
-3.8978758353560514,-7.228959086381379,101905.15529607305
-3.4176746498735566,-6.783458127790891,101811.43692851714
-2.9158026552935135,-6.7602219285821485,101704.41374945146
-2.568319064729274,-6.536834618531754,101596.56655154612
-2.012772452888563,-6.069249906299538,101337.41876068366
-2.2616206920059536,-6.306075835165799,101462.49615141934
-2.25935375264715,-6.63648702492253,101540.50814878823
-2.6197832033872013,-11.230264490222519,101819.90101989347
-2.068965517241386,-11.592802341812408,101777.06934589194
-2.9104628769640803,-10.685081895430306,101839.11678159052
-3.354776880473464,-10.019152943878108,101870.43091376977
-3.6554803911405203,-8.02433268512131,101879.52595478263
-3.3402552083570067,-8.986928415303716,101857.21358461803
-1.837030571741404,-5.682544157905667,101248.88855735866
-1.634591939114029,-5.433071226341876,101242.17145975854
-1.6074477545019696,-4.998802112778323,101243.47344623103
-6.782693097723601,0.6223474646108322,102266.79116756214
-6.5672003809675665,0.6362061381369106,102238.70746171822
-7.273326946472946,0.5905337181510775,102350.1895208455
-7.005852990863725,0.613527011469531,102307.6603810886
-9.644944132454945,-0.9435304071230449,102371.06251184996
-10.500151859856688,-0.5363924866436001,102340.33803165291
-8.18659184722475,-0.3561440929710877,102438.52614605034
-8.082638231804177,-0.017904532693739466,102426.57392589323
-7.943757984190758,0.1196162136188055,102424.92425227737
-7.878802156889285,0.29281762719356463,102410.10573440074
-7.689121011645728,0.4818877483215209,102391.20697698732
-7.52890386303575,0.6444992465455369,102363.81244398268
-9.090679107905062,-0.5957751427186323,102389.84847143055
-8.645163269595617,-0.32891200620492034,102407.22068385019
-1.4540609307983325,-5.165225597560061,101243.2108154751
-1.6647099962441805,-6.079094033005782,101289.75157242606
-3.0486005127149354,-7.339139786300944,101770.52071099248
-2.5377530377357678,-6.963851065505848,101651.06761405374
-2.111103140339686,-6.935020202882249,101561.42182298546
-1.8666788871880522,-6.5143578255906025,101436.88820708472
-1.786814296225988,-11.220869796941042,101751.0790471557
-1.2413793103448327,-11.59033790387051,101709.58510221682
-2.154417392993833,-10.684934386017797,101776.43283871312
-2.5619247806861236,-9.87059911227571,101796.97858839644
-2.783273047735935,-8.121120816632216,101771.625542244
-2.4857767767397267,-8.82324380998504,101763.99078692227
-1.4492878863435044,-5.752525735776284,101245.82593896374
-1.2637690658301342,-5.425397823163204,101244.41295487947
-1.2148619422561284,-4.966590400649895,101243.3558012349
-7.3915299763449545,0.8878595421563439,102326.58433150129
-6.587715558859174,0.8269585779976011,102241.37832549152
-6.343041758542058,0.8642678845224834,102222.1554667665
-6.825094728708717,0.7981142282709909,102269.74803123726
-7.10561065426037,0.8616250463069762,102301.3582151261
-9.788873055009493,-0.2337023268882087,102353.14719105222
-10.551543698143774,0.24662348206439777,102319.97145530033
-8.47131276833227,0.05120487789177407,102398.36049382632
-8.175739380779174,0.2841077663971403,102399.46067870864
-8.026648029277217,0.562277539499282,102376.0678489624
-7.805014776885945,0.7307251925500835,102360.88494616277
-7.690961810959714,0.9441452882084639,102334.84836756355
-7.527741399278306,1.1317051487397722,102308.69176289155
-9.041596545192675,0.12704819282903182,102369.04463148185
-1.0430204303742436,-5.156084771102828,101244.56313979185
-1.3454030006735065,-6.240299824009773,101298.43189373815
-2.215072265152264,-7.442646235244907,101643.0785985505
-1.7408830785846496,-7.081593649465491,101531.49736604025
-1.3097173755291016,-6.8464819536903105,101428.62580589596
-0.9789122638583007,-11.216983204619158,101685.00920685433
-0.41379310344827935,-11.588819912534253,101643.77742366545
-1.4108026916172876,-10.675598954725636,101712.36085321892
-1.7799246209107542,-9.981701465582207,101730.57543235004
-1.8029418239527786,-9.113651675481083,101704.28011518664
-1.9544531323111585,-8.110433967837386,101665.16855577171
-1.0948386508529695,-5.852848798200058,101249.31108368361
-0.8394608006643057,-5.440872927449618,101246.99320596665
-0.7698529069683119,-4.929101549904047,101242.26915768163
-7.245225729488617,1.1354164328794518,102291.18523176313
-6.37303219354802,1.0419825440707542,102220.8546892728
-6.088955696422459,1.1234194359879728,102195.82239242912
-6.645795740555459,1.0733052175273343,102243.0105765823
-6.918407509798712,1.0581488695858232,102269.41118662152
-6.15172829153627,1.2680473976690143,102197.99213225751
-5.90800817512624,1.3555977762230538,102180.29651963606
-9.65210408327833,0.5456329309744974,102329.32359734554
-10.345086431992932,1.0992705734903971,102291.48019178206
-8.469651299443564,0.5962900395050154,102363.3575645686
-8.032847721807846,0.9822893056563791,102335.29451340916
-7.765156330887633,1.2242707290674895,102307.93460748276
-7.529235424809759,1.401708398091404,102284.0512697209
-8.964859685198102,0.9341909742524036,102325.82860685645
-5.779428970487527,1.2828114062342075,102171.87625736561
-0.5821439482530638,-5.137698972866792,101243.7163727481
-0.9257544226754703,-6.384905026166781,101297.06556348545
-1.363102681061638,-7.6003792449133245,101544.13449415962
-0.80380278945469,-7.062168747979836,101414.0514015676
-0.11296289860719598,-11.21355273891391,101616.87973780574
0.41379310344827314,-11.588397720925938,101582.60204854084
-0.5782656077008006,-10.642043200629937,101644.61987997434
-0.9709788311906089,-9.757168690338911,101651.59464555512
-1.12235311711799,-8.496401509556256,101598.60471904698
-0.641214485920683,-5.854430279145137,101247.50135201482
-0.3400575648391241,-5.465170056665162,101243.18398916475
-0.2655123198826812,-4.8844909476014395,101239.77167853355
-5.958023748622652,1.556272661088243,102185.7188035912
-5.642063606662611,1.5185933192035885,102179.29871662601
-7.115957320289414,1.4306661120452113,102260.81390542396
-6.440912735423958,1.3390921644534586,102217.83755134325
-6.72961171699417,1.3755349207853789,102237.59096025409
-6.223367109425254,1.605099410255158,102197.51073539253
-9.58525938897918,1.440063153699455,102285.14115358243
-10.327514347956798,1.965703280778315,102251.51695327878
-8.450828036496194,1.3107866848230658,102304.96898285874
-7.980300403321161,1.5710421437367006,102282.27745581987
-7.473066143240179,1.77163572050209,102252.91204296284
-8.969024341072386,1.7697407944192243,102270.3074596253
-5.468278912270626,1.4491437823513378,102182.15311105612
0.8369132715219574,-11.213136387265656,101549.14733095188
1.2413793103448256,-11.589007673182827,101526.85474379147
-0.06529665603533463,-5.11261591218363,101239.10127937097
-0.43231439390200427,-6.441056819316678,101266.36757261633
-0.5366818192068937,-7.825863385914149,101481.51732937283
-0.23429866477713018,-7.178212726103974,101376.54065214035
0.33834652965644707,-10.584878567715094,101572.3805311192
-0.06709102370130342,-9.888773920322112,101583.86200195752
-0.13953744543215404,-8.753995150065673,101530.62319621343
-0.06498861658892435,-5.956615360228676,101235.78569114105
0.1686875937892037,-5.460770623687464,101234.64985775971
0.3054837830891126,-4.829431091025176,101236.68728301005
-11.172413793103448,11.650449755784951,101988.92842889811
-10.775733733188716,11.281339805715545,101976.9729045801
-10.344827586206897,11.63632823449775,101964.0144773226
-5.363316129769634,1.7019165897926363,102189.98704220778
-5.9388813724113305,1.887615722293324,102182.12355321168
-5.647521185609378,1.7607514503400203,102182.14405441667
-6.9544507594467895,1.7694259011585782,102229.68258469971
-6.563896576181935,1.737585660267048,102210.80859962008
-6.28640014104907,2.048833191118053,102185.5628734867
-5.975004768865142,2.232669970631931,102168.3317611886
-9.58560138215314,2.299671089463388,102237.23156698236
-10.30612895567075,2.785760074557316,102211.51117311158
-8.282393009609272,2.0148751877883844,102252.16045866375
-7.78382775696628,2.0666056796668526,102239.42715756755
-7.352579452380557,2.2285283106702938,102215.50782944082
-8.682818611784919,2.611577244724742,102216.62293231911
-5.124902907511014,1.6414877926720886,102196.28385118282
-5.142035401506724,1.8979232451407118,102210.27383495086
1.6573704447761564,-11.135778747568802,101497.49334970674
2.0689655172413763,-11.590359874349696,101479.33626812136
1.2414291941582625,-10.591261391697357,101512.62632587149
2.455800331340575,-11.119554129606897,101455.41792869013
2.896551724137929,-11.591995593017927,101439.68858139345
0.5274170082471563,-5.076446909592645,101234.03625472834
0.18366449331116266,-6.692064262022829,101289.08775985398
0.3154051650443837,-7.6679296555883765,101401.45181039712
0.7709511912803599,-9.69044841570143,101518.39859764009
0.7653566921197782,-8.649779222864085,101456.82928321879
0.8226873493408934,-5.473855963435115,101229.63122863173
0.539542440028167,-5.9734312363569515,101230.12313932122
0.9516051910461599,-4.762212817364705,101236.26374189062
-10.011407214213536,11.240110767337947,101963.20655240522
-9.517241379310345,11.621510998199787,101952.77297873152
-10.403872848275673,10.866779797057863,101973.59808565529
-9.233768389495614,11.204956428026366,101952.04216684279
-8.689655172413794,11.608840889452017,101941.33779995203
-5.327886447542078,2.013088732400739,102190.61396358616
-5.658233660374559,2.14537087007632,102172.1762168581
-6.748636994752363,2.2875283738316603,102189.72868278773
-6.28515793602457,2.5402930320919785,102157.06308715571
-5.787542652324178,2.5381063085651916,102144.0117405245
-9.256001154827374,3.1588214608487126,102188.82346984708
-9.999713836641536,3.815191657876554,102159.82576625947
-7.828456565804245,2.726517204569771,102194.64658192164
-7.167006512368168,2.7242930410762347,102176.62942041986
-8.328542659840338,3.4329875305382735,102160.96333683738
-5.026263763967307,2.179125523701555,102199.4844176016
-4.932381510924973,1.9718862213290846,102229.21331161658
2.0457728965924433,-10.617177773936582,101467.75654499458
1.6118091428154966,-9.92158174107917,101471.83765134457
3.271362930499611,-11.143456186578469,101420.94270447908
3.7241379310344813,-11.593184414306107,101407.64417254413
2.794778474795931,-10.638556602189897,101433.8281209966
4.0433986044158,-11.184922633403307,101394.55264273893
4.551724137931032,-11.59263774741215,101382.10461550782
1.1865930137162441,-5.025215146345996,101233.75940062875
0.8609927285546125,-6.768721765228552,101264.4874557905
1.30834017074131,-7.806871076919386,101363.62016981938
1.5938335635157679,-8.953638259029411,101433.41062986058
1.5142751305088136,-5.452734791328746,101234.56204089562
1.2368448913991728,-6.028203067701653,101228.05169985817
1.6819794820423606,-4.680369860438304,101241.32838805877
-9.766875936959543,10.765671874213256,101964.06051924046
-10.356311479533897,10.222106027567776,101977.70519047217
-8.838475174087632,10.630146365647576,101949.92161430605
-8.408148835136423,11.21612366325013,101937.7106272775
-7.862068965517242,11.599778537968543,101923.99825843018
-5.272565535495241,2.439993036226714,102154.42410902075
-6.71221336858573,2.932878725058215,102146.24956830162
-6.117011202160886,2.9543304456152475,102121.75785288481
-5.557597686751771,2.900216830473453,102104.3798181291
-9.890719281811426,4.934298333607988,102108.41285866355
-9.016587769066861,4.18355816176345,102130.4827057608
-7.2709482542049,3.4118264703954155,102135.07864254626
-7.994553253547513,4.190389687145937,102109.973730735
-4.856761385149359,2.536145064606103,102141.93265130524
-4.719790507333643,2.3355086943894183,102181.1418979714
2.419534898876498,-9.745439525135527,101430.1433712095
4.894592913844767,-11.130936711810579,101371.11667482789
5.3793103448275845,-11.590284466461718,101361.88341656911
5.713572906222886,-11.139104737264057,101353.4989271934
6.206896551724136,-11.58938016419987,101346.32962749933
3.659548369815449,-10.638348491572875,101400.08197043273
3.2507037918015067,-9.967235573278087,101400.34264585181
4.467359148632726,-10.634359288311572,101378.62448212145
1.927245375496435,-4.960683572626305,101242.98147946731
1.7169721555836048,-6.96482617252403,101287.38542856833
2.09100903312522,-7.876548091297878,101351.50215683084
2.451830452914551,-8.775989602402012,101389.44927481821
2.281139436896093,-5.440046367260201,101252.41926232137
1.9790734981659333,-6.1017491459298965,101245.78311918348
2.490313961353909,-4.581189893731046,101244.20494731553
-9.413090574927402,9.971443871443329,101966.60187102515
-10.086106365295642,9.238325544536227,101986.44845553783
-9.687263496255024,6.25867394675219,102054.26685802122
-9.780626254681897,7.872335665177337,102008.25014746025
-7.5436070991797255,11.211580140418278,101916.83656112378
-7.0344827586206895,11.593684230821598,101900.95002038951
-8.319787280179874,9.928584939452238,101945.75554679845
-7.925373107866346,10.609643329984399,101930.14462960645
-5.0555271720435275,2.8918052366621283,102084.12438556134
-6.459148553033348,3.4341023071871053,102101.14194540594
-5.873491488723753,3.32114559047391,102079.63495538097
-5.355584196423709,3.3971550365881042,102036.98165096469
-8.494241144614103,5.36886003936098,102065.74270760232
-6.61940063257164,3.897469167390608,102076.20316574271
-7.116277138659859,4.201933771346214,102079.80243127693
-7.300144248409132,4.895857038363693,102048.99579745268
-4.648911313686271,2.931905693156871,102040.8107843469
-4.486365798485196,2.739554320200804,102062.83680231644
6.57232909051266,-11.15263764387993,101339.751878317
7.0344827586206895,-11.593573762958734,101335.09834036739
7.4631949726495534,-11.148102107984721,101330.27782868197
7.862068965517242,-11.60309786538421,101327.8181057925
8.431354744452786,-11.247293510215002,101323.2488464304
8.689655172413794,-11.618008515258566,101323.26407833425
9.271005819219603,-11.27671421867,101321.5273790873
9.517241379310345,-11.636680315872482,101322.51718904795
3.1630152882254143,-9.093391195164681,101377.72813332568
5.212192341038573,-10.64431139801068,101360.6638139197
6.0973223941201935,-10.56222812857045,101343.545471656
3.9711572819076184,-9.761098243874784,101374.76968736316
4.830336828392815,-9.911217625681575,101360.41775755543
2.7134701136896306,-4.874647925198292,101251.7643461257
2.623013880521404,-7.035299792756823,101286.01558362109
2.975072255822522,-7.928175773693428,101337.36872282405
3.04736006870495,-5.358253193206349,101260.88894179901
2.83085827029249,-6.126320014434504,101263.1625471995
3.3338914232770294,-4.469879014126975,101244.96952910181
-8.737192675657635,8.755793008860696,101971.61971064206
-8.308498981862147,7.035618007460136,102000.29619296092
-7.822558053767199,9.16839891158035,101941.48783923063
-6.6605391585377545,11.16724150206067,101889.49334507891
-6.206896551724136,11.589261522598061,101872.4744088701
-7.039464566829563,10.693400647211135,101903.68715317822
-7.402755691784859,9.978024223927033,101920.01819480034
-5.816554351071747,11.15265618978618,101857.54604076069
-5.3793103448275845,11.586428429154541,101838.89785367639
-4.8133192297619125,3.3748524536908304,101981.98043796961
-5.908454694895769,3.8465401392153957,102038.84473260459
-5.176211986659048,3.8165783097414674,101976.51546376308
-7.36590002471481,5.960608154227275,102003.73252359538
-6.342174522064322,4.592943148808912,102017.53251331243
-6.619838694227474,5.320187707380643,101994.66359511664
-4.467707281288941,3.363567600930461,101918.65143039076
-4.227190140459552,3.1862513638079175,101888.52603354696
10.077400016114318,-11.30974228058382,101321.87549163023
10.344827586206897,-11.65162445401781,101323.44011492781
10.892777926386056,-11.333578046445783,101323.59663739755
11.172413793103448,-11.659096523090474,101324.74782417077
6.979636177574586,-10.52500282355722,101332.2029573609
7.931401118762845,-10.552193487462832,101323.90207253327
8.82558272365277,-10.591225164901578,101319.71183134044
9.682102338271344,-10.650784517008864,101318.65653354161
3.9069970841381987,-8.424112060924385,101342.83015758843
6.447993738358858,-9.976274518648014,101332.93450307875
5.625695583502224,-9.759526575842823,101344.01068113664
4.811312703292711,-9.003635306032203,101343.97145599873
3.5410724396657667,-4.790836319593487,101255.55414787296
3.7982891347082712,-5.239971130874528,101263.32261366386
3.713940474266305,-6.957146705509299,101279.41802222242
3.7017707809327476,-5.92838087206124,101266.91686896225
4.176428201957666,-4.352856403915332,101260.36801762112
-6.860468624284617,6.927238030259835,101952.5552108168
-7.429681218889279,8.075844122375255,101947.62050805821
-7.070176298447511,9.154409903303534,101917.57258030788
-6.200322506080004,10.562419764416932,101874.16990464613
-6.5871635318789,9.856792611169599,101893.14192907145
-4.960363652562082,11.124450529308286,101819.91107517271
-4.551724137931032,11.586090724181314,101800.74794535553
-5.37431520804045,10.572038821245336,101839.40472946803
-4.154232777842103,11.143422815596628,101780.18273906854
-4.5940078468278305,3.730829680385645,101895.78258279023
-5.479006702292779,4.4452040696911554,101957.3030656461
-4.875732001382568,4.230995251959717,101896.17981117552
-6.252482729277341,5.940799534440968,101949.77856910888
-5.774836978697317,5.156953767205497,101945.60663846403
-4.160682686246299,3.743362697244301,101786.45636336593
-3.7203643620699767,3.732909250250095,101625.71973181702
-3.7241379310344813,11.58768552951875,101758.66502269197
10.538042343271261,-10.764077971865246,101322.35417877776
10.073402674881363,-10.078415682722426,101319.01134568655
7.365575751043407,-9.75858105479738,101322.30284014883
8.365531083905273,-9.844157138070523,101318.89871295083
9.307180452488744,-9.884531783310107,101313.47060241266
4.807484501314621,-7.801225141271905,101315.5087447517
6.42324230799247,-9.008030580246349,101318.49116001154
5.581716348509418,-8.643023011883121,101322.68858807311
7.074892919669966,-8.620531334360626,101305.50581747174
4.275369832683198,-4.734251696722564,101266.79678030095
4.40780833655624,-5.456172737375602,101269.43116940312
4.532959348656861,-6.4294928764479105,101269.82946691047
4.81003498415938,-4.202671747448883,101271.01374991871
4.7221983113195165,-3.808283689110787,101269.7296186883
-5.598510632704512,6.700050766639334,101883.68743641335
-6.2866884220966,7.676119844906442,101906.74326124843
-6.10872299591732,8.69298964746543,101884.58064711654
-5.723898220121608,9.932388815028679,101856.51811125466
-4.50667406079636,10.620895853059695,101797.60968690227
-4.92881797473065,9.916366308651371,101819.26220311357
-3.865221670506317,10.627506050572004,101763.2833934221
-3.2883280473073344,11.208037447053334,101734.08720456756
-4.338952200741032,4.261053449710627,101793.04890991573
-4.790481270392148,4.9013107502696895,101849.51435099325
-5.095877725306934,5.764843989500264,101863.18544006358
-3.737277560158299,4.177340362524447,101635.27076722885
-3.1418703266005426,4.34250526657733,101385.58475645092
-2.896551724137929,11.589154394070935,101713.81470621533
10.005660990664929,-9.178381162250808,101316.80352840638
8.089428729407375,-8.798312600831752,101315.72668489844
8.919147101447534,-8.814905292195753,101303.54333147556
5.405912429618004,-6.728933990963142,101291.02146544494
6.244310586043561,-7.561559532904131,101295.42915630226
7.456960461575806,-7.900911183513147,101306.41022400137
5.016773482785616,-4.801246559431934,101275.07811011672
5.238718588733032,-5.722302183223981,101277.8900989882
5.323152976936019,-3.746812425524858,101275.40212075504
5.4372542961942205,-4.264903089103508,101276.43763681677
5.263325249594075,-3.2633252495940748,101275.60933994297
-4.583350953158363,6.59972510128576,101797.85604760387
-5.268745933724316,7.697292864191877,101847.71706164793
-4.932819650122699,8.888214707651189,101821.74085029076
-4.228827544722131,9.720591452421168,101779.99086285586
-3.3634996491096034,9.719108300689077,101730.78331141373
-2.9353887345659166,10.62543228889585,101711.95199895797
-2.4006020160746697,11.18275031838473,101684.52646635147
-3.843241065151672,4.797895954617274,101664.41165500703
-4.117595968066082,5.636118907279024,101734.20964176039
-3.2347299459510594,4.63928046839242,101474.27066830099
-2.5442207786158546,4.70776709117181,101241.5466118451
-2.3339931985685287,4.358595502181363,101099.21974106245
-2.0689655172413763,11.589678400673666,101667.68886846959
9.812611680735156,-8.039398199772078,101308.04039675655
5.844295421351279,-3.250639060929418,101278.65092475666
8.500042751401146,-7.467617865964364,101285.62402457031
6.2060891233419495,-6.130090220967787,101284.32452116023
7.299416284358168,-6.65199517544298,101280.92624510148
5.994453357002289,-4.803170152544688,101279.22609760809
6.103707919160139,-3.9097096209249136,101279.84016197424
5.759127202416547,-2.7591272024165474,101278.88228532669
-3.4709459971152645,6.437193889588607,101668.93110657299
-4.102382948346401,7.626657117203119,101762.04384963903
-3.731030778992939,8.794420946671876,101746.3335030818
-1.6004162392927346,11.175215542403514,101639.12074922626
-2.8228980392126735,9.127281844617626,101688.83154914326
-2.4240061850817973,9.834512829596637,101673.54282583388
-2.069350249494917,10.649493929343716,101661.66442752654
-1.7729059572556238,4.7090979550131475,101149.31193215786
-1.5239579678789572,4.369831023587339,101130.24197082267
-2.921678797272108,5.315743758412553,101479.7113799079
-2.1311124749084684,5.186440848811207,101302.0347881377
-2.722216071700693,6.479062049655083,101581.2574762265
-1.010246159265232,4.731117615195622,101142.2800504277
-0.7128912640994669,4.376981049200319,101151.93929701777
-1.2413793103448256,11.589940796041907,101621.51696798952
9.570820153425137,-6.4325102858358205,101266.68191603456
6.3286411602353425,-2.766353915396717,101281.11332549858
6.393820019606681,-3.260455254512239,101280.11331443019
8.377274091642407,-5.647840174184334,101270.24778022234
7.080289657206712,-5.285440772610849,101283.76945186312
6.77722762361536,-4.354244567395343,101281.93393769932
6.944388323615638,-3.6481450233675194,101280.14495627319
6.260004459887466,-2.260004459887467,101282.42635814771
-2.998702600192998,7.5816494162668935,101664.88175346669
-2.645334408072349,8.464591746050623,101665.37208537389
-0.7774364340466788,11.199940202402974,101593.93429005581
-1.3244519315628038,10.609990013958372,101618.90733304583
-1.999587190394778,9.022209904324363,101631.94467044972
-1.6076353092507594,9.843224721765027,101624.87331534635
-1.425046065399995,5.301639937785627,101241.69691862488
-1.9996027553364315,5.98766167230649,101423.52975415882
-2.207470730226519,7.066237002970496,101564.5861831123
-0.2930430322832238,4.794770064778743,101170.93918104284
0.09845238890011636,4.381803850434898,101177.73246732261
-0.7092874762778411,5.200509119190402,101184.88688799652
-0.41379310344827314,11.590476703117071,101577.11532925129
0.02231275586702191,11.220912214709227,101552.46217587013
9.195112704925055,-5.011543559247091,101266.02428180781
6.8434108321289635,-2.242462191815495,101286.64641415454
6.895335040217807,-2.8436427283945163,101282.86092833219
7.9323958459328,-4.167737301634093,101272.77972564577
7.506753938749748,-3.1258745785079687,101281.43552498799
6.819418258776172,-1.7134284570756169,101290.56417009405
7.225329795913115,-1.781237912060085,101292.9980363918
-1.8475765293036113,8.063618098120454,101587.19457501445
-0.4381828071025112,10.630652731441105,101569.63701295067
-0.8753873403435408,9.98587159433065,101584.16546139347
-0.9530289586267188,8.957270059036425,101564.28507334561
-0.9271215693563736,5.995012416196887,101326.83970304049
-1.2592530509073543,6.999428871607071,101476.58591393946
0.5123342558280745,4.795533833514817,101186.17433452088
0.9101300294299197,4.388193961511858,101187.61171745724
0.13514315658671508,5.329662138034074,101212.90646444818
-0.21882238022053296,5.88359079708132,101270.16287054434
1.2771538082879041,4.809138448397967,101194.05213780869
1.72294949883318,4.395930683633494,101204.36822384257
0.4769241128105029,10.620385104156822,101524.19986317844
0.8474461456880164,11.144881980368117,101511.95603758564
0.41379310344827935,11.591162597329722,101535.34884456998
9.155183233238846,-3.448333418255528,101268.73134991342
7.554632893911822,-2.205415302174692,101289.57894009829
8.262504344669237,-2.7781849132928627,101281.79565328079
7.751071938976997,-1.3696947962949495,101299.90059015558
7.387001291108108,-1.1603011834328762,101302.92372847708
-0.68213071490467,7.85625620054835,101497.34757946782
-0.014751773288992763,9.753923517647067,101533.54699332545
-0.13702163406127899,8.698489574873518,101509.88432989086
-0.1583011568749185,6.794095348606471,101379.20468074783
0.9607427745598651,5.27455269826963,101201.20432613346
0.5589347979139487,6.029016315369532,101272.23870494454
1.9656028110542714,4.748618212647346,101210.57888734993
2.5369200986595484,4.401606026806282,101227.56294251778
1.602632079199053,5.261983955852365,101208.23733789905
1.2531317711399794,10.622277448716146,101488.16897646243
0.91647667718347,9.971245651736789,101492.88693990346
1.6761679909289067,11.134891459802034,101476.43405043425
1.2413793103448327,11.591677850396117,101497.62802985356
9.105701851772597,-2.0856431534186632,101288.24327615397
8.432711382922939,-1.6663671534457534,101295.15160675452
8.442375081731582,-0.7596309826077651,101299.76573323354
7.844657899783287,-0.5268966817794194,101304.928166488
7.394873970257748,0,101309.69945795179
8.31770103414774,-0.14160682663394641,101302.09630179271
2.7666031909511974,4.753485878175241,101234.65474737751
3.3518192472237267,4.404515031964998,101249.76640319629
0.4287885083265526,7.945814274970338,101440.49668295967
0.9264882517803769,8.99228288392857,101467.70012304552
0.9914963110239998,6.849548564471806,101339.13128186116
1.3865177334750827,6.032697431354823,101262.22802509113
2.3690393558261604,5.288835794770465,101230.90014351968
2.0514362814078004,5.885472422896728,101248.69694537438
2.105723180054328,10.63545442795817,101455.40149703425
1.7045764254973483,9.817386302472432,101458.82696342969
2.49689056029057,11.129554072307329,101446.02044371312
2.068965517241386,11.591367451980721,101464.07712056082
9.481105809133032,-0.8167374209257748,101294.11177775379
8.857331001437313,-0.17895598742785745,101298.72292606265
7.8815200669843986,0.4009352913601347,101305.02369135202
7.399813288390918,1.165608086468504,101301.08399722596
8.562621120802122,0.35651422728517507,101299.17041180008
3.569094312659395,4.7766231375522015,101258.02093061095
4.167676778792797,4.404807553456603,101273.34204172135
3.104636305149044,5.295980376300307,101250.05082441424
1.4693519780683713,7.94969874756331,101398.51372396377
1.8821488839589513,8.755667856717817,101422.01835646435
2.089215099361965,6.7923437955964605,101317.27385504557
2.75110075210294,6.005699853841043,101267.9540577103
2.9133447054349113,10.665999603230775,101428.03336881373
2.5111012834533275,10.01703586762364,101432.22408470575
2.4988698770983935,9.159584958440332,101414.15372056972
7.727338203302051,1.2504468040389844,101298.46738282577
7.281328696148478,1.841065845896588,101290.13209284031
6.84313269127231,1.7292739342799153,101288.40127389928
6.801612066258742,2.3579019838587567,101285.91494482105
6.2876217386561,2.2876217386561004,101283.9876975843
6.33216344536313,2.8394634472079487,101285.86506174355
5.786552820135039,2.786552820135039,101284.42383493739
5.869157177635228,3.3167137610281863,101287.72664990732
5.284640303181613,3.2846403031816127,101285.28424461179
5.367737904124106,3.7496953030244167,101288.53785737081
4.728613661327984,3.842144522967517,101283.91846548751
4.86465314570627,4.268372327435616,101287.26408300396
3.320590243945949,11.159612687339845,101420.2383138713
3.709163874006822,10.667370148225999,101406.52651371837
2.8965517241379395,11.589998803532417,101435.40174033587
9.519489793169697,0.5359234910863314,101292.70929317386
8.4888830552015,1.1929230858171151,101294.46268802366
4.359468687363403,4.819980010914167,101276.8845946117
3.9322937895067045,5.3402166738299,101266.78179467125
3.4753670845625324,5.972127952408525,101275.8415773088
2.672724348870445,7.930607385837765,101367.04733955198
3.301878290585117,6.892682163209756,101319.0561719461
3.3184522738418565,9.868767148621714,101407.87803937044
3.3295234333256105,8.769819408217849,101383.68726249093
4.08829539611365,10.045270951653489,101390.56200808787
7.925691805216883,1.9303228530628065,101288.90534013882
7.383598051569404,2.4621460977579757,101285.80036173643
6.462498298194431,3.3811481805200163,101288.89260524005
6.8567419901690645,2.961201341729542,101286.2277029723
5.981350294813046,3.858782512100081,101291.8556668748
5.5193592723415525,4.445120036434791,101292.75458660246
5.0391104774654725,4.826773791011281,101292.2289321838
4.511247704892601,10.679711830166973,101387.61599325274
4.123339808787387,11.15078261974775,101399.43095771468
3.724137931034493,11.58869784703118,101411.06702812675
9.49391144664404,1.853637116088467,101280.10932950825
8.625111241102838,2.1437653264895276,101281.45643857212
4.761374796699103,5.48761308417597,101296.92388055763
4.286926285468857,6.326060694861619,101303.12479092475
4.022636828786167,7.763103635611903,101344.95230309015
4.1349338380311895,9.12703391257753,101373.82342594198
4.767679289795781,9.88347171867523,101377.96827268659
8.168790181430575,2.8077234756792335,101278.50590075355
7.580082440174929,3.1596317195302963,101283.07247701049
6.5806943904483335,4.049959289638709,101293.40046782682
7.257701159056429,3.6664112364747456,101285.2342338342
6.17291219953802,4.649599990238874,101296.37703621598
5.690391612402399,5.3174962947984765,101293.4701930979
5.221158234552364,10.638686138343587,101374.55958685944
4.921528234158204,11.131837767273547,101381.9297808716
4.551724137931046,11.588543000933136,101391.20754984331
9.242765640919327,3.2010154993690065,101257.79299687235
5.3601201983046485,6.348740960446366,101309.7271548476
4.984562372770135,7.308829529894643,101326.70630786312
5.185756755996256,8.69998921146357,101353.49462226509
5.650090413698858,9.790912145687425,101361.37754149667
8.233580818649177,3.900676446009984,101275.90722056545
7.006407115096591,4.825220324016221,101292.01215502487
7.445945846238629,4.417382101025498,101286.6405027086
6.75987111322616,5.48717076051959,101293.3443787942
6.278257661869409,6.220338877939343,101302.63384591702
6.069549053645705,10.638287731852175,101360.66118749975
5.742389173958229,11.144497798026995,101367.64294825892
5.3793103448276005,11.588805216422845,101374.8179972325
9.415183450389868,4.798579513658506,101261.4566499398
6.6408598208975755,9.930804371306728,101347.69667364367
6.159208460617984,7.432107281008148,101325.5587431105
6.391099591990512,8.779058812036428,101341.37251903478
8.031660313467745,5.3875391460403,101278.41794630664
7.207628207513301,6.6366963527585945,101311.03773323481
7.030011066965778,10.609175344279679,101347.71248489946
6.654245898086142,11.19136053735312,101354.46083370758
6.206896551724153,11.589086959400886,101361.55026159268
9.528755738110137,6.289463637399671,101284.19277554065
7.261331539213103,9.303385974426824,101339.80314646946
7.388250800375065,10.074002286734002,101342.20049685195
7.715172923471398,8.336952538742857,101330.02657020652
8.526446996685497,7.232780399830336,101314.17991670991
7.907970965091863,10.630773082655896,101339.40091752888
7.519189863698321,11.18982405577615,101344.48614850431
7.0344827586207055,11.589689597327647,101350.51102212499
9.772670912326717,8.013151325196326,101323.86461857891
8.175533372697114,9.645931336260608,101332.80790458494
8.902793885223682,8.732879398844267,101324.63364273851
8.737764663074037,10.56890124673669,101334.71000954196
8.361534696745842,11.206549384053957,101337.45307645584
7.86206896551726,11.59143437760448,101341.91618318018
10.077520499810268,9.364157771736535,101327.89467521623
9.31544883243065,9.874624825683732,101329.06966909998
9.415260450647265,10.67204187248069,101331.07979529511
9.172716591384267,11.237617929084113,101333.19932436633
8.689655172413815,11.5992426578097,101335.75236008412
10.41678640879829,10.625400973706874,101329.40484326995
10.029645057002234,11.256611585276339,101330.60748106903
9.517241379310367,11.614239846016536,101332.49756427019
10.853558346928939,11.267381787565844,101329.07966734118
10.344827586206918,11.627284964172068,101330.68464288206
11.172413793103473,11.633807523249832,101329.33370283936
-4.074808198789197,-3.053918699013105,102394.01911894759
-3.870335303916191,-3.4506082031245278,102373.7776735708
-4,-3,102394.78516255174
-3.7990919888972066,-3.401816022205587,102376.64420451307
-4.389077458212168,-2.7445903499350015,102399.05575409957
-4.315047995179644,-2.6849520048203557,102399.39592990797
-3.6891537866580193,-3.7994651261857264,102287.61493719538
-3.622087224186198,-3.7558255516276047,102291.13748818131
-11.999999999999998,-11.84848318867863,102186.24850837699
-12,-12,102186.57217746545
-11.172413793103473,-11.845438003811589,102183.91641731109
-11.172413793103473,-12,102185.2863727684
-4.71089402060884,-2.424748057798,102409.41859526388
-4.639432581737963,-2.360567418262036,102409.55079663354
-3.528176244822829,-4.107288053294411,102189.83465015148
-3.4656742442060278,-4.068651511587944,102192.4258162131
-3.3854580741154767,-4.3791368781439095,102085.01484306806
-3.3274575094083323,-4.345084981183335,102087.18750320688
-10.344827586206918,-11.841182084200401,102151.93379165602
-10.344827586206918,-12,102151.43512272189
-5.067247166802838,-2.0672471668028383,102430.95557023387
-5,-2,102431.18489293155
-5.443042977698289,-1.6875219112082622,102458.04268856258
-5.377760533245013,-1.6222394667549866,102458.16390226374
-5.771406586295015,-1.3530053462121854,102485.13965484574
-5.709200620041415,-1.2907993799585853,102485.25120976474
-3.259802717217832,-4.619718549512267,101947.63198687222
-3.205320167410913,-4.589359665178174,101948.4070383129
-9.517241379310367,-11.837009334445407,102142.35213775965
-9.517241379310367,-12,102142.1791340256
-8.689655172413815,-11.83333706609594,102131.04047169282
-8.689655172413815,-12,102130.89328055356
-6.058360566488882,-1.0583605664888815,102511.0466560235
-6,-1,102511.19463795089
-7.86206896551726,-11.830127713608114,102112.59031623398
-7.86206896551726,-12,102112.5368853273
-6.306900627940914,-0.801304814613884,102535.7612970625
-6.252797906663515,-0.7472020933364851,102536.00681974505
-7.0344827586207055,-11.827097446682489,102086.8065529818
-7.0344827586207055,-12,102086.79558214199
-6.525302542396462,-0.5746224465873209,102556.81162083113
-6.47534004790457,-0.5246599520954289,102557.08655782178
-6.206896551724153,-11.824089326515654,102053.85261282082
-6.206896551724153,-12,102053.85759808776
-6.718142801482846,-0.37480105037283196,102570.03981520956
-6.671670875555007,-0.3283291244449933,102570.51645996129
-5.3793103448276005,-11.821503079276326,102012.95082395812
-5.3793103448276005,-12,102013.00893349704
-4.551724137931046,-11.819521793984247,101964.26752742055
-4.551724137931046,-12,101964.36920414909
-2.5405313736698787,-5.00094284171617,101240.37144763404
-2.5502477377294204,-4.935749676818487,101240.85719944892
-3.724137931034493,-11.817848261324155,101907.60794460837
-3.724137931034493,-12,101907.79378188918
-2.272481857206211,-4.968650131248106,101244.09122054136
-2.283464246515054,-4.89763774950215,101243.91653443837
-2.8965517241379395,-11.81631046431118,101844.90499753563
-2.8965517241379395,-12,101845.15524234134
-1.969138023214789,-4.933131499719495,101243.91558570796
-1.9819417122181504,-4.854563101745449,101243.9529529138
-6.671670875555003,0.3283291244449962,102260.94705856087
-6.714354199014411,0.3768887135363609,102259.71761764369
-2.068965517241386,-11.814910155369276,101778.41356713953
-2.068965517241386,-12,101778.74400834511
-1.6258354045630696,-4.893571748375652,101243.71349471393
-1.6411584462806528,-4.805879778040093,101243.73418102987
-6.47534004790457,0.5246599520954291,102235.66751943344
-6.517094744751387,0.5753627639324662,102235.73688770321
-1.2413793103448327,-11.813789956304777,101711.09856625648
-1.2413793103448327,-12,101711.47148708538
-1.2373021386074328,-4.8489178939759405,101243.12162899351
-1.2560023022335198,-4.750857471747645,101243.11397078718
-6.252797906663516,0.7472020933364842,102219.85404026955
-6.29381783933558,0.8004138166028475,102219.73807202771
-6,1,102197.53623646172
-6.040434407464754,1.0560997436308968,102196.04962018851
-0.41379310344827935,-11.813099960242843,101645.52388657768
-0.41379310344827935,-12,101645.93883241617
-0.7975852677544525,-4.797957502040247,101241.54011772292
-0.8206955684095696,-4.688670795487081,101241.51424160105
-5.727013458396246,1.2149141305645916,102170.57695007647
-5.683333864986844,1.1583330675065784,102170.43440534423
0.41379310344827314,-11.812908054966336,101584.2384797015
0.41379310344827314,-12,101584.64401193497
-0.3287079816194065,-4.618386854517058,101239.412076523
-0.2999826808299859,-4.739343260464504,101239.41486702686
-12,11.841113525356796,101995.5758060261
-11.172413793103448,11.841113525356796,101993.06600817182
-12,12,101995.89544368623
-11.172413793103448,12,101994.52942335673
-5.409843882160939,1.378388621868008,102182.65974660822
-5.361148023736201,1.3194259881318997,102183.7223216585
1.2413793103448256,-11.813185305992194,101528.72252738615
1.2413793103448256,-12,101529.16506859289
2.0689655172413763,-11.813799942886225,101481.00654120235
2.0689655172413763,-12,101481.39782394511
0.22734044642935802,-4.538951364795805,101237.29155422827
0.2628601449110647,-4.670987603990974,101237.20506251599
-10.344827586206897,11.834694652044432,101961.07951412436
-10.344827586206897,12,101960.5652995466
-5.056774048868643,1.5643126330327675,102195.65584194158
-5,1.5,102195.64093513433
-9.517241379310345,11.827959544636267,101951.27229643888
-9.517241379310345,12,101951.07001025946
2.896551724137929,-11.814543451371785,101441.13768841121
2.896551724137929,-12,101441.49033411211
3.7241379310344813,-11.815083824684594,101408.8557141318
3.7241379310344813,-12,101409.13762540216
0.8557912298898804,-4.449172681444303,101238.0063915001
0.899343030415462,-4.591463652317213,101237.87136947854
-4.8529802897669665,1.8889197870388874,102231.81287666778
-4.786812605468628,1.8197810917970563,102231.3023552139
-8.689655172413794,11.822200404296371,101940.45450504609
-8.689655172413794,12,101940.28483550894
4.551724137931032,-11.814835339732795,101382.93407542547
4.551724137931032,-12,101383.13917907157
5.3793103448275845,-11.813765666573508,101362.37886206227
5.3793103448275845,-12,101362.51632479082
1.5660716078187247,-4.347704056025896,101241.8905192748
1.6187570051931046,-4.498915785304264,101241.93673902626
-4.627883393509207,2.2468996621861352,102195.7935644272
-4.551294131988844,2.1730588020167327,102200.72061641491
-7.862068965517242,11.818081153622066,101923.53473529576
-7.862068965517242,12,101923.48013344039
6.206896551724136,-11.81335462009085,101346.70549692167
6.206896551724136,-12,101346.79935935502
7.0344827586206895,-11.815260801344879,101335.30178030467
7.0344827586206895,-12,101335.4080696052
7.862068965517242,-11.819589938811005,101328.15186127667
7.862068965517242,-12,101328.28911373329
8.689655172413794,-11.826367506935712,101324.15758376596
8.689655172413794,-12,101324.40207242762
2.3534799671538864,-4.235217147549445,101242.3344555298
2.4156772372448057,-4.3924774867229,101242.28144443597
-4.379277237516237,2.6443127882386435,102067.57550674494
-4.2900367700421045,2.564944844936843,102073.52789946893
-7.0344827586206895,11.815311014009817,101900.71712363588
-7.0344827586206895,12,101900.70840658512
9.517241379310345,-11.834854689032946,101323.44707883679
9.517241379310345,-12,101323.69288730017
10.344827586206897,-11.841647479099004,101324.46509183757
10.344827586206897,-12,101324.67539243055
11.172413793103448,-11.845043874132033,101325.28903369945
11.172413793103448,-12,101325.37427652469
3.176629147929604,-4.117624407438628,101240.2488110064
3.2481120003602517,-4.277740137751513,101240.90673940179
-4.103268245663433,3.084659710821781,101876.35607278072
-4,3,101877.51251071286
-6.206896551724136,11.813300692090028,101872.39965972262
-6.206896551724136,12,101872.43564068635
12,-12,101325.21182684328
12,-11.845043874132035,101325.16471603487
4,-4,101258.1446963559
4.080194637253484,-4.1603892745069695,101257.4155205296
-3.5272853820344334,3.4727146179655666,101589.31861620508
-3.615048554777862,3.590984905367625,101590.7351461116
-5.3793103448275845,11.812012922342973,101839.01588129337
-5.3793103448275845,12,101839.09543708083
4.5,-3.4999999999999996,101268.97623011052
4.600999232417962,-3.640128949595812,101268.80542957134
-3,4,101362.53758663464
-3.0644865120911557,4.155684212080605,101335.15615589036
-4.551724137931032,11.811859420082415,101801.06361804846
-4.551724137931032,12,101801.19868850881
5,-3,101275.2189159114
5.119693295270034,-3.119693295270034,101275.24681802875
-2.2222222222222197,4,101089.48883841677
-2.273027211470542,4.162997955536984,101091.86618141936
-1.444444444444442,4,101131.05406955161
-1.4805869550964943,4.168105010721518,101128.94913043133
-3.7241379310344813,11.812584331599432,101759.2911682665
-3.7241379310344813,12,101759.4863110476
5.617785092007521,-2.6177850920075216,101278.59798067571
5.5,-2.5,101278.5572004963
-0.6666666666666647,4,101153.03787700183
-0.6876778473179385,4.171355022363781,101152.62204019121
-2.896551724137929,11.81325199730497,101714.63412411639
-2.896551724137929,12,101714.87443863942
6.118183845403394,-2.118183845403394,101282.14141830291
6,-2,101282.24324031435
0.11111111111111249,4,101175.93536043659
0.10535714646975061,4.1735472047431355,101176.17061691465
0.8888888888888897,4,101188.69266777541
0.898543952771176,4.176451800687208,101188.58166593063
-2.0689655172413763,11.813490182124394,101668.61860585446
-2.0689655172413763,12,101668.87364656485
6.5,-1.5000000000000002,101289.52314613566
6.645190117625533,-1.5970129350343714,101290.07337009817
1.6666666666666672,4,101204.35162695636
1.6922497721969003,4.179968492560679,101204.72122317852
-1.2413793103448256,11.813609452746322,101622.60426726715
-1.2413793103448256,12,101622.88953479458
7,-1,101303.1968132154
7.175909677776413,-1.072864174287671,101303.45134727794
2.4444444444444446,4,101224.1340122026
2.4864788327240372,4.182548194002855,101224.92844342823
-0.41379310344827314,11.813853046871396,101578.21895368549
-0.41379310344827314,12,101578.50609457483
7,0,101311.09535175975
7.179488168298977,0,101310.64139237329
3.2222222222222223,4,101240.87114569466
3.28112996085927,4.183870469074999,101243.52163463084
7,1,101302.14603304093
7.181733312904963,1.075276402940229,101302.13942187706
6.5,1.4999999999999996,101287.47723695514
6.655969405123777,1.6042154246726885,101287.919870001
6,2,101283.76288510869
6.130737153934591,2.130737153934591,101283.65782771735
5.630251281879564,2.630251281879563,101283.70700597856
5.5,2.5,101283.64992790871
5.129381955991642,3.1293819559916423,101284.34410850516
5,3,101284.22067534429
4.5,3.5,101282.94974024442
4.603915300603629,3.6555202377125076,101282.61591163246
0.41379310344827935,11.814164816968056,101536.5528763727
0.41379310344827935,12,101536.85239138422
4,4,101269.57149705611
4.0762167176330895,4.184003433389365,101269.59446488338
1.2413793103448327,11.814399022907326,101498.77160196553
1.2413793103448327,12,101499.04599123952
2.068965517241386,11.81425793271851,101465.16169553131
2.068965517241386,12,101465.4187122184
2.8965517241379395,11.813635819787462,101436.2595813379
2.8965517241379395,12,101436.45863758813
3.724137931034493,11.813044475923263,101411.77822526376
3.724137931034493,12,101411.9556097619
4.551724137931046,11.812974091333244,101391.77246778514
4.551724137931046,12,101391.91158141123
5.3793103448276005,11.813093280192202,101375.32150038237
5.3793103448276005,12,101375.4515790265
6.206896551724153,11.813221345182221,101361.8878935377
6.206896551724153,12,101361.98175275946
7.0344827586207055,11.813495271512567,101350.78635963741
7.0344827586207055,12,101350.86175217628
7.86206896551726,11.814288353456583,101342.10559178336
7.86206896551726,12,101342.16954064107
8.689655172413815,11.817837571731681,101336.0874307069
8.689655172413815,12,101336.20713356204
9.517241379310367,11.824654475462061,101332.96203612366
9.517241379310367,12,101333.13230772901
10.344827586206918,11.830584074623667,101331.47988850116
10.344827586206918,12,101331.66174430687
11.172413793103473,11.83354887420447,101329.86001411917
11.172413793103473,12,101329.92904772982
11.999999999999998,11.833548874204466,101327.12980421266
12,12,101327.37622260036
