% Model,4.mph
% Version,COMSOL 5.4.0.295
% Date,"Oct 31 2020, 15:21"
% Dimension,2
% Nodes,1151
% Expressions,1
% Description,표면
% x,y,Color
-12,-11.296833372078499,20
-11.999999999999998,-11.655161664967343,20
-11.318501537787323,-11.343879267995488,20.15472629216427
-12,-10.66579002412647,20
-11.184896687207829,-10.800364132280876,20.135270319570697
-12,-9.753383605638788,20
-11.082693744193525,-9.938844586901924,20.098307055248394
-12,-8.526352972053253,20
-11.008429529563088,-8.9010275541862,20.089052203690546
-10.905847284218448,-7.444883539053498,20.099176519685212
-12.000000000000002,-6.929968790838251,20
-10.809717248830273,-5.634059997969557,20.093375731393596
-11.999999999999998,-5.059795319987581,20
-12,-3.3271328228264165,20
-10.563395200693119,-4.005044570822939,20.03183270285462
-12,-1.6935809929610741,20
-10.356793812349752,-2.3300428845678183,19.75335820696316
-12,-0.06089160721942033,20
-10.437753058061775,-0.7446091229488162,19.59145278720212
-12,11.310531407321985,20
-11.371562302795923,11.357084083043047,20.14259816769621
-12,11.659190775210831,20
-12,1.470386607239364,20
-10.449473252828419,0.7848263847680472,19.624192624586616
-12,10.676017108594724,20
-11.19822837397398,10.786734017981995,20.121265785373584
-10.565265807392526,2.2388172314463928,19.817954210768505
-12,3.058121552463424,20
-12,9.668265904521867,20
-11.155098125814847,9.831266858089933,20.082705903634487
-10.610587459948793,3.785016734226923,19.9850730399248
-12,4.767234411946834,20
-10.786706247395504,5.474701153623372,20.089460386222797
-12,6.88569638862408,20
-10.948116133483124,7.181412094475312,20.09226625104752
-12,8.478905523007693,20
-11.075004073222075,8.616738774806796,20.077222974636843
3.7834833946787736,-3.972935424334847,0
3.7755845283165796,-4.03153190289799,4.919324226974777
4,-4,0
12,-11.267714899089253,30.882477239871932
11.475957772729632,-11.344152334191218,30.86323691287111
12,-11.638305605061603,30.789526718744323
12,-10.562268710265702,31.035331906827178
11.294170741726731,-10.88114117749221,30.90459495107856
12,-9.71053132124442,31.600361113250116
11.171143920666037,-10.088386422476493,31.24497631060905
12,11.28221737469531,30.866785898082757
11.999999999999998,11.656951827444443,30.690516706394032
11.328380474697864,11.326682223534062,30.830243131721847
11.099069681717815,-9.05806898570815,32.19512222527819
12,-8.316653959933344,32.93218438571574
12,10.63904073314735,31.000697458666156
11.20882268456505,10.780973851029843,30.91422936711487
10.954416088908719,-7.775113405842133,33.1359019978629
12,-6.862996674827691,32.83099493377505
12,9.7038016781723,31.586920188525824
11.148597254983347,9.948780527101498,31.317067445591714
12,-5.442173468830944,29.54512379088627
10.766055814134072,-6.07813048782392,32.06938059691543
4,-3.785235568300192,0
4.061552192130479,-3.785235568300192,0.19553526124158466
12,8.418201990898702,32.873255388177306
10.976488974069563,8.620516742516253,32.69005416931532
12,-4.1362926500728,18.667875181255784
10.851966155329865,-4.7007841532088,24.707424479968225
12,6.755766143755853,32.880776140784874
10.936360766877849,7.095326543085412,33.10563453478205
12,-2.8021744844989005,1.3473462110588326
10.75772155571328,-3.4505764179374836,8.45178455459178
12,5.346465498805018,29.190641794442204
10.738186181537449,5.811065699617634,31.291833211661388
12,-1.4611244344354866,3.814647458235753
10.6649610552353,-2.1542838767341914,3.4645005545264564
12,4.023139407079984,16.838410241884883
10.752536055817423,4.613397621959002,23.645256852310236
10.695433455707526,3.4943448718782366,7.626510854343141
12,2.751995760709402,2.3483337279864394
12,-0.04693050647287578,3.460475713197645
10.437606609100644,-0.8081166137080042,3.6247422749754103
10.620044014176138,2.1690805091297856,3.100422486377294
12,1.3895094129277998,3.6104737319379008
10.64203368600128,0.6428460889773524,3.283639409171624
3.7834833946787745,3.9729354243348465,0
4,4,0
3.7761201474403836,4.03111583117685,3.997143930128665
4,3.785235568300192,0
4.058486346309233,3.785235568300192,0.11962305455390658
-10.751124351375296,-11.267720371595393,20.540417994968042
-11.172413793103473,-11.655161664967348,20.38016617702763
-10.344827586206918,-11.643128011422988,21.107818130395543
-10.005463973569183,-11.253407764889019,20.936112837494093
-9.517241379310367,-11.630673204471368,21.335993838603624
-10.389445616592479,-10.875128446404553,20.529118727828507
-9.210107399869889,-11.222434435795208,21.222184881576876
-8.689655172413815,-11.619522021586015,21.575131731011474
-9.662870013785136,-10.71840423402987,20.77700576242292
-10.291849806139478,-10.297429474127709,20.38964155424878
-8.384155063576594,-11.198435815018328,21.569103641185993
-7.86206896551726,-11.610364281876224,21.960202864323335
-8.826823846526889,-10.648932556154135,21.141267727391025
-9.253529440012898,-10.013092726808608,20.814995323743684
-10.000009296441302,-9.3087167224684,20.42540000656655
-9.76259575340802,-7.909490364110153,20.470682329999565
-7.608863257041639,-11.257866618249201,22.030545006328012
-7.0344827586207055,-11.603488904762917,22.486079309207636
-8.088282639046902,-10.734498805368121,21.580185290987554
-8.269581363883585,-9.914742610982211,21.358540884591502
-6.7658646579569774,-11.244274587798197,22.623845975771136
-6.206896551724153,-11.599242751794257,23.123033369268363
-8.600957505330802,-8.79241562867581,21.105770557085748
-8.447674522135017,-7.257520093682156,21.297397029575848
-9.58311958510211,-6.31668242436656,20.52402522186014
-8.078242126833805,-5.467421454197989,21.53761630823636
-7.143818491801452,-10.61799399590083,22.20921771409183
-7.533759005214515,-10.04142596207112,21.88412362838684
-7.503173454948261,-9.178221077716872,21.91503620028133
-5.884508792808658,-11.202497702807444,23.341831518816196
-5.3793103448276005,-11.597476083861517,23.837170485608116
-6.249355911941026,-10.63220079315237,22.935715605142196
-7.373489352005694,-7.8956766986428715,22.276809541977723
-7.188535705939946,-6.795716879561665,22.534512204839782
-7.904374301755008,-3.961428819172455,20.675786453911098
-6.727503426245854,-4.584656271727071,22.74548197570201
-9.485477900530558,-4.814160648766655,20.40063306518169
-6.625566655816087,-3.2374812233385586,20.85685583294985
-5.753121271080058,-3.957227846464449,24.429023894481176
-6.397672709559432,-5.962837266176031,23.9541296987221
-5.606043492430733,-4.921541021012945,25.555109865901837
-5.136173094732818,-3.58920153686054,26.47167899964567
-4.939378040921172,-4.238238745120872,28.02128575056543
-4.476977229770995,-3.701095184517316,30.662882592543145
-4.084984514655122,-4.290906315128119,32.69279811456152
-3.6373043882822116,-3.791119213521625,32.93539003107114
-4.970265777189764,-11.2295875892609,24.169961596285088
-4.551724137931046,-11.597493307480079,24.600262510350742
-6.641307709724525,-9.744229793997556,22.599946838713432
-6.599945793530445,-8.680835771931665,22.85324626033104
-5.406338688779539,-10.614956622108668,23.684878475258703
-5.801430511276235,-10.04844756769098,23.355293283730774
-5.863699592961869,-7.632744995382392,24.172679187888193
-4.125320645159515,-11.145742285675434,24.9609020960546
-3.724137931034493,-11.598268191383642,25.38092014806915
-7.938718192713079,-2.7736169098897365,19.245436175304885
-9.176894685557668,-3.2287277783548634,19.790770950065674
-6.979605574026624,-2.3597196673148906,18.20688863618454
-5.618991151459799,-3.1057099465883162,22.830439985304455
-3.378067371047714,-3.483996894226451,23.53497625133572
-4.2344598028726566,-3.379363930043558,30.33921535193352
-4.970490318386289,-2.927879014152238,25.623214191579816
-6.22280625513351,-2.4191030721861524,18.716111173592143
-7.6096211780445175,-1.781157164347445,17.305673867797623
-5.256803487138057,-6.06832131655085,26.29959477985415
-4.6107698690647965,-4.992932732201332,28.935786702099964
-3.884430134952395,-4.933828694133068,32.05453368184244
-3.335660013827148,-4.426856721068159,34.7012652538097
-2.766717939563126,-3.8919597637781154,29.54376264915412
-2.520844469694896,-3.579439466064997,11.820859755476263
-4.528443096033568,-10.56832475885955,24.532598981488675
-5.626930599905198,-8.985543008536265,23.8203916990831
-5.028550273544856,-9.955213906112343,24.169499811456603
-4.699662843027858,-7.070248153457963,26.49741559562622
-4.880326555389005,-8.14669839685611,25.320761295186898
-3.340325229186373,-11.162203350315082,25.717491552149337
-2.8965517241379395,-11.598258242736094,26.15394995055355
-3.6917332250511063,-10.587393893756465,25.37334329367226
-8.941861994570141,-1.705176307726745,18.702439083647704
-8.074940289170884,-0.9755312933212903,16.77182969855585
-6.7035494110832134,-1.7227809310436815,15.929266461949664
-5.449185031899883,-2.377506148774481,20.622279807871024
-4.7994002144676715,-2.5212179597270685,23.556574743853663
-5.97049674742712,-1.7084238294438068,15.7375091982407
-7.1102123255360015,-1.067834249421266,14.807391974085059
-1.9348679163802942,-3.9647742493992597,24.324457287055086
-1.6652622676889457,-3.6672043454655436,5.032817730778115
-1.1104094620031397,-4.034121601153731,20.686950691017667
-0.8371435095766193,-3.7462487276813303,0.5592186046059248
-4.0426212723532835,-5.896846336363503,29.661476850517264
-3.1769521794216082,-5.171823898243864,33.763037292849056
-2.4635709260884253,-4.481502441604164,34.65942728551042
-3.6818916484706414,-6.937759651218116,28.689793700486312
-3.8781676932449005,-9.755659280009114,25.489842086634834
-4.390134590577988,-8.933668318699361,25.33149762255457
-3.82236528009405,-7.889910123279843,27.138877640518057
-2.5272585467593074,-11.205848929228742,26.47779770856198
-2.068965517241386,-11.596548561269676,26.89660102605136
-2.9290827655711933,-10.58622575267186,26.130449535740734
-3.2467327661998224,-9.956090119153894,26.076774442930365
-11.172413793103448,11.659190775210835,20.37969393267667
-10.68548813868446,11.274504739653986,20.59121000614576
-10.344827586206897,11.651182062685795,21.098397287690705
-8.998312746093305,-0.10254900065724633,17.904206808990043
-7.691899865638916,-0.20729889182495795,15.061210747422313
-6.397317644218003,-1.127151438313632,13.208934595262223
-5.363492966656222,-1.6777785234649434,16.430771651436796
-5.869717108302054,-1.1130879729064336,12.164057852967805
-6.774556412102889,-0.4750090150675854,12.079839393812945
-7.0347091061445,0.22972895069897312,12.739527725168825
-0.3347748403885415,-4.08314115548146,18.038150950002173
-0.07828423853012537,-3.813376686334619,2.075565177017029
-1.5891860322223688,-4.541714236661611,33.234833269395146
-0.7508164843499979,-4.557459315459091,31.59881110981013
-2.996152173734404,-6.124792466244964,32.032343928952166
-2.260364592712025,-5.164393826692649,34.967160713488255
-1.7022426366162977,-11.170003741106953,27.210223401086534
-1.2413793103448327,-11.593738370512218,27.581451787471877
-2.8424202579285525,-7.4283318762411445,29.337127854179045
-3.1044671412899176,-8.8689851974025,26.981995122936148
-2.0719788631554463,-10.69149841383489,26.917294534479627
-2.627561082049488,-9.905550515217287,26.772291376917337
-9.849272235080686,11.267699233422695,21.00383477447338
-9.517241379310345,11.63971322615121,21.310695697414243
-10.12647715427776,10.761364358239804,20.569409074840024
-9.06018669656096,11.245335205048585,21.287606129110774
-8.689655172413794,11.627215222610014,21.56156459263111
-9.339884404727579,1.4329004808683656,18.923477349804127
-7.992106315193632,0.7212098060884748,16.39546278241797
-7.279702975060554,0.9953053619360127,15.122638390480285
-6.0919516854116464,-0.6520377075516803,9.499137107034516
-5.64164667026805,-0.8406438116844983,8.851432570757861
-6.327970997656806,0.08304971662458531,9.216528702423071
-6.638836897116489,0.6888795338595413,11.953750962489428
0.35773870363303023,-4.116545913769929,16.313199245235268
0.594724333799132,-3.8683646705642,1.7874086035811019
0.9739414722458097,-4.141164794150953,15.329672678675292
1.187555151208964,-3.9135856081326317,0.8159925623826376
-0.004399757715393339,-4.558402059172541,29.957861892028944
-1.3659790710469626,-5.254389837990974,35.16319328498982
-0.41256861405192335,-5.175552441676285,34.68686001374619
-2.1060745833910723,-6.313792616065539,33.233322189197956
-0.9013442247761936,-11.155502747830008,27.86753126729971
-0.41379310344827935,-11.590951305620578,28.195538939422057
-1.3627104408103206,-10.707593284545627,27.554410814528463
-2.1861948700548384,-8.168937040650276,29.02983401394625
-1.88712270817053,-7.3944484688472,30.859718468261907
-1.9959382883703667,-8.94641241930434,28.183849538528786
-1.672851061270082,-9.97178917147817,27.66139836822711
1.526233903152331,-4.163791391035331,14.938983997689817
1.7096483246031045,-3.951252623380357,1.933975110477487
-10.278277057037524,10.005796126809761,20.349157472312132
-9.30876058320443,10.755153852964668,20.926722970596362
-9.5678055212983,10.229404227610956,20.67490048256243
-8.28433654120783,11.208280993526058,21.617578446341522
-7.862068965517242,11.615249412988895,21.951126588582024
-8.646069953141573,10.799964687488108,21.267204875606996
-9.2404352963509,2.847986214923726,19.554481477271676
-10.227097224308858,8.932565806283845,20.322061854739257
-7.864956895881491,2.2062820261908764,18.39397731990235
-6.948730762112001,1.7938063133025963,16.59058770793505
-6.903641546343964,2.446987431101376,18.7159093371083
-6.52491822614979,1.3040918463917317,14.289779437801654
-5.917579229900067,4.886837120385464E-17,6.1732943158036795
-6.026883180570797,0.8322217936464034,9.971902373726246
-6.385396874102032,1.9718004232215207,17.052215443375825
0.6598794957022407,-4.541185915029217,28.24137025315336
1.2664788276387113,-4.526403710761153,26.792996251464903
1.7893260834786378,-4.4763488292898685,24.80207098220079
0.2926581793955686,-5.13022324958597,34.035037623491064
-0.07567817718410903,-11.13313635562114,28.472335677344955
0.41379310344827314,-11.58867639570788,28.72837486211052
-0.9800135048997756,-6.1828434358851325,34.4616793453438
-0.09901011948530845,-6.0403564261600176,34.68086977688153
-1.279147296467996,-7.1192458858603676,32.39737262504031
-0.5439400855975871,-10.657203744733188,28.2357153432938
-0.9642524300809289,-10.032061423390767,28.213983830461085
-1.1388415624235255,-8.249796586211497,29.994730502900982
-1.0395493354180794,-9.257557446720098,28.79862450666337
2.010609158299355,-4.1638316914687605,14.249397641436929
2.2467085084807352,-4.4398989236434545,23.239380203860772
2.1695108172840807,-3.982783347627234,3.9224422186864714
-9.458968855694108,9.444890394381662,20.658479130342098
-8.666543956277682,10.179816405658883,21.103895118042832
-7.4845905733421665,11.17834270712873,22.083413965937595
-7.0344827586206895,11.604716651174487,22.480479396303462
-7.919623239659091,10.559561217642425,21.609871474742626
-9.545399743323564,4.6378333963365845,20.310423218461
-9.70288766339415,6.334092246915938,20.46883730888197
-9.875952542673042,7.739857281763777,20.454961512094062
-8.16795568764124,3.8796078020167264,20.401262626977203
-9.043052135712482,8.454248641420376,20.875341003295812
-6.812367911833487,3.3633726206385566,20.7317117406927
-6.2724155643542785,2.583928216222227,19.670397444661486
-5.911975554457389,1.4705495396376465,14.336819157827131
-5.636444178720773,0.8394397323448758,9.081146659863947
-5.7542054577402295,2.1556134720494677,18.72066368747051
0.9234504122447115,-5.10380047928538,33.19075243822888
1.5533789971085465,-4.923454323092709,31.112609080666655
2.0257963843628497,-4.843164095894703,29.78440857416513
0.6538415907504714,-5.804833232902727,34.45387852937912
0.7076634433410827,-11.188819770330953,28.95938588673113
1.2413793103448256,-11.586637092969978,29.186041336485324
0.2835518039280501,-10.617664169504229,28.821559180806588
-0.37832730727476815,-6.952997042281601,33.53156259645942
0.4533365589578083,-6.652344510479996,34.229142305203375
-0.529416689323657,-7.7113712373315915,31.743936075623388
-0.20192919484214036,-9.789284524716585,28.909632299715888
-0.2634834755214321,-8.556000555219233,30.29030517752901
1.5622975292225862,-11.168974197033057,29.404718786362903
2.0689655172413763,-11.58510469116887,29.558039517777637
2.450300604195779,-4.753649713900941,28.209496699612313
2.432937273072987,-4.176561742921216,14.357053247531269
2.628609192705077,-4.406037469403889,21.839726971765685
2.574652875101526,-4.009345091943772,5.129318477719844
-8.407032444567555,9.275937136096111,21.23893390312033
-7.918819248955478,9.85594491548788,21.552204261967812
-6.678709799764502,11.165820462532395,22.656824319256085
-6.206896551724136,11.596297723315853,23.116075972435766
-7.0578603267373765,10.55747970982406,22.21437148996016
-7.36435377514537,10.009631468709669,21.95820222443196
-8.311832420910134,5.442980307451084,21.201628141793858
-8.685022790492475,7.12145702712735,21.177255008861106
-7.232741857547853,4.77919224655953,22.155402263866037
-6.348788338830734,4.475391270606062,23.3522213975964
-7.9614843293419035,8.007908063648284,21.702142106649344
-5.897890701871742,3.8242015570308063,23.77537896044806
-5.717922872184046,3.013128377052824,22.269851265476856
-5.358968116438543,1.6755654925004138,16.408220484777967
-5.287973751240614,2.4470594154761365,21.803768839368512
1.3252046052945117,-5.5315788860044774,33.85585824807395
1.8350085846558812,-5.4411422568221814,33.20085756341231
2.297029407726846,-5.240644112628123,31.980549316263595
2.711773322494469,-5.11580648697855,30.862799635205306
1.112949020786342,-6.3077462901324495,34.327846583975656
0.9469981900418357,-7.067428312777091,33.71769587817725
1.2005058061261586,-10.620639503824457,29.336623585145393
0.7013602742578365,-9.912315451214605,29.370194737519675
0.3469933046056212,-7.720789717742323,32.371729559350406
0.5825734543743198,-9.00788912178005,30.203689916353678
2.4411336979219547,-11.175876746137577,29.77044770342984
2.896551724137929,-11.584920119887771,29.867075293242657
2.0420746336595164,-10.614579400670298,29.717274824378503
2.8296340968031193,-4.674102147335116,26.720610849926544
3.0713162126976643,-5.01734011398217,29.78269149636247
2.801982674360104,-4.172967634700134,13.850438903891687
2.9655433516183916,-4.411311786484657,21.39639741555983
2.9315475643984508,-4.0327163595421425,6.462010595779378
-5.9111049675426806,11.207223494860152,23.29437800681041
-5.3793103448275845,11.59026425333517,23.83238553632785
-5.467682814226439,4.5313793608146895,25.761284740512934
-7.258640989677672,9.108839290271403,22.142299701846984
-6.2608609098755865,10.569411571043101,22.872697134018136
-6.639023662637541,9.862110831888037,22.566235776707142
-7.207756926587214,6.467963223077881,22.662733265438217
-6.161019438412121,5.356635789304569,24.327469170789602
-6.754481631938477,7.918316810971266,22.93438725323666
-5.189151322344949,3.756725663408321,26.507497346803714
-4.94276939070605,2.9837010376137996,26.10843851865486
-4.798339657994097,2.520257232416137,23.84913521997358
1.7204034841519549,-6.208766311133337,34.08660927768296
2.2350550015963044,-5.882186129017882,33.61617249813286
2.6391533554179225,-5.636397175352739,32.87806083981831
2.9569337773641533,-5.39656604615989,31.837775928777216
3.348329939984136,-11.15057727823955,30.054970685369394
3.7241379310344813,-11.58610518062494,30.0953607982635
1.5997508907699465,-6.842769737098001,33.90397879228873
1.320619740968512,-7.586137012228365,33.02963097471586
1.5633579204947583,-9.643137936109763,29.96380773935733
1.4039788452826931,-8.497878734651062,31.43689775633919
3.031047352054281,-10.670443414161056,30.03544531891897
2.4906115966790976,-9.945658502222662,30.093696802211536
3.2908769872234584,-5.302318256985618,31.239158172066343
3.12581757204881,-4.650699589301627,26.084286003507014
3.363673329539306,-4.882036483100501,28.484550243802378
3.127616472829175,-4.189001419144894,14.117223196275537
3.2796001009640623,-4.3750624590222875,20.1735426240959
3.245845747951791,-4.054870382722363,7.411488461049705
3.631108344050859,-5.1480798844709135,30.230815234039884
-5.0613978055309765,11.181355530335864,24.045148981243276
-4.551724137931032,11.586244280768037,24.595168791025195
-5.463703781020861,10.61080111603791,23.592114091285513
-4.6836337395551535,4.439347818319653,29.226676583540186
-5.038879323268081,5.211816527965959,27.181532947979374
-6.203533297645282,9.05330558217091,23.180474788753056
-5.7999746187443835,9.885566175442458,23.34701718661997
-5.650259692402731,6.443637092527114,25.164122255184395
-5.662314060792665,7.9876529130174285,24.37162572224247
-4.164987747656173,11.15584755730901,24.891750175789706
-3.7241379310344813,11.583981208872224,25.388804678848842
-4.425008415526263,3.748595829618154,30.979382413077843
-4.229714977494981,3.3716866413117974,30.522858653646548
-3.985273416319481,4.289128152436275,32.882215370314704
4.206740392435821,-11.183916450150324,30.258252294232005
4.551724137931032,-11.588106507286993,30.27143087085467
5.06464376835519,-11.21659433296092,30.41642381422317
5.3793103448275845,-11.590857153101783,30.407577292729446
2.26756736607596,-6.642574994424444,33.90762882091828
2.6917380501763177,-6.188696251198063,33.64279152863357
3.1288987658276968,-5.816863530303791,32.98815911621721
3.740411545088328,-10.66512969329449,30.232697221135055
2.1606587203335903,-7.615772851002347,33.142312294315765
2.5224008330836867,-8.90300483840521,31.19472006607154
3.2502109631753733,-9.808866969435146,30.415466482912933
3.605485402081734,-5.579281885011788,32.146441482862464
3.954944370076809,-5.09248628914997,29.76424775757345
3.9478639900373382,-5.413127559816507,31.410805674034197
3.4347761324658697,-4.581642972696874,24.72308435999808
3.578605345314888,-4.807773204756578,27.598498050954902
3.395926035183047,-4.210319442411627,14.758493854749814
3.536757258209864,-4.379811423395071,20.060470680478037
3.5225540444007817,-4.0774602044136445,8.25659444605397
3.8404811123462927,-4.829973618162286,27.66535135964114
4.160873100627653,-4.926115560959195,28.464902046163896
-4.590911772768284,10.535551157598507,24.432016654591227
-4.997611882534758,9.986881004192332,24.151137985176288
-4.042266895706653,5.117430883040939,31.139062667804556
-4.497734320864524,6.202198019154619,27.79874689930969
-5.133439770814077,9.076903665148054,24.42548180093357
-4.848706999179775,7.799971105834292,25.78152225350374
-3.2959268029396327,11.164537279056468,25.74179235568398
-2.896551724137929,11.583447328429015,26.174412694673777
-3.7059332411254204,10.579326817325168,25.337001918596528
-2.4187863516026304,11.138343800455077,26.570359217912586
-2.0689655172413763,11.584224352392203,26.92165587991177
-3.5505892704639535,3.82096979343144,33.22468751862894
-3.371697601084354,3.472154859882475,23.190839455927666
-3.247436153307995,4.429895230146952,34.63394352456038
5.902129246657619,-11.224245355322907,30.545843706661206
6.206896551724136,-11.595253111425954,30.51260974867331
6.670986572839634,-11.145625195951554,30.645295235455453
7.0344827586206895,-11.600366448459933,30.58841990252292
4.505367108103696,-10.670529624344766,30.402967351968588
5.294856714840604,-10.67977853184925,30.54059492939407
2.8314509946657873,-6.93407418758791,33.66827670865845
3.2299990350749512,-6.431727048814914,33.571002499660544
3.563043584697995,-6.0645687169711,33.136251536970164
4.101170525851376,-9.851474497513399,30.595181119072603
3.0933529946423035,-7.8576598969647495,32.91757371551024
3.645013169193568,-8.891817474167308,31.457625431647497
4.211622904022697,-5.205147494095438,30.403525943341446
3.9629815563436455,-5.869499622514677,32.739474920980406
4.290342094791472,-5.543357528199832,31.76010232914147
4.414169864808156,-5.002487382122926,29.045299113784257
3.7253348159103794,-4.556922123753333,24.156392699804503
3.6450996354326404,-4.212936331122024,14.878344196134096
3.739806829303182,-4.34198521136428,19.148065578048538
3.766105888681947,-4.101847677173762,8.791838804140193
4.004137869148302,-4.613063363227311,25.052763985499908
4.317840276010228,-4.68951570533193,26.030222967528946
-4.151836178741516,9.699094920390753,25.209345603890966
-2.9727205237857164,5.203009482065045,33.986704034566316
-3.6473932486980982,6.07320695880571,30.30698679940553
-3.7780890755220566,7.251147855987905,28.0438153296183
-4.101932296402267,8.480704717901485,26.21179242562142
-2.815064833430347,10.536452901207165,26.25024665822964
-3.21502864609385,9.887914374371649,26.120741895337993
-1.551414402683358,11.14239384217125,27.3407168299016
-1.2413793103448256,11.58538906994703,27.613358065382734
-1.9028563148813291,10.65062635716093,27.086523120258345
-0.742350088467258,11.134759230610685,27.987326619371917
-0.41379310344827314,11.586359377705284,28.2256617111649
-2.7509113633275306,3.8833361444266266,29.29828728768148
-2.51357750846182,3.566532745531134,11.488460008586788
-2.333009589072153,4.448072751299279,34.29953554293842
-2.059303943606748,5.220852415649577,34.972643259033696
7.488705173963182,-11.154840672812954,30.72328780862021
7.862068965517242,-11.605870593736702,30.644220476691476
8.28340940885565,-11.166104051785231,30.777237498072747
8.689655172413794,-11.61445096109868,30.675711157766436
9.101536017035091,-11.241296834794786,30.80772323786167
9.517241379310345,-11.623832570313317,30.692831454156078
11.172413793103448,-11.638305605061603,30.72981617847038
6.248753063358894,-10.618657496067815,30.67577108302802
7.133863103070289,-10.650770936304621,30.75774186028522
4.999694681833427,-9.840101271721496,30.767934165193115
5.769148069438561,-10.021454716188368,30.783552257742038
3.5945433066522985,-7.080397790356559,33.49017402407684
3.899257984995784,-6.520406849730411,33.441708242543875
4.637886930398365,-8.799045171341747,31.71702702716551
4.148456086976677,-7.823911502830661,33.03137782374484
4.535218193801213,-5.27806232428864,30.723849632541942
4.433639727394636,-5.91470785610585,32.666013953167564
4.331775150492201,-6.298499672376176,33.1921370153039
4.686341500299294,-5.651363595214353,32.035341308595626
4.744083123662082,-5.031451515538697,29.16603451312352
4.604031117664335,-4.795012372135912,27.119768540474478
4.622848933404903,-4.5688021441895845,24.15338873410273
3.9199064006409152,-4.391782707287686,20.715326171095118
3.8556755446994893,-4.208586720580482,14.910064016393301
4.142458185065898,-4.418562127665932,21.573222291990188
4.397152056153028,-4.409032112869155,21.21362579509213
-3.158698884016169,9.021035211974446,26.904307920769497
-2.6976342393572756,6.286443150539294,32.03159768817193
-2.8610684454839395,7.856664399367169,28.61797707168778
-2.351857643939218,9.797968778873704,27.09797565685499
-1.6319619594322852,6.150219798822165,33.94632996085627
-1.018862176220425,10.674345237565978,27.832412666648082
-1.5402210136045003,9.95268932585867,27.73259196064452
0.054120955274333804,11.144885211147946,28.553805988780628
0.41379310344827935,11.587168972243195,28.756206829948194
-0.2827724933810003,10.675182645126627,28.38920007678416
-1.9078185436750201,3.9464560507017805,23.515699521800652
-1.6575235543214688,3.655801581666598,4.048456407430791
-1.4649610612500412,4.478171926391091,32.67357156107983
-1.1433250028515785,5.157500731633292,34.9301110779549
9.962973597388958,-11.246876096406723,30.842892939816043
10.344827586206897,-11.63106908768746,30.70368472921219
10.843438108165671,-11.259260261290901,30.867938506421172
7.8999253647193095,-10.547276300298302,30.836548812563745
8.699151125597846,-10.599487967861965,30.872098244915247
9.474843829958939,-10.723695451359493,30.877999281858173
6.654997435448757,-9.812367308899331,31.02010656140107
7.522702682017098,-10.003091627305118,30.984493388563624
5.6897387423679575,-9.018325089091446,31.59583976788443
4.556550235824133,-6.968878363683073,33.41890514370743
5.186771782596278,-7.744574338088727,33.15900600861463
4.918094946451418,-5.343940053326339,30.99024819740772
5.044265611840282,-5.081518675654065,29.41601389907647
4.826911165580487,-6.180583218080009,33.00027384105338
5.080245241191195,-5.665099921829716,31.9458531597054
4.9355414287155694,-4.720815236700954,26.31180659022797
4.8353325744591595,-4.4484965001777805,21.81267458893057
5.041745780800227,-4.421823383947878,21.081373539700817
5.271944927428391,-4.8877378563515865,28.113594253392826
4.612635146753271,-4.3058793562847955,18.13935500890285
4.862788632456848,-4.21290094739939,14.227341836642154
4.404378867327721,-4.186563044288227,12.990740837396968
4.052025159718243,-4.2115766971347774,14.951325932759401
4.234937453229944,-4.2705189918630415,16.79373957928546
-2.2007137059637425,8.569886964689442,28.507794444394534
-1.9404369792384328,7.262858009588321,31.12834764274189
-1.4448633645314513,9.018177170289594,28.74784458185994
-1.1773370897423279,6.890094997190807,32.902296840947145
-0.7499695893498772,6.066389480303064,34.48049487780162
0.8595075733893042,11.149162400193967,29.030994513289443
1.2413793103448327,11.58798180450469,29.203555743585422
-0.6620216176618159,9.89539165055013,28.502251757383394
0.48863937550769737,10.56879935762074,28.92160106448594
0.13348123193510278,10.01819976770797,28.95835598228063
-1.0913654593163482,4.01360142388129,19.454617022225047
-0.8291258990242485,3.7378510203095088,1.1545120513673883
-0.65271413778051,4.505839130235289,31.025792328055843
-0.34565780623486386,5.141135546079871,34.50238036757212
10.328667780838211,-10.527384704535365,30.945336198329358
8.322286961162419,-9.816685965056799,31.197761703639944
9.315687720350383,-9.983744143062925,31.164069069331422
6.615285404247925,-8.684743008663316,32.08445291379196
7.597791435140147,-9.040276803194661,31.879114193581675
6.104238780790932,-7.844000738900241,33.101782877998836
5.2443060286762915,-6.701258777977258,33.32584377527967
5.844439416171795,-7.099037288653427,33.328821045113706
5.3390272341908265,-5.343617954216133,30.897463254822604
5.4701082649414206,-5.9698537371335645,32.55070149304242
5.145462885159401,-4.169531876256866,12.616785297089537
5.320079360465173,-4.531679445612127,23.474142560749804
5.607939997473607,-4.908384202438252,28.36770897488716
4.879798383978879,-3.9425084042701375,3.4850153378222983
5.109399313225851,-3.8897572238081284,3.118505619643006
4.589534865848125,-4.02971519309534,5.512872546167808
4.361771147653908,-4.008406373153081,3.8939951035418643
4.172313034871353,-4.09289320714355,7.668809346536501
-1.0739064354510255,7.823838746921045,31.054027771556857
-0.5463550325119566,8.739258218148144,29.96095556437627
-0.33389784037918047,6.920902497173892,33.52600229620828
0.03794879072584245,5.881183083429174,34.609792346400695
1.7056118471412047,11.120536609270621,29.45874551131048
2.068965517241386,11.588955628003713,29.573360611548942
1.3491114124250287,10.634681131231355,29.362699887841192
2.544600192920103,11.134937114627009,29.78506179973672
2.8965517241379395,11.590239510369855,29.86297923744276
0.1438858475023368,9.05295334561905,30.05824744952884
0.857092417748724,9.761185140964011,29.60489431905779
-0.3166030743419045,4.06946866728844,16.961816974187197
-0.07016078717399801,3.8085353809303695,1.6889010153731399
0.01110889949406367,4.579149557929468,30.29956009017803
0.27251167317655434,5.095825450452755,33.848554928522724
0.5848441588941072,5.753059998853688,34.44420755292659
10.741006932743147,11.264401415958964,30.83344183265937
11.172413793103473,11.656951827444452,30.636180169404277
10.344827586206918,11.647331308678027,30.627307380320115
3.410088625052209,11.180833821535519,30.053740447380076
3.724137931034493,11.59176165377468,30.09453051396776
10.119194629638807,-9.430009098795843,31.721910428791883
8.93226053056552,-8.706551438482112,32.39814513652674
7.078936167568958,-7.870178668442,33.08909243621475
8.038207999739342,-7.901462360833132,33.04166371243826
6.663008877193096,-6.987338701221497,33.34251589224157
6.028314580908266,-6.357460149366074,32.97542966598232
5.954685969999985,-5.496191472322509,31.29438717663169
6.0739960539542945,-4.853113306089583,27.70426468473468
5.298679207843138,-3.9828850264152136,6.640441050873664
5.4892336351366335,-4.194440974986707,12.951432611308947
5.722189768951427,-4.505541889608447,22.619662408956483
5.246533980371293,-3.704423493397948,2.182761239360291
4.970563226511643,-3.667186788201141,1.373509822367106
4.660501785722848,-3.747494711914684,0.9522580194938312
4.419538719808441,-3.831132959270674,1.5455805191500838
4.2235632381314865,-3.9018067100073495,0.8726100098768482
0.25653917561354306,7.83403747537995,32.145585007019406
0.48486173984173814,6.734070626664954,34.03535317350538
1.13712542543897,6.381000565319393,34.24340930757711
2.1701070765265746,10.627501577062983,29.718681189524826
1.7564686069034774,9.964154002844655,29.85820777095388
2.9483469815445487,10.60680517755312,30.004691206386923
1.136488884548481,8.437256951410026,31.546710981786728
1.8043732966704398,9.032754593910258,31.01549277174161
0.38759749490797835,4.133967340289192,16.525337139760044
0.6027015538738548,3.8669853515224224,1.326776877719499
0.6875073112779744,4.555861382956071,28.410705359113717
0.976550438745391,5.024066709782767,32.74666814637643
1.2647511430715048,5.5221202599629144,33.82915194135009
1.693131989626583,5.962670810493075,33.94771763067241
4.2544397665443645,11.195556658859799,30.253432550055354
4.551724137931046,11.593553662835832,30.27201846024665
5.059009881932659,11.20013252777566,30.41004930685185
5.3793103448276005,11.595858334917871,30.410571401786758
5.89356509549525,11.240565414896857,30.538483183726083
6.206896551724153,11.59926876937721,30.51480610385675
6.725277181835604,11.253064371631261,30.63325336852949
7.0344827586207055,11.605646864648817,30.580751449472206
7.521592281273644,11.268536622727567,30.70652888072979
7.86206896551726,11.615262036774519,30.619353128611486
8.40289031871676,11.258975649420085,30.76111630453602
8.689655172413815,11.62648641334306,30.632341841367765
9.193205797093277,11.226441484737604,30.800596522899323
9.517241379310367,11.636908861010543,30.63311912611595
9.996068576094844,11.251968774393985,30.820259528720218
10.335441050968292,10.845489572586157,30.86928102772698
3.8353909411909086,10.647915873464074,30.23673694419585
9.86833814369488,-8.215918898510019,32.888728772601745
8.779147536305615,-7.297614760212578,33.280965272734
7.574149118019694,-6.695192052434312,33.20682940404455
6.685667721001163,-5.957353673484932,32.218260147202436
6.667995638038685,-5.123056713629862,29.526924959941095
6.46988642807376,-4.54287743061723,23.29836044238777
6.107109062207035,-4.396479892275317,19.986947318529865
5.531782419470071,-3.852363686662275,4.962096402022049
5.891480255643293,-4.124339196397047,10.990335059513043
5.390408621557934,-3.5078736366652206,1.7824367115700326
5.050868658791958,-3.45814240478262,1.4304287586220228
4.687221437715804,-3.520863751086637,1.0929025805094403
4.43849868961936,-3.606739415618521,0.8805590141453538
4.263228076013696,-3.695963769504023,0.9546669300251686
4.135414822687054,-3.785235568300192,0.30425761779511773
1.347641153484217,7.3519034251273405,33.3123367711115
1.6954718626510132,6.663491328760074,33.98874179779818
2.079706242117561,6.302609341501212,33.89034891459451
2.6403636754919297,9.735147721702084,30.39247030327468
3.411035624149315,9.948986792932256,30.443522993602166
2.061116488551854,7.8187176753764005,32.74126127951158
2.5693223152624354,8.635963541338466,31.78276680528466
0.97741253040644,4.161627188944998,15.718831405226284
1.1951065410144066,3.915065480275471,0.8302753492306161
1.2957912151824986,4.50373306868606,26.303918934492348
1.5445608828215442,4.909479150598086,31.211589823139807
1.8283078823607035,5.336727007806003,32.851561549978946
2.1345106526157465,5.775652083322622,33.45971682943741
2.505090463385084,6.1712574426171125,33.67200175289216
4.722062330638736,10.691476512524105,30.416025867321853
5.395885632128906,10.665090249543502,30.54203035860243
6.182671924273507,10.68410570964273,30.639849834288565
7.073454958739835,10.656344902769822,30.7415597887304
7.924609659508861,10.67682258397353,30.800553874142235
8.809283590486556,10.656997449407266,30.855360163216314
9.664131936735647,10.714821252256314,30.87994328166791
10.292449273629463,10.141695054280355,31.128779486309103
7.44263338546862,10.091085708291232,31.011785645953427
4.1631085626453075,9.832568560610895,30.723791043226928
9.781250359613006,-6.784385828233192,33.08043592693554
8.552870064412678,-5.99642107811045,32.277596213586314
7.512847941966086,-5.326497013854068,30.453311458527192
7.064129097968358,-4.423015886748567,20.775912085015317
6.45446059561515,-4.022746213866563,10.156619687348039
5.872292523495625,-3.607803136646328,3.25865263495254
5.541449070158286,-3.215488146446784,1.6704799816061462
5.921481986056999,-3.2005921444913943,1.56531056960824
5.124891373510655,-3.225066636013292,1.4006445970806043
4.756628297203974,-3.281643842939912,1.1529038357221617
4.4788086429185405,-3.3580387599986667,0.9069604085981159
4.287961185608587,-3.4484723748714154,0.6351558671915392
4.145564378382643,-3.541920993154436,0.3826181655883938
2.3703262423093774,6.939975042313175,33.74930746956676
3.45510644215824,8.876457198177258,31.65026117585024
2.8856516734397135,7.716740517526327,32.95075290339083
1.5387176288087168,4.160857903912687,14.287639363293488
1.7164816661573137,3.9548370241209345,1.585052519500195
1.7979921963250738,4.483276635974579,24.897681788155086
2.0416730900928903,4.8315944664187995,29.827152688957238
2.2875092763723788,5.239019614633236,32.02524758738719
2.605271923966151,5.60476268175649,32.839029147718435
2.929226182836196,6.447383133819549,33.596733608979285
2.968229217457202,5.9122370228912935,33.1890071861356
4.97740583511953,9.872232602403404,30.838721609481208
5.756836564643471,10.02592443746166,30.85103759181161
6.613792421806736,9.797868896559796,31.11456047591608
8.297606943150118,9.947150964762649,31.164044542191537
9.365701870319242,10.051131866481683,31.16118295354907
10.055313158883067,9.115232379061919,32.14474361751825
7.551200130842901,9.299653768983069,31.68946420105135
4.500481096321267,8.682105785241168,31.99429104208018
9.67912176577791,-5.436548508285483,29.987456447624794
8.624551809665132,-4.843226746711067,25.919234537369807
7.74570350657855,-4.17714953886413,16.73149794445302
6.9734138701863495,-3.652350738510667,5.879311515777267
6.384209609842858,-3.3585266611216014,2.311023440608753
6.19425699107708,-2.9615361094021657,1.6242939026879732
5.725459297775189,-2.8828461697728414,1.51740655361806
5.20393340538931,-2.8884730230158264,1.3574006425116167
4.801696077076778,-2.9752777265427914,1.1189548948153087
4.510623841021726,-3.0808766415199993,0.9109052309279292
4.3128962716032735,-3.168649585930953,0.7506655357813293
4.159809996429745,-3.2662621519829393,0.48580778589770557
3.3625727216191095,6.936517677893281,33.58419885414426
4.020851097843897,7.626886140085864,33.116846679639316
2.013964871881488,4.175896162564567,14.172176986207154
2.175338196700475,3.9879356590427597,3.3004512269412785
2.2544421955843967,4.447959743821609,23.386186113078406
2.453486388806276,4.762365703763877,28.55795548600045
2.699878407734265,5.120315625178911,31.020363858072226
2.9509633948707528,5.447283420350773,32.15354607634067
3.3826148901038517,6.19750037392748,33.33291521781214
3.2862938203252128,5.681549703105429,32.62269831026219
5.659346891727529,9.034519898055173,31.7382416025776
6.711784988255635,8.817756893752666,32.05472150560663
8.773594913578867,8.931523454476885,32.220263816378036
9.785277432568494,7.893542110004614,33.02545732662548
7.467788132797424,8.212536696055174,32.73151319439035
5.188558490705134,7.780201883366849,33.02909126907263
9.715969346724448,-4.133795292008341,17.95143086720793
8.590350401594256,-3.655592495846477,9.541859802617894
7.69420846760739,-3.1551450275241226,2.474011889541942
6.750763228673893,-2.754441983563405,1.8042550656274385
6.068555357160117,-2.5395848742128186,1.59687510661996
5.439310149254316,-2.508779948530709,1.3209295064696056
4.926992147912106,-2.607767621298028,1.086047848671287
4.572727868149688,-2.7396029527152455,0.9010871720622043
4.340430793736858,-2.8466634967195756,0.7902467566497493
4.177413967493952,-2.9539597645050666,0.6759183479665849
4.032037885106281,6.81512103032437,33.47192801875307
3.775913790645174,6.260410927886147,33.274199432834536
4.777452382135364,6.843640775467168,33.36500779360767
2.4390637852092425,4.184578384996507,14.149428955791736
2.579272607881978,4.015682974888653,4.761056915688126
2.6549106864486123,4.417436304582112,22.081900118796373
2.8161859336441126,4.689267101697167,27.183467919885626
3.0307851772440104,5.032427333593811,30.111296126667764
3.222327693529765,5.302945554631989,31.368750309803346
3.654976264098985,5.777686055767096,32.66981227282363
3.490486866367562,5.476785639849116,31.870665498933494
9.616323683788645,6.503498168308049,32.90441584080904
6.291895904256176,7.855692602782758,33.034700182875866
8.404794382303914,7.256272390954524,33.32435461235277
7.234487905114865,7.188335058392774,33.30702495115315
5.67512960155581,6.9220369686465455,33.28878139844573
9.59679380752714,-2.925223604052274,1.202212721589592
8.410607246080067,-2.528204444710211,2.2053323617819482
7.49758246396162,-2.1470174808540055,2.3745732610395467
6.843774056556627,-2.1243103683859763,1.8593223509246886
8.235526767357667,-1.5540915746064716,2.874931124786818
6.350918387121154,-2.098533446703187,1.6797740688856992
5.705363297234792,-2.066997302745728,1.310807513772337
5.102944424724236,-2.171274064914905,1.0190516181073634
4.683160980058265,-2.3363301460431902,0.8593239273564118
4.393274839457318,-2.4765668114356516,0.7699875899247307
4.197765666843194,-2.600143231008385,0.717722817259383
4.299655453547902,6.271384157665821,33.16622927404361
4.014306647393262,5.765961724791153,32.527325864809235
5.28009985155159,6.258578764454111,33.012302766573846
4.742082188074468,6.176384850755152,33.005531265574746
2.810665501032039,4.189790342527321,13.990653521807678
2.9350030754193908,4.039175071006054,5.701876849162719
2.998593523385793,4.402130772878812,21.19577441589854
3.4857222823147045,5.195462423802264,30.638568830967944
3.142740139094688,4.637537559989052,26.099249613064057
3.2989670060141525,4.960699081053965,29.283627070338422
3.820470390548422,5.420301165955275,31.513243000197203
9.429315666498157,5.199263666250491,28.768474026152234
8.442292105530129,5.8049096105765665,31.868932927028624
6.501785986571306,6.629008174863375,33.25900791300811
7.513796502748976,6.259561638867608,32.81463520932493
5.957800076049676,6.1545257162301015,32.80214711418075
5.496679765166048,5.74973155747236,31.956987781139357
9.267539528754343,-1.5005793569427524,3.468362050690995
9.465325968115662,4.063117840229115,16.18051584665118
8.2870715696407,-0.642504763207893,2.5418059441319727
6.7986066218873695,-1.5383760322277986,1.7879180359153874
7.40182159112778,-1.145065961692605,2.13888830476466
6.018697444786342,-1.5357960655112879,1.2839910539362316
5.303568864801819,-1.6601788118621403,0.9309622721082588
4.813535989834027,-1.8528058050299074,0.7627947529381883
4.433671405591624,-2.0602469016014875,0.6821198819289096
4.219177109010122,-2.1992948837271413,0.6629203257125126
4.456139827932863,5.7667856367709405,32.41001379255206
4.194799651246557,5.440329323389231,31.445655065634913
4.954917359180949,5.734607359528958,32.186831341584046
5.225326514176343,5.391406587975635,30.909736833514376
5.548637551925714,5.193211624772056,30.0236764176269
3.1380033410942656,4.190925744274279,13.788609000286732
3.248361234106772,4.059849508361629,6.596754456900674
3.307530832245071,4.372049541399397,20.06956598076621
3.75919270911119,5.121542781745574,30.03195775209948
3.5896654406822335,4.861284226884378,28.208314540102723
3.437273710909329,4.604964269020414,25.34116796528301
4.010690595869573,5.151476221281142,30.110785025544967
8.433197213375468,4.659634306835127,24.047027427028116
7.477856352196606,5.229218845989215,29.421898255578437
6.629081645599742,5.718491037914822,31.814420263890792
6.01956879296261,5.374699738929463,30.53649551656451
5.790859453670209,4.962195238877815,28.48811567984985
9.409263904868283,2.944036977689894,0.922762135881662
9.314592647251533,0.16285094014989546,2.8930780155112568
9.41258265905211,1.6026930947334423,3.219350390062911
8.383609408683885,3.559122555192737,7.536799848853932
8.019462085501981,0.2679931521817211,2.1901864915229106
7.231540856340486,-0.3326211850149018,1.689833196553981
6.257166404213257,-0.7470363000199817,1.189808631686626
5.437378892264225,-1.131511636949746,0.8192273938488192
4.8451433787022635,-1.3484994025015813,0.6062352682908311
4.512726885125958,-1.5403055032561388,0.5380415465228986
4.238169466569215,-1.7451636587924746,0.535116300645944
4.5881929102755805,5.386020932131859,31.087574633083737
4.309158729087146,5.117314275394858,29.78462672253293
4.890069518865102,5.232819239420713,30.31563258987018
5.165418390052404,5.002738539443494,28.875122519284613
5.496946172716247,4.777609824222831,26.878041112413253
3.4195529750645988,4.203510043389356,14.19494432915222
3.5243448574451657,4.079763977077391,7.427490385433048
3.5710324211128834,4.370858170289707,19.892653631810333
3.8616671418314996,4.842264957263727,27.904612965010084
3.6914060905239205,4.625585726964663,25.412605328719987
4.119012597756005,4.8581153869260625,27.97607956347166
7.600544290580907,4.203054774449495,17.24066235439801
6.726808328529138,4.827641715890584,26.3823646872255
6.163351092151748,4.810547724599493,26.938097186593673
5.826356756685091,4.579873161840529,23.55240168005956
8.416858377962539,2.4701455712191143,1.875460143786109
8.347177149674797,1.3001935636681534,2.9079184658208685
7.482480028048892,3.1715936512315346,2.162331469407423
7.528212590774309,1.148604080658784,2.373628680340809
7.063062156851944,0.4346828361576551,1.6116326301121775
6.195561319328946,0.01703636578227613,1.001908468437149
5.461577738935315,-0.4789880983525203,0.662343827029149
4.955648892560197,-0.7159818186615391,0.46621477608252654
4.537571701469081,-0.9938643762426155,0.3646089808593238
4.251118773542327,-1.230667822629914,0.3587198065714558
4.627389707328916,5.004522597964649,28.994380376081693
4.388191575360132,4.84630382766191,27.71629313072828
5.472017184088741,4.489899495736789,22.043391411954506
4.862298855344212,4.851755952624931,27.72790336845868
5.165316902344189,4.686079319963947,25.840471855955638
3.662621353932823,4.2080155769304906,14.489931281500857
3.7672842507543143,4.100932319387254,8.152115180126708
3.7712461751873416,4.386437294530027,20.222339715290214
3.942747053021021,4.568193071361694,24.297436032756174
4.206508661695028,4.637034303801658,25.145189402383526
6.889098834565053,3.8997196159500667,10.42195883051969
6.240170668362083,4.2284299014182025,15.583484577771186
5.765911188931717,4.27822977861317,16.081197740808552
7.391354537506301,2.148874543065964,2.2932207491176793
6.741412976291215,2.92126455741796,2.0047593602296487
6.7240358016496975,1.400952723977109,1.9267879910380905
6.063040104434958,0.897309949654346,1.0955359580769188
5.489336747871049,0.436193371813841,0.6361481986590692
4.9388810315069245,-0.0232943899297366,0.3688993645593664
4.513340612483375,-0.31973300799303445,0.21694815301505396
4.256252857893388,-0.6477845242233196,0.18059212389579168
5.4451601345342135,4.191408569129919,13.179953877084069
4.6306999301476255,4.709244929821975,26.187057999941967
4.440114896769973,4.5973353180740695,24.514394200596843
5.17060355209978,4.388272028331042,19.713780245828563
4.910405782092585,4.559671173076306,23.84817570037295
3.8714013877720195,4.207075144622667,14.636271719300959
3.955040223657265,4.34826086873354,19.380357790505965
4.117962213761286,4.403720072188189,21.13857555815198
4.3361967980883716,4.429715173461101,21.74044394631217
6.152155663818771,3.4374484900714215,2.8279313975909197
5.73956019203072,3.906920897229368,7.408921793783228
5.70675982878155,3.555444612767777,2.6947281904842426
5.370821497843588,3.938272125316845,6.273913131284703
6.415229403558232,2.1532637929504355,1.8582753565771133
6.133260960565721,2.6924777239618427,1.667836364413524
5.8597374250623835,1.5588155351655946,1.4158524363729013
5.307103231807083,1.176762329969666,0.7709415900484414
4.925195944933127,0.7247068537270978,0.45490064073854847
4.544851550632229,0.3645181691166193,0.2712641529581439
4.253856075412037,-1.7763568394002505E-15,0.13511565130136752
5.152265646065836,4.143917606965165,11.117036422561513
4.616639892439778,4.400735779919724,20.744510613630123
4.878455663473115,4.258656005114127,15.857800041892132
4.407945443159255,4.2089804341703285,13.46760215244069
4.072216323100372,4.198804808154696,14.050766355115156
4.23266186074335,4.26785314475869,16.448164058571056
5.758546397117505,2.83608640989162,1.7049528157376501
5.561058728977867,3.246981924730476,1.8030989918546678
5.396504164808469,3.634414057760927,2.5773843004717985
5.10992598106368,3.78694894980929,2.508629344984883
5.653119522560418,2.169550227107745,1.5203196572858508
5.160621940950981,1.692636020268124,1.0292623876525822
4.844628295029602,1.3365126365960487,0.6265175897772616
4.520172676228452,1.0049232398668795,0.4461344490684014
4.245108686180165,0.647784524223316,0.31354816851184375
4.849257989635354,3.9705079267410066,5.1607197889146965
4.603931685374074,4.071947234217923,8.077751191837216
4.393112329874681,3.9556713530910907,3.2805325724369303
4.22559920834949,4.08528008081159,7.364846032977226
5.301211712884669,2.5003633146051865,1.466798119169653
4.851478248304436,3.6773079376387026,1.3283655779891719
5.238271936559055,2.8811889536414736,1.571677063566266
5.039228339724398,3.3572740444330953,1.6493500935046124
5.0433143268927605,2.1030677214771862,1.1854703494567518
4.768232696847314,1.8314813398946261,0.8372700318845897
4.469438794465992,1.550259145912536,0.6199832495733765
4.231431878656653,1.2306678226299113,0.513954149234609
4.595707182767936,3.7834019040113835,1.352174421458105
4.380646474683448,3.7695159404886085,1.2747765769150903
4.229786072013052,3.877328970686563,1.2082286770984405
4.886753866951453,2.5705881844590905,1.30559737971869
4.6557230030631045,3.469479091555456,1.2311790566193397
4.821459864319911,2.9553153061247115,1.3952425163140196
4.696297292866322,3.218896427461318,1.3075337990736078
4.6649638800778614,2.2844241322261367,0.9980316230110121
4.426428943666688,2.021988382887724,0.7907617127684979
4.214866819218631,1.745163658792472,0.679759786524854
4.435800548440447,3.5693838443468966,1.244719183922667
4.251968865768439,3.67061640435338,0.9030291919812613
4.128669961880313,3.785235568300192,0.2882785340022129
4.599857973354319,2.679843486219701,1.1136602724059197
4.477907887453731,3.303981051168943,1.148296606353844
4.535890681382138,3.021096711194204,1.1486918026892068
4.388050252889405,2.440241743868622,0.9204422343991968
4.197488593472267,2.1992948837271378,0.8185680552867464
4.2813073028545805,3.4199271062569196,0.9871059371652676
4.136829732397309,3.541920993154436,0.4725084249563626
4.329710934343947,2.825417854718562,0.9831425944441438
4.2901101359545954,3.1431261414719898,0.9921540330947102
4.181115477176171,2.600143231008384,0.8996314389184208
4.14937435403425,3.2662621519829393,0.7841500186700652
4.164742360880076,2.953959764505065,0.903726471346688
-12,-12,10
-11.172413793103473,-12,0
-12.000000000000002,-11.843255302257885,20
-11.172413793103473,-11.843255302257885,19.903097675719884
-10.344827586206918,-11.837785459737722,19.574280220096796
-10.344827586206918,-12,0
-9.517241379310367,-11.832124183850622,19.54996676884383
-9.517241379310367,-12,0
-8.689655172413815,-11.82705546435728,19.930901051870322
-8.689655172413815,-12,0
-7.86206896551726,-11.822892855398283,20.556539245615166
-7.86206896551726,-12,0
-7.0344827586207055,-11.819767683983144,21.255314222900658
-7.0344827586207055,-12,0
-6.206896551724153,-11.817837614451935,21.980592362449457
-6.206896551724153,-12,0
-5.3793103448276005,-11.817034583573417,22.723386951718684
-5.3793103448276005,-12,0
-4.551724137931046,-11.817042412490945,23.468586469095243
-4.551724137931046,-12,0
-3.724137931034493,-11.81739463244711,24.200729152010634
-3.724137931034493,-12,0
-4,-3,0
-4.106572637669389,-3.172438150019799,24.735850060220102
-3.1733118262034807,-3.103336021724565,0
-3.266382528405405,-3.276363691043604,9.53998530148367
-2.3466236524069615,-3.20667204344913,0
-2.4258149329923864,-3.376111781001797,0.973569482010807
-1.5200750379057126,-3.309990620261786,0
-1.5860692332617277,-3.472360495354403,4.687035514635401
-2.8965517241379395,-11.817390110334587,24.924657160882127
-2.8965517241379395,-12,0
-12,11.845086716004925,20
-11.172413793103448,11.845086716004925,19.880684815009406
-12,12,10
-11.172413793103448,12,0
-4.5,-2.2499999999999996,0
-4.636091006576215,-2.373280890785031,18.05794520883015
-0.7180278141884886,-3.410246523226439,0
-0.7721713120921844,-3.5629747979786623,6.916070148403112
-2.068965517241386,-11.816612982395307,25.640921241816184
-2.068965517241386,-12,0
-10.344827586206897,11.841446392129907,19.484266759410193
-10.344827586206897,12,0
-9.517241379310345,11.836233284614186,19.476562773908434
-9.517241379310345,12,0
-5,-1.5,0
-5.165224075752828,-1.5808084197567924,14.259856385806431
0.018370252438244528,-3.5022962815547807,0
-0.025563607092832702,-3.643696465545616,7.907087726398408
0.6726437921196506,-3.5840804740149563,0
0.6372258565194149,-3.7133005633555216,7.8392525150684955
-1.2413793103448327,-11.815335622960099,26.318081893143614
-1.2413793103448327,-12,0
1.2502638663751462,-3.6562829832968933,0
1.2217599049359724,-3.7732387218585925,6.438220241538346
-8.689655172413794,11.830552373913642,19.89509835613817
-8.689655172413794,12,0
-5.25,-0.7500000000000003,0
-5.428021213758204,-0.7912017325838631,6.806977327830825
-0.41379310344827935,-11.814068775282081,26.91938300471156
-0.41379310344827935,-12,0
1.7372280865825305,-3.8251292302796203,3.706240846750334
1.7602112215653856,-3.720026402695673,0
-7.862068965517242,11.825113369540407,20.57079061578464
-7.862068965517242,12,0
-5.5,0,0
-5.689808740863667,2.221289600175211E-17,3.9156023993563087
0.41379310344827314,-11.813034725321764,27.428912298690026
0.41379310344827314,-12,0
1.2413793103448256,-11.812107769531808,27.853980595742264
1.2413793103448256,-12,0
2.191821752567337,-3.8701570351921553,1.1029164013193937
2.210414198636717,-3.7763017748295895,0
-7.0344827586206895,11.820325750533858,21.318200067681552
-7.0344827586206895,12,0
-5.25,0.7499999999999998,0
-5.425656444873079,0.7906544237931252,6.936540051236982
2.0689655172413763,-11.811411223258578,28.19994495151901
2.0689655172413763,-12,0
2.5927725584223795,-3.9093299709646527,1.0024572841715533
2.6078722945230908,-3.8259840368153863,0
-6.206896551724136,11.81649896514357,22.090501160066385
-6.206896551724136,12,0
-5,1.5,0
-5.163167325653883,1.579802496591097,14.393008269463753
2.896551724137929,-11.811327327221715,28.45672738650226
2.896551724137929,-12,0
2.9463934348746004,-3.9438777766285686,1.5379701571374285
2.958764993604725,-3.8698456242005905,0
-5.3793103448275845,11.813756478788713,22.872279972103108
-5.3793103448275845,12,0
-4.551724137931032,11.811929218530926,23.658555489436203
-4.551724137931032,12,0
-4.5,2.2500000000000004,0
-4.635608935451862,2.3728441965527898,18.069944726066783
3.7241379310344813,-11.811865991193155,28.641133771003098
3.7241379310344813,-12,0
4.551724137931032,-11.81277568513045,28.762767051001106
4.551724137931032,-12,0
3.2582287176544407,-3.975069346174255,2.994670075634062
3.2685478590733155,-3.9085684823841644,0
-3.7241379310344813,11.810900549487375,24.428587853023753
-3.7241379310344813,12,0
-2.896551724137929,11.810657876558643,25.15459738986388
-2.896551724137929,12,0
-4,3,0
-4.1044158988613555,3.1689484733235442,24.70334394152947
5.3793103448275845,-11.81402597868263,28.84340485683938
5.3793103448275845,-12,0
6.206896551724136,-11.816024141557252,28.86354186383222
6.206896551724136,-12,0
3.5331812476101168,-4.003984450889241,4.384766491197535
3.5420372502845625,-3.94275465628557,0
-2.0689655172413763,11.811011069269183,25.819963960538054
-2.0689655172413763,12,0
-1.2413793103448256,11.81154048633956,26.425567559695
-1.2413793103448256,12,0
-3.173311826203479,3.103336021724565,0
-3.2634871784220585,3.2709809481599788,9.235191712528264
7.0344827586206895,-11.818348385663606,28.846718521186222
7.0344827586206895,-12,0
7.862068965517242,-11.820850269880319,28.797376720111064
7.862068965517242,-12,0
8.689655172413794,-11.824750436863036,28.65991406490209
8.689655172413794,-12,0
-0.41379310344827314,11.811981535320584,26.9664414205497
-0.41379310344827314,12,0
-2.3466236524069615,3.20667204344913,0
-2.4225117687955335,3.370245089850041,1.070961578097495
9.517241379310345,-11.829014804687871,28.48749961675253
9.517241379310345,-12,0
10.344827586206897,-11.832304130767026,28.371058618004334
10.344827586206897,-12,0
11.172413793103448,-12,0
12,-12,0
11.172413793103448,-11.835593456846183,28.197589952437454
12,-11.835593456846183,28.243671897030094
0.41379310344827935,11.812349532837816,27.427586539283638
0.41379310344827935,12,0
-1.5200750379057117,3.309990620261786,0
-1.5825516362765104,3.4671774209003368,4.938955246583677
1.2413793103448327,11.812719002047587,27.81184279129056
1.2413793103448327,12,0
2.068965517241386,11.813161649092597,28.11911900911969
2.068965517241386,12,0
-0.7180278141884937,3.410246523226438,0
-0.7685269436592913,3.5591576582641973,7.35632424618355
11.172413793103473,11.844069012474751,27.68647917671887
11.999999999999998,11.844069012474744,27.735276081806077
11.172413793103473,12,0
12,12,0
2.8965517241379395,11.813745231986298,28.35844087179331
2.8965517241379395,12,0
0.01837025243824386,3.5022962815547802,0
-0.02187112920368426,3.641495872180048,8.413190508098138
3.724137931034493,11.814437115352128,28.536024529999644
3.724137931034493,12,0
4.551724137931046,11.815251664925379,28.6705093031144
4.551724137931046,12,0
5.3793103448276005,11.816299243144487,28.75706381824636
5.3793103448276005,12,0
6.206896551724153,11.817849440626004,28.794799568662192
6.206896551724153,12,0
7.0344827586207055,11.820748574840371,28.739475272975408
7.0344827586207055,12,0
7.86206896551726,11.825119107624781,28.586226690876277
7.86206896551726,12,0
8.689655172413815,11.830221096974118,28.373452159522508
8.689655172413815,12,0
9.517241379310367,11.83495857318661,28.165273144219515
9.517241379310367,12,0
10.344827586206918,11.839696049399103,27.94993946454653
10.344827586206918,12,0
0.6726437921196489,3.5840804740149563,0
0.640851865644288,3.7126736001547136,8.235694132151366
1.2502638663751464,3.656282983296893,0
1.2251923548475374,3.7739113910144284,6.694824841716811
1.7602112215653845,3.720026402695673,0
1.7403341509253523,3.826758503343519,4.021301674228782
2.1944705613929703,3.872498994926485,1.3162959578443871
2.210414198636716,3.7763017748295895,0
4.066165626537565,-3.541920993154436,0.1855821707252488
4,-3.541920993154436,0
2.5948724369589486,3.9122108268486895,0.8841410393331544
2.6078722945230908,3.8259840368153863,0
4.072640907468066,-3.2662621519829393,0.28265100293778644
4,-3.2662621519829393,0
2.9479641217023,3.94681355456671,1.1703260060264793
2.9587649936047242,3.8698456242005905,0
4.080642712497251,-2.9539597645050666,0.42915867438758876
4,-2.9539597645050666,0
3.2593721204521593,3.977332585101194,2.1239741208666776
3.2685478590733155,3.9085684823841644,0
4.089893484928725,-2.600143231008385,0.5563300652611427
4,-2.600143231008385,0
3.533995253539381,4.005031620281852,3.2413387583922493
3.5420372502845607,3.94275465628557,0
4.0996259586409645,-2.1992948837271413,0.566317572461945
4,-2.1992948837271413,0
4.108258848440553,-1.7451636587924746,0.47557660859476575
4,-1.7451636587924746,0
4.114144897064694,-1.230667822629914,0.3078024779789642
4,-1.230667822629914,0
4.116478571769722,-0.6477845242233196,0.11562990112231077
4,-0.6477845242233196,0
4.115389125187289,-1.7763568394002505E-15,0.0890727979249358
4,-1.7763568394002505E-15,0
4.1114130391728025,0.647784524223316,0.28914575706526374
4,0.647784524223316,0
4.105196308480297,1.2306678226299113,0.48394547242137154
4,1.2306678226299113,0
4.097666736008469,1.745163658792472,0.6368139368989545
4,1.745163658792472,0
4.089767542487394,2.1992948837271378,0.7341289621001966
4,2.1992948837271378,0
4.0621953329078675,3.541920993154436,0.11598289197270412
4,3.541920993154436,0
4.082325216898259,2.600143231008384,0.7616040858159386
4,2.600143231008384,0
4.067897433651932,3.2662621519829393,0.480756989885149
4,3.2662621519829393,0
4.074882891309126,2.953959764505065,0.6803869382370655
4,2.953959764505065,0
