% Model,9.mph
% Version,COMSOL 5.4.0.295
% Date,"Nov 2 2020, 19:29"
% Dimension,2
% Nodes,1620
% Expressions,1
% Description,등선
% x,y,IsoLevel
-1.780672882627863,6.321220221679257,100949.86345243287
-1.7057904340199799,6.334522572180442,100949.86345243287
-0.6892935663959996,6.36552095671449,100949.86345243287
-0.848577966854719,6.388700532057453,100949.86345243287
-2.985170131255777,-5.812572851766159,100949.86345243287
-0.2443897173969517,-6.124858478015238,100949.86345243287
-3.152632951577724,5.689239104158404,100949.86345243287
-3.1095549740153485,5.875466795985629,100949.86345243287
-0.05446616743811375,5.998607722905936,100949.86345243287
-0.08797174362532827,6.170944530776784,100949.86345243287
-2.9577581852363863,-5.910982854226946,100949.86345243287
-2.6040607364769155,-6.065237957395286,100949.86345243287
-1.7574966111644676,-6.293497409981174,100949.86345243287
-0.879154111284095,-6.351925591975698,100949.86345243287
-0.4914628324775624,-6.266200277700327,100949.86345243287
-2.607119376031309,6.104215978300669,100949.86345243287
-2.069520084716266,6.253998757749146,100949.86345243287
-0.903000498588647,6.385358034994846,100949.86345243287
-3.0079912203698242,-5.7161677286424695,100949.86345243287
-0.2629178380179465,-6.176995738602787,100949.86345243287
-0.2180080390076875,-5.994427236348963,100949.86345243287
-3.1409996292408464,5.744660110366713,100949.86345243287
-0.08239313729413127,6.154179986178134,100949.86345243287
-1.8839840619612414,-6.26132884577493,100949.86345243287
-0.9641991094876028,-6.3522926592915585,100949.86345243287
-0.3545193474204702,6.286856055250075,100949.86345243287
-3.802154654540707,-5.95560074340149,101009.27690481747
-3.5612999140060966,-6.076006294029156,101009.27690481747
-2.8303981372424323,-6.354346687023108,101009.27690481747
-2.0818477742510457,-6.569228978813779,101009.27690481747
-1.3086622514439348,-6.722114632783888,101009.27690481747
-0.4061067621545132,-6.7505764921090226,101009.27690481747
0.7542506477440166,-6.50195062326729,101009.27690481747
0.9368919297084688,-6.4426330729114065,101009.27690481747
-3.577793243280933,6.073010475073471,101009.27690481747
-3.2947880852843583,6.198530153681428,101009.27690481747
-2.157055757077282,6.575683297788784,101009.27690481747
-2.084582954637497,6.592549404989741,101009.27690481747
-1.2959965437813794,6.736272942728807,101009.27690481747
-1.2408814405892588,6.750792956098478,101009.27690481747
0.33446580784420116,6.694573480794869,101009.27690481747
-0.30923381400554506,6.779032912891942,101009.27690481747
-0.43529311900975753,6.797419197517078,101009.27690481747
1.1534281359234555,6.3329197390091965,101009.27690481747
0.992538664448783,6.457422988043412,101009.27690481747
-4.417020680572815,-5.532197928189231,101009.27690481747
1.1688240977961153,-5.953692310203524,101009.27690481747
1.17462806550129,-6.138837916884872,101009.27690481747
-4.443526664242794,5.369286639087847,101009.27690481747
-4.4457881951567035,5.5506313203059054,101009.27690481747
1.262187243682342,6.036487393512258,101009.27690481747
-4.417008954419384,-5.568338817163326,101009.27690481747
1.0323352478153942,-6.372320959524294,101009.27690481747
-4.292848358800307,5.6686585647638745,101009.27690481747
1.1823215722274936,6.25700414020946,101009.27690481747
-3.380861148439702,-6.1538100869120065,101009.27690481747
-2.3269759787883615,-6.513137355764207,101009.27690481747
-1.329768269018993,-6.720519325227898,101009.27690481747
-0.5291374223659617,-6.76674738292209,101009.27690481747
0.2684461268213563,-6.681995553171642,101009.27690481747
-3.8844421067656025,5.918061598761684,101009.27690481747
-2.859249461310469,6.363161058146621,101009.27690481747
-1.697319222288331,6.6613441359297205,101009.27690481747
-0.4630101796842024,6.795412498776573,101009.27690481747
0.6462548460770419,6.574036113898657,101009.27690481747
-4.414772956268787,-5.378263640208107,101009.27690481747
1.1684541355342137,-6.071378221679577,101009.27690481747
-4.445410626717598,5.5082713522480855,101009.27690481747
1.2698531766666596,6.117569273300333,101009.27690481747
1.2618003802479523,5.946516302175872,101009.27690481747
-4.295498680774513,-5.661721307039669,101009.27690481747
1.051256384530683,-6.32524253002923,101009.27690481747
-4.849924029223789,-5.660050414482951,101068.69035720207
-4.479495094310003,-5.896026516004809,101068.69035720207
-3.8014216477220746,-6.258993782414272,101068.69035720207
-3.4268736372321635,-6.420495972597004,101068.69035720207
-3.1004385363964877,-6.574761871532388,101068.69035720207
-2.4205725043838706,-6.820164962485471,101068.69035720207
-1.6627666274352455,-7.037986883219007,101068.69035720207
-0.8664720786677824,-7.171950978059258,101068.69035720207
0.12527871913726546,-7.224618575066898,101068.69035720207
1.1345986824584515,-7.009029444898076,101068.69035720207
1.9969634844556898,-6.562065333399508,101068.69035720207
1.420128112962429,-6.930637632844926,101068.69035720207
-4.499747827281796,5.881527721269867,101068.69035720207
-4.0273853602769965,6.148176123168392,101068.69035720207
-3.845457975573005,6.240103559356771,101068.69035720207
-3.1479571685853047,6.573185452790938,101068.69035720207
-2.9268505098912003,6.682721908379982,101068.69035720207
-1.9621160812991991,6.981750787385378,101068.69035720207
-1.0137160060234907,7.210694316407672,101068.69035720207
-0.09043849272271061,7.2746934423216185,101068.69035720207
0.7612437214484075,7.176669858405067,101068.69035720207
2.364630492371303,6.2049094386523835,101068.69035720207
2.06296823637386,6.599258756187274,101068.69035720207
1.4790497752009157,6.960736341232874,101068.69035720207
-5.310756073661036,-5.214263807842441,101068.69035720207
2.2589445347526595,-5.839786777160369,101068.69035720207
2.2844969728969007,-6.02338258093014,101068.69035720207
-5.32391854185251,5.071491142409706,101068.69035720207
-5.344692019649324,5.247530288879272,101068.69035720207
2.3796259284247445,5.85842224726604,101068.69035720207
-5.316337262721055,-5.268810476564821,101068.69035720207
2.22567740766548,-6.255496255123662,101068.69035720207
-5.144351476732526,5.445729057274017,101068.69035720207
2.3872585279237,6.044016924307282,101068.69035720207
-4.0519495904516525,-6.133752507008956,101068.69035720207
-2.9801124085538104,-6.62924675538002,101068.69035720207
-2.0295291978769536,-6.956725694319609,101068.69035720207
-1.071486313084217,-7.161364725967353,101068.69035720207
-0.1348274103481318,-7.256257211497375,101068.69035720207
0.7488845908094276,-7.136620753391866,101068.69035720207
1.7729117206381821,-6.715512931397098,101068.69035720207
-4.913563217341237,5.619823955509346,101068.69035720207
-3.6196875345585644,6.340238247345929,101068.69035720207
-2.407518307820353,6.85681851842534,101068.69035720207
-1.6896340910408834,7.032624439679967,101068.69035720207
-0.8244915108882711,7.221548439526455,101068.69035720207
0.06730703965078452,7.251685586959686,101068.69035720207
0.996001447001102,7.0976883421286825,101068.69035720207
2.0802116213350814,6.585905957862379,101068.69035720207
-5.294985238243536,-5.08268696883231,101068.69035720207
2.264865360856056,-5.902564027169501,101068.69035720207
-5.337941852229962,5.188382395850031,101068.69035720207
2.4034526774441796,5.99313865608225,101068.69035720207
2.376324984068424,5.824488972144062,101068.69035720207
-5.146088456172034,-5.437247603959334,101068.69035720207
2.2541783188925817,-6.116352304840802,101068.69035720207
-5.612887325001814,-5.385733121514395,101128.10380958667
-5.326216040357121,-5.622436735111679,101128.10380958667
-4.701200500492937,-6.043865061128071,101128.10380958667
-4.567762787468978,-6.118059766205492,101128.10380958667
-4.040801356624835,-6.446291986434564,101128.10380958667
-3.368069866418373,-6.7947942702388175,101128.10380958667
-2.762400269686544,-7.0634958073630365,101128.10380958667
-2.6076957065197335,-7.117521967669571,101128.10380958667
-2.015442786059401,-7.374954807944688,101128.10380958667
-1.2061546997237769,-7.658028780576945,101128.10380958667
-0.26075053216237204,-7.831664648343748,101128.10380958667
0.6505194806277226,-7.837930340965746,101128.10380958667
1.6272927203627514,-7.655654420399641,101128.10380958667
2.6325324883947943,-7.113014444877107,101128.10380958667
1.9822948114419383,-7.540425649204905,101128.10380958667
2.8370237721218787,-6.89414302872774,101128.10380958667
3.438595858895823,-6.047484707914576,101128.10380958667
3.244402229034878,-6.45849504426773,101128.10380958667
3.1386191348334593,-6.619874106596302,101128.10380958667
-5.349474571371472,5.60214987503634,101128.10380958667
-4.820728280789865,5.967378916956427,101128.10380958667
-4.751858910989034,6.010933056931363,101128.10380958667
-4.126282290570527,6.400641593346334,101128.10380958667
-3.8045110433962437,6.597224698630548,101128.10380958667
-2.778625185470403,7.104876449004827,101128.10380958667
-2.7321984014800633,7.120440178108849,101128.10380958667
-2.0457992522896173,7.390468111224781,101128.10380958667
-1.7589261079633398,7.494429965351811,101128.10380958667
-0.6439152407406896,7.8269487881699416,101128.10380958667
0.3476257242425529,7.9195264793457145,101128.10380958667
1.2581706476630448,7.8460531120503205,101128.10380958667
2.0233112936191553,7.615712460354788,101128.10380958667
3.5374194766871065,5.9978097921036,101128.10380958667
3.3792756448077252,6.3729655157353085,101128.10380958667
2.7201788063044576,7.110778477381522,101128.10380958667
2.665675016482629,7.1790819284358065,101128.10380958667
-5.992082270411177,-4.973191282313341,101128.10380958667
3.4052152407306435,-5.640635493082804,101128.10380958667
3.4518594483818092,-5.819153678461304,101128.10380958667
-5.982394788884964,4.801659714587283,101128.10380958667
-6.0231367349151075,4.97086166435536,101128.10380958667
3.556142002106587,5.752122974475448,101128.10380958667
-5.996961256740841,-4.995062231764946,101128.10380958667
3.4483395841501876,-5.880620425894282,101128.10380958667
-5.937622001191384,5.08644169983549,101128.10380958667
3.537476028670818,5.986139805413936,101128.10380958667
-4.840791544823322,-5.9549407160141685,101128.10380958667
-3.771475062369622,-6.604154032625549,101128.10380958667
-2.8121452967442537,-7.046522520368681,101128.10380958667
-1.7520071143815374,-7.500238909870218,101128.10380958667
-0.6339499108999049,-7.789780105373838,101128.10380958667
0.3137082002078022,-7.888982899659089,101128.10380958667
1.2520212229975403,-7.810168053864452,101128.10380958667
2.414916846313504,-7.2284411047748875,101128.10380958667
3.3917892949979693,-6.134351168969088,101128.10380958667
-5.674537148883788,5.338282013152128,101128.10380958667
-4.684207391142907,6.049122309704472,101128.10380958667
-3.4433081609868577,6.7755918509811295,101128.10380958667
-2.6216368591019004,7.1514519322639885,101128.10380958667
-1.208947512805058,7.654200000179996,101128.10380958667
-0.334012213790909,7.857517428882877,101128.10380958667
0.4945541855243941,7.901531341002682,101128.10380958667
1.4397298795710491,7.776821631020483,101128.10380958667
2.6048673088599554,7.207529516677665,101128.10380958667
3.5244027126015993,6.0315576197729,101128.10380958667
3.2085970398470405,6.670160689885883,101128.10380958667
-5.955230444383573,-4.81454661827013,101128.10380958667
3.450602411607874,-5.814852716105071,101128.10380958667
-6.016448564953005,4.942731355014051,101128.10380958667
3.5634136981519213,5.778760201974984,101128.10380958667
3.522154631809435,5.6118488909790045,101128.10380958667
-5.9357038811919915,-5.076630970602245,101128.10380958667
-6.214116454119256,-5.131319039730533,101187.51726197127
-6.097165179007249,-5.258041428291126,101187.51726197127
-5.527198134706172,-5.7453137900748406,101187.51726197127
-5.302865407746848,-5.898976255498349,101187.51726197127
-4.937633763665248,-6.192458296071525,101187.51726197127
-4.279848104920073,-6.635524490320812,101187.51726197127
-3.6619119484904896,-6.997719597705797,101187.51726197127
-3.636192398704665,-7.017995810451468,101187.51726197127
-3.061314747480497,-7.36563786309094,101187.51726197127
-2.369412431376058,-7.748476512977342,101187.51726197127
-1.7691207756688683,-8.033961772052773,101187.51726197127
-1.5192383118401604,-8.197018671785518,101187.51726197127
-0.6648799451440217,-8.564996074920469,101187.51726197127
0.23421048357416352,-8.869928568819262,101187.51726197127
1.0244650794078543,-8.946075321762239,101187.51726197127
1.9025698189323883,-8.970099631954698,101187.51726197127
3.059488212572904,-8.417413563265658,101187.51726197127
3.457959890890134,-8.271551112356669,101187.51726197127
4.503859627895144,-6.61092836444381,101187.51726197127
4.146480710083599,-7.305965541543243,101187.51726197127
3.64725126489446,-8.05951434431011,101187.51726197127
-6.113888253039605,5.245770475671013,101187.51726197127
4.661949380869526,-6.012265091601276,101187.51726197127
-5.685403616612058,5.615796724904248,101187.51726197127
-5.579646900764284,5.701644190657488,101187.51726197127
-5.0315565688272255,6.1176207355082255,101187.51726197127
-4.721368783435766,6.363703360287982,101187.51726197127
-4.411077080389912,6.559201854732472,101187.51726197127
-3.7465667725613425,6.98378117818953,101187.51726197127
-3.6529696293778313,7.0530180277521435,101187.51726197127
-2.614856246455383,7.7042197033618525,101187.51726197127
-2.365849500485754,7.807576344631937,101187.51726197127
-1.6152013734801511,8.121255049047921,101187.51726197127
-1.488760141903362,8.207113542769047,101187.51726197127
-0.10587792286438177,8.871386074729491,101187.51726197127
0.11413634641112434,8.918111677907854,101187.51726197127
0.9165050318092828,9.093736758636402,101187.51726197127
1.8613455064057127,9.073200601948558,101187.51726197127
1.8788635927327382,9.071424993630679,101187.51726197127
3.01260799712222,8.67027081142733,101187.51726197127
1.9210582890396484,9.046869182009239,101187.51726197127
4.792530048476705,5.974640807200087,101187.51726197127
4.476195898907054,6.680503102049875,101187.51726197127
4.458190688819003,6.710815174809697,101187.51726197127
3.9381013273402963,7.669536354812375,101187.51726197127
4.787419986619584,6.027945160638807,101187.51726197127
4.778640034855574,6.075520555204291,101187.51726197127
-6.472655044708463,-4.6010120821780225,101187.51726197127
-6.4962300815833,4.557893900260484,101187.51726197127
-6.535910444969135,4.724489075695053,101187.51726197127
4.686835467871057,-5.293324802479118,101187.51726197127
4.738172052441598,-5.466994821537056,101187.51726197127
4.790067331271425,5.3161634434950695,101187.51726197127
-6.366638433062855,-4.936495515850656,101187.51726197127
-6.265373848995859,5.080479657340123,101187.51726197127
4.740039112382323,-5.6948468057664545,101187.51726197127
4.8274669178622505,5.507924902218628,101187.51726197127
-5.846630004260495,-5.481559860498816,101187.51726197127
-4.609013238278903,-6.4304950589043735,101187.51726197127
-3.618212090330939,-7.0292262294985965,101187.51726197127
-2.5816262713313547,-7.656234145437949,101187.51726197127
-1.3431196794476248,-8.296863475931257,101187.51726197127
-0.10742900048490825,-8.82430139503506,101187.51726197127
0.9165447836512173,-8.94973069757249,101187.51726197127
1.833833492644841,-8.998933704120693,101187.51726197127
2.6621786253450845,-8.705775406825172,101187.51726197127
4.40200807671044,-6.751670319392728,101187.51726197127
3.843478210530036,-7.696545127482788,101187.51726197127
4.640826585951387,-6.098913657254842,101187.51726197127
-5.509189239417067,5.750312492654403,101187.51726197127
-3.8376505437998802,6.909531382945985,101187.51726197127
-3.0574473114497733,7.429843458845369,101187.51726197127
-1.75829736701838,8.027751176341745,101187.51726197127
-0.8172658129109769,8.562511802561406,101187.51726197127
0.5700826287080267,8.95904060520045,101187.51726197127
1.846914733961317,9.067588359649582,101187.51726197127
3.181667404048288,8.583435107749,101187.51726197127
4.851542718169818,5.637925106836109,101187.51726197127
4.598181571319593,6.425658670456768,101187.51726197127
4.0310379464699135,7.555357915360411,101187.51726197127
-6.506075384426035,-4.750824873448707,101187.51726197127
-6.465973357330409,-4.5722478616875835,101187.51726197127
-6.5009587906036215,4.577483115191148,101187.51726197127
4.707695316773,-5.366372012551414,101187.51726197127
4.829142708821914,5.428790447038855,101187.51726197127
4.776741241261271,5.265255912024275,101187.51726197127
-6.441602613329659,4.851953689713029,101187.51726197127
4.735219301772316,-5.579941569411769,101187.51726197127
-6.701160039447106,-4.894681131522922,101246.93071435587
-5.915168129239348,-5.677263732840963,101246.93071435587
-5.733192850911798,-5.872617887983635,101246.93071435587
-5.177102995930082,-6.341207101168205,101246.93071435587
-4.628035461424517,-6.7389249805875195,101246.93071435587
-4.529062591076213,-6.833985323253191,101246.93071435587
-3.917217655434225,-7.324443220114333,101246.93071435587
-3.3555890267220456,-7.674139154181487,101246.93071435587
-3.260467459146328,-7.731763998810712,101246.93071435587
-2.728589674512176,-8.21367004554438,101246.93071435587
0.3307140143109276,-11.524918363687096,101246.93071435587
-1.9124250779348397,-8.840906949245774,101246.93071435587
-1.193325366024454,-9.450057626750933,101246.93071435587
-1.6986038253172047,-8.962126043442586,101246.93071435587
-0.5497195648208685,-10.000158328976582,101246.93071435587
-0.013426150333639086,-10.704171033453175,101246.93071435587
0.2420926728744068,-11.183695691362207,101246.93071435587
-0.6119874690472803,-9.939101271898641,101246.93071435587
5.86298647298142,-11.221881081500214,101246.93071435587
5.863392177000654,-11.199786198944617,101246.93071435587
5.880478005275835,-10.61715653553571,101246.93071435587
5.884420758347176,-9.903673968890683,101246.93071435587
5.871136199093558,-9.820198358612016,101246.93071435587
-6.313758000884033,5.326580257499868,101246.93071435587
6.09239174028147,-8.39944779534261,101246.93071435587
-5.827356997642036,5.792280553051771,101246.93071435587
6.400989399145168,-6.37404527955924,101246.93071435587
6.186406871604609,-6.933178799624072,101246.93071435587
6.121922755854115,-7.103230954267858,101246.93071435587
6.122903252527298,-8.147205294818729,101246.93071435587
6.114852160971289,-8.238223900165568,101246.93071435587
-5.5948205524582555,6.006093638390677,101246.93071435587
6.311970187436036,-5.3488201377167925,101246.93071435587
6.331410556609308,-5.4566149900877985,101246.93071435587
6.527013104020893,-5.9914193966814,101246.93071435587
6.541984284138461,-6.107463136350679,101246.93071435587
-5.313953912187005,6.222085211971457,101246.93071435587
-4.701505269598601,6.718900518585166,101246.93071435587
-4.65585252430186,6.762708327476109,101246.93071435587
-3.4088565304370824,7.727716426068347,101246.93071435587
-3.382758143189635,7.744230561188544,101246.93071435587
-2.741664344474751,8.271729241095894,101246.93071435587
-2.4823664436866792,8.525623155753033,101246.93071435587
-0.9314919291032351,9.807825367948144,101246.93071435587
-1.3671891476053517,9.389693072498968,101246.93071435587
-2.0891514521924757,8.782563434804324,101246.93071435587
0.2043245276355557,11.608685523570658,101246.93071435587
0.03443783602906365,11.167969473696374,101246.93071435587
0.02286415625477417,11.152895402038013,101246.93071435587
-0.3288536156046603,10.515550244041487,101246.93071435587
-0.7748159244217355,9.91858264634095,101246.93071435587
6.200317659918091,5.116864625977421,101246.93071435587
6.184596509919019,5.497319643750824,101246.93071435587
6.2227594635107275,6.05937153558794,101246.93071435587
6.1394324360434105,6.911935139057508,101246.93071435587
6.017066816805214,10.70717968716703,101246.93071435587
5.982594551836141,10.980564160688509,101246.93071435587
6.044601316340765,8.047284605885947,101246.93071435587
5.998346700073059,9.233921934019971,101246.93071435587
5.999720542865917,9.105048637680515,101246.93071435587
6.0818692618445365,9.951486563761764,101246.93071435587
5.928607526521707,11.60360847767093,101246.93071435587
5.956532571209236,11.220417920338566,101246.93071435587
-6.884568572773112,-4.48553792596466,101246.93071435587
0.41110279542347106,-11.820198502605061,101246.93071435587
0.4237038687902752,-12,101246.93071435587
5.83668579966099,-11.815518019542363,101246.93071435587
5.842975483255139,-12,101246.93071435587
-6.866427193042794,4.351662119918741,101246.93071435587
-6.926516393591076,4.5107697734099395,101246.93071435587
6.277340623074329,-4.661736061083634,101246.93071435587
6.3382257155761295,-4.828203707869638,101246.93071435587
0.25506460334035813,11.856404285340648,101246.93071435587
6.204925499620595,4.802028253161517,101246.93071435587
5.920126940581335,11.882278522224015,101246.93071435587
-6.903571092212477,-4.537146592486841,101246.93071435587
0.4109176084478745,-11.819451767728518,101246.93071435587
5.844988884039014,-11.594160948276173,101246.93071435587
-6.794856393121708,4.794575519467333,101246.93071435587
6.337525398163266,-5.064386106561843,101246.93071435587
0.2173267810088056,11.659549407491282,101246.93071435587
6.202219963070447,5.053696341692213,101246.93071435587
5.9247755533917825,11.677341533198366,101246.93071435587
-6.2761051146014974,-5.3552487935197,101246.93071435587
-5.528551546909302,-6.058800470830274,101246.93071435587
-4.436394023248591,-6.915146378840262,101246.93071435587
-3.408956764112388,-7.641900667237524,101246.93071435587
-2.0703420148216662,-8.737860718031612,101246.93071435587
0.3618979736673095,-11.60452456109873,101246.93071435587
-0.672171343745877,-9.9030287651951,101246.93071435587
-0.2583896724045899,-10.396217269168998,101246.93071435587
0.11721086654095336,-11.002486600475457,101246.93071435587
5.862815855845127,-11.176274051526462,101246.93071435587
5.881708538092855,-9.923140387505061,101246.93071435587
-6.760508616741061,4.839116255271158,101246.93071435587
5.785450114424688,-9.16121123510173,101246.93071435587
-6.082992485788144,5.52586231044635,101246.93071435587
6.094048964976207,-7.927607732844108,101246.93071435587
6.436238751915097,-5.776759942858017,101246.93071435587
-4.752223364563321,6.667725350263026,101246.93071435587
-4.091700706822628,7.222594390212874,101246.93071435587
-3.3230505163554898,7.781245213574154,101246.93071435587
-1.5717952801861863,9.133868314485216,101246.93071435587
0.04389807165734305,11.203058152233577,101246.93071435587
-0.22371422083250941,10.623217095991066,101246.93071435587
-0.6766145001708408,10.005920817072981,101246.93071435587
6.139553288845656,5.258272491907941,101246.93071435587
6.239677154986438,5.967137490592905,101246.93071435587
6.175658195653102,6.790380969292239,101246.93071435587
6.043675142670821,10.510080694276505,101246.93071435587
6.081035930498154,7.921093485520286,101246.93071435587
6.0123344346381,9.044796835220955,101246.93071435587
5.956161928016538,11.374771570228246,101246.93071435587
-6.839465466854973,-4.367324984770551,101246.93071435587
0.41379310344827314,-11.872251297825322,101246.93071435587
5.83906204632965,-11.89775399012462,101246.93071435587
-6.906165051964489,4.455413524220234,101246.93071435587
6.298579027865912,-4.734010163269678,101246.93071435587
0.2635640496769457,12,101246.93071435587
0.25277142462734015,11.82217543899808,101246.93071435587
6.236114779686185,4.871057266880273,101246.93071435587
6.184750514790361,4.70566125488949,101246.93071435587
5.924386974059834,12,101246.93071435587
5.9179898854583435,11.819820725784842,101246.93071435587
-6.789487657890925,-4.7818560947621185,101246.93071435587
5.8390138557907605,-11.692838383739709,101246.93071435587
6.339912349177368,-4.95158957084195,101246.93071435587
12,-5.830794284658375,101306.34416674047
10.809843291710166,-4.281787461060963,101306.34416674047
11.999999999999998,-2.559188030140004,101306.34416674047
11.040499954005217,3.37761708299404,101306.34416674047
10.953454167227086,4.305390396811366,101306.34416674047
11.0708817137254,5.963753801774377,101306.34416674047
-7.066183610400173,-4.690789607625278,101306.34416674047
-6.463442768566078,-5.44183621537655,101306.34416674047
-6.456174022999182,-5.4528937272731,101306.34416674047
-5.9436029945332285,-6.003821599179127,101306.34416674047
-5.463268255835102,-6.44082996715108,101306.34416674047
-5.419423827226849,-6.504643917318139,101306.34416674047
-4.82839931939091,-7.077937547633383,101306.34416674047
-4.21072787084158,-7.618907025693199,101306.34416674047
-4.200424982173135,-7.633495883315804,101306.34416674047
-3.6735831471793814,-8.206880377534713,101306.34416674047
-1.5783797706740113,-11.603185940332587,101306.34416674047
-1.6614969111606888,-11.213907057853856,101306.34416674047
-3.126956428273746,-8.698062333317829,101306.34416674047
-1.7436021392094885,-10.956207497038859,101306.34416674047
-3.087005715694186,-8.773416291133202,101306.34416674047
-2.3722868901405065,-9.715792515170847,101306.34416674047
-1.8178873914693483,-10.687558934271491,101306.34416674047
-2.1679235364467506,-9.94153939509809,101306.34416674047
-6.971421637012012,4.861446658845204,101306.34416674047
-6.520476985186774,5.406890915164698,101306.34416674047
10.742417716938611,-11.645750852066996,101306.34416674047
10.739921680757652,-11.297050200478088,101306.34416674047
-6.427065268897427,5.51738264216394,101306.34416674047
10.747695937909167,-11.129492006776335,101306.34416674047
-6.077508443909804,5.881683841810782,101306.34416674047
-5.5974713726179655,6.329650665113622,101306.34416674047
10.748883824013346,-10.743409740849131,101306.34416674047
10.489168103717223,-9.727105507264168,101306.34416674047
-5.580185448219194,6.349886200845735,101306.34416674047
9.775142227014769,-8.240914705051024,101306.34416674047
9.587339064032497,-7.946310646790162,101306.34416674047
10.418216910969868,-9.442193654696206,101306.34416674047
-4.520292030120114,7.393374691836951,101306.34416674047
9.343627376269232,-6.351682609080519,101306.34416674047
9.362308616727008,-6.192241166335419,101306.34416674047
-4.436834641083914,7.461407602236218,101306.34416674047
-3.7260415309659978,8.262058222322713,101306.34416674047
9.557943036150586,-5.872036108269227,101306.34416674047
9.875910692868697,-6.106640730676553,101306.34416674047
10.671138716335939,-6.185745698388946,101306.34416674047
-1.771628277325683,11.339050190460362,101306.34416674047
-3.172247326810957,8.79514709533723,101306.34416674047
-1.7910488071412036,11.209935000765915,101306.34416674047
10.660681106164523,-4.287821979388108,101306.34416674047
10.667340452820644,-4.1747102432856735,101306.34416674047
10.73484114202489,-4.35713171089462,101306.34416674047
-1.9318026698669035,10.730385763860468,101306.34416674047
-2.4518149934956557,9.760574493331577,101306.34416674047
-2.0128458476015503,10.562294146457331,101306.34416674047
9.738293212812561,-2.4332494187723066,101306.34416674047
9.840072768392366,-2.5688372325559206,101306.34416674047
10.828246816877733,-3.892186962266492,101306.34416674047
10.789579571313988,-4.223478607251917,101306.34416674047
10.291102909553365,-2.7961105869321514,101306.34416674047
10.965951872981094,-2.945295525411159,101306.34416674047
9.54047405699523,2.510226441842087,101306.34416674047
9.790127222643195,2.733609653695228,101306.34416674047
10.191519591417673,3.13103450744437,101306.34416674047
10.92476156098625,3.3874821252497966,101306.34416674047
10.590573855549804,4.432875428833572,101306.34416674047
10.739524000534637,4.662261495643795,101306.34416674047
11.150819114165671,4.674416412680445,101306.34416674047
9.853375400950894,6.569350463705087,101306.34416674047
9.71404882769321,8.085358537447025,101306.34416674047
10.188079771074097,9.22192352601366,101306.34416674047
10.511130329802668,10.36863737429036,101306.34416674047
10.65423822611818,11.195873334534674,101306.34416674047
10.622240135851598,10.610176748864767,101306.34416674047
10.656323690297093,11.286875990293414,101306.34416674047
-7.187269230476543,-4.208036997781031,101306.34416674047
-1.5407278961001691,-11.819714106035114,101306.34416674047
-1.5321349304075444,-12,101306.34416674047
-7.209009518503073,4.152646347933865,101306.34416674047
-7.267363838173765,4.310350041019115,101306.34416674047
10.728150593440304,-11.838928961440285,101306.34416674047
10.730522419030322,-12,101306.34416674047
9.348135024759337,-2.0973324424008006,101306.34416674047
9.474667236957492,-2.1797007033857767,101306.34416674047
-1.6628382380921027,11.911774814259736,101306.34416674047
9.378016885448535,2.337300274382672,101306.34416674047
10.68728552217822,11.930378476203714,101306.34416674047
-7.16245643972699,-4.49959588487026,101306.34416674047
-7.102808122413934,4.640494918068153,101306.34416674047
-1.6828040080585915,11.718642741618083,101306.34416674047
9.606612531456946,-2.316016519646096,101306.34416674047
9.535876174329683,2.50813186661353,101306.34416674047
10.677023706775454,11.749588978939478,101306.34416674047
10.965471468396757,-5.934855599357386,101306.34416674047
11.887128195490234,-2.5898053605693283,101306.34416674047
12,2.9498346008185594,101306.34416674047
12,5.6920424874476865,101306.34416674047
-6.954692830330757,-4.886987442597264,101306.34416674047
-6.444049077454548,-5.466582570767908,101306.34416674047
-5.356578385980638,-6.570638093932995,101306.34416674047
-4.188859170496208,-7.647757574963216,101306.34416674047
-1.6506137730716222,-11.292877742653658,101306.34416674047
-2.9123022660779734,-9.00838896903916,101306.34416674047
-1.890902932355988,-10.562173327234976,101306.34416674047
-6.591487730452058,5.300276843472121,101306.34416674047
10.73531240625407,-11.383600287750108,101306.34416674047
-5.617465820574581,6.30468477228845,101306.34416674047
10.674475613662699,-10.51761337641057,101306.34416674047
-5.045472170967736,6.88941833403136,101306.34416674047
10.061060536855386,-8.819823216061746,101306.34416674047
9.252287921123683,-6.686498900486418,101306.34416674047
-4.327555694555068,7.542244791533158,101306.34416674047
-3.181571658573559,8.779423138062898,101306.34416674047
-1.8661003899207582,10.98559729390105,101306.34416674047
-1.7018737644474111,11.60239156386114,101306.34416674047
-2.64711825505404,9.414251517311301,101306.34416674047
-2.206204975859245,10.069637473984686,101306.34416674047
10.1935559259882,-2.7635112534487485,101306.34416674047
9.555424574862958,2.524806120701578,101306.34416674047
10.124110654216464,3.0282067614555794,101306.34416674047
10.487187465674094,4.142609499782295,101306.34416674047
10.715857235559616,6.475326103558107,101306.34416674047
9.693470740685015,8.14514989123547,101306.34416674047
10.27304552903746,9.510000445929467,101306.34416674047
10.645350615841025,11.05647077115627,101306.34416674047
10.688147952820959,11.627444321010048,101306.34416674047
-7.2363004420670345,-4.3412001531313775,101306.34416674047
-7.173914263125104,-4.173034309207205,101306.34416674047
-1.5375163970008447,-11.884655767079938,101306.34416674047
-7.218372124306789,4.177091135006341,101306.34416674047
10.7299923787005,-11.925742091935529,101306.34416674047
9.428081926281154,-2.159031466885834,101306.34416674047
-1.6589049030821612,12,101306.34416674047
-1.6670122555025777,11.819340824096109,101306.34416674047
9.398000790714427,2.34620646299018,101306.34416674047
9.260902499319357,2.2442648426182243,101306.34416674047
10.688457252338397,12,101306.34416674047
10.683368660145637,11.830645696548068,101306.34416674047
-1.5641547587244897,-11.688186497944919,101306.34416674047
-7.214452962487693,4.42440450323317,101306.34416674047
10.726438661528627,-11.750635795719504,101306.34416674047
9.565299518689532,-2.2972261182786102,101306.34416674047
-7.387442693458543,-4.498643113812017,101365.75761912507
-6.887514709217479,-5.229044138196878,101365.75761912507
-6.668069025047998,-5.562873853519631,101365.75761912507
-6.15401313815466,-6.135025310374619,101365.75761912507
-6.011960771988546,-6.264264500679824,101365.75761912507
-5.6777764819485625,-6.750657420103389,101365.75761912507
-2.904876775656977,-11.585163971067189,101365.75761912507
-5.127736047705608,-7.321889772013574,101365.75761912507
-5.044671574537858,-7.394639362107801,101365.75761912507
-4.578087063411229,-8.055321547540613,101365.75761912507
-3.412485214468609,-9.804014129068433,101365.75761912507
-3.454271085239986,-9.722184978033221,101365.75761912507
-2.9572361595776737,-11.177285771823506,101365.75761912507
-3.0851596926596225,-10.64392469965432,101365.75761912507
-3.9943893100302073,-8.76620576686525,101365.75761912507
-3.930824110441422,-8.823323499998146,101365.75761912507
-7.150350349374089,4.913451300750053,101365.75761912507
-6.741469074265943,5.486161449374462,101365.75761912507
-6.359985226317038,5.937398305483882,101365.75761912507
-6.327659890177573,5.971087130569792,101365.75761912507
-5.900306257507414,6.490695244932796,101365.75761912507
-5.567623124310017,6.880146296203499,101365.75761912507
-5.389439072336873,7.059936149477553,101365.75761912507
-4.808032241431784,7.85700704791542,101365.75761912507
-3.002600318668147,11.597118718457635,101365.75761912507
-4.091093527071294,8.764641321934308,101365.75761912507
-3.0635194610428353,11.181080038094244,101365.75761912507
-3.1090456779681506,11.007951854437124,101365.75761912507
-3.378518370362883,10.089178086088197,101365.75761912507
-3.4346337292099034,9.893334905397849,101365.75761912507
-4.056890235709156,8.802294037249462,101365.75761912507
-4.070188222028827,8.789658055130637,101365.75761912507
-7.511822713097371,-4.142780212976609,101365.75761912507
-2.874641861641995,-11.815883206968335,101365.75761912507
-2.8671774565574832,-12,101365.75761912507
-7.461177850221441,3.9861363610122544,101365.75761912507
-7.541756759445795,4.1340616523443,101365.75761912507
-2.9750024263083064,11.834347956737028,101365.75761912507
-7.522019287759081,-4.1617256740286805,101365.75761912507
-2.903248786013262,-11.59474117294952,101365.75761912507
-2.903071408574127,-11.596506553202548,101365.75761912507
-2.8754424831496745,-11.81032618184207,101365.75761912507
-7.50912586312963,4.289486181861092,101365.75761912507
-2.9998081362748295,11.62467524850748,101365.75761912507
-7.124473128731125,-4.961408368758856,101365.75761912507
-6.3020131566630315,-5.976144286300782,101365.75761912507
-5.198765582918139,-7.253668127709183,101365.75761912507
-4.054308853171134,-8.701187443920384,101365.75761912507
-3.407996883901647,-9.818821806546074,101365.75761912507
-3.0400045836713048,-10.853787485766592,101365.75761912507
-7.427908627219015,4.446683470943872,101365.75761912507
-7.031469659049216,5.050760538970433,101365.75761912507
-6.285117358106233,6.010204224808993,101365.75761912507
-5.1601447411941095,7.279964149397115,101365.75761912507
-3.032174023383024,11.423216006058645,101365.75761912507
-3.197630658847136,10.589150870793922,101365.75761912507
-3.9736001408808685,8.942749131061932,101365.75761912507
-7.436551444076411,-4.003805737376754,101365.75761912507
-2.867448549925882,-11.993618497267244,101365.75761912507
-7.528701089999625,4.11002351369015,101365.75761912507
-2.9690288811828363,12,101365.75761912507
-2.97553141638576,11.816904933544496,101365.75761912507
-7.498959615814414,-4.277175274085172,101365.75761912507
-2.8965517241379395,-11.65096262429681,101365.75761912507
-6.8799640270968165,-5.672853979766162,101425.17107150967
-6.5296896323437785,-6.068307415195059,101425.17107150967
-7.296350071063758,-5.03688721190223,101425.17107150967
-7.302407591215926,-5.016571950839579,101425.17107150967
-7.6672479605577655,-4.320859510398796,101425.17107150967
-6.42141025814613,-6.289131608151962,101425.17107150967
-4.058322261249389,-11.244428946601355,101425.17107150967
-5.936129136670277,-6.996670922888636,101425.17107150967
-5.7660604501449395,-7.1752605343648135,101425.17107150967
-5.041318087120948,-8.381038579937783,101425.17107150967
-4.390770895891896,-9.799695430531635,101425.17107150967
-4.18644607992177,-10.51409343940861,101425.17107150967
-4.070355894465459,-11.141237458857134,101425.17107150967
-4.616328354718569,-9.289235369069157,101425.17107150967
-7.660787499182607,4.375226338427523,101425.17107150967
-7.339280518940672,4.97411722486073,101425.17107150967
-7.221515519455596,5.176493104102558,101425.17107150967
-6.962461163345112,5.565431983584227,101425.17107150967
-6.607577817049034,6.100354715978815,101425.17107150967
-6.407307779871676,6.396808935900628,101425.17107150967
-6.203141142396862,6.651739824751969,101425.17107150967
-5.76911484410658,7.324456530348612,101425.17107150967
-4.150378203388743,11.184605944453951,101425.17107150967
-4.1543784027437365,11.142124076295044,101425.17107150967
-5.270748240594926,8.14453966980966,101425.17107150967
-4.255537066817373,10.54229321686495,101425.17107150967
-4.328551924111634,10.293932751280071,101425.17107150967
-4.651552299416553,9.434239248325074,101425.17107150967
-5.184705679389224,8.285546447324208,101425.17107150967
-7.694477351390045,-3.9403448927582643,101425.17107150967
-3.992944770743847,-11.813118574233982,101425.17107150967
-3.9876743972957773,-12,101425.17107150967
-7.673060416425121,3.8341099775764915,101425.17107150967
-7.752853194997778,3.980757842849829,101425.17107150967
-4.076110268413818,11.894254114138054,101425.17107150967
-7.67864740417295,-4.273216234436285,101425.17107150967
-4.0129021813366075,-11.588818390040029,101425.17107150967
-7.689347574863787,4.275010223431436,101425.17107150967
-4.090042986753975,11.692561557211832,101425.17107150967
-7.275319126594442,-5.071423695018521,101425.17107150967
-7.649009524099901,-4.3886420010676845,101425.17107150967
-6.117936703925329,-6.73205670837873,101425.17107150967
-5.457586917942475,-7.828889095930219,101425.17107150967
-4.934167554421742,-8.667839694572807,101425.17107150967
-4.331941562781943,-10.041258626149967,101425.17107150967
-4.094646418564748,-11.042755481023125,101425.17107150967
-7.382626685945383,4.842928611354684,101425.17107150967
-6.738182703045164,5.830718988166304,101425.17107150967
-5.8955870308348395,7.011773923623423,101425.17107150967
-4.097963060677101,11.594614209313477,101425.17107150967
-4.168739798046584,11.050914717770832,101425.17107150967
-4.450254816525511,9.8323996022336,101425.17107150967
-5.122375826956428,8.364455159086283,101425.17107150967
-7.731423203111981,-4.008991101711358,101425.17107150967
-7.647047438126717,-3.852774330852606,101425.17107150967
-3.991430415809958,-11.87365328993323,101425.17107150967
-7.714306615379963,3.9097857621521044,101425.17107150967
-4.07306287843473,12,101425.17107150967
-4.078113757076025,11.815747771030104,101425.17107150967
-4.006873377451145,-11.66566792930835,101425.17107150967
-7.705272563704861,4.2073895958105965,101425.17107150967
-7.091859029145635,-5.782834106012694,101484.58452389427
-5.096815144824095,-11.13371290229456,101484.58452389427
-5.056434988496343,-11.589279132644904,101484.58452389427
-7.025003671170204,-5.858312591977542,101484.58452389427
-7.496889740461036,-5.126828589784698,101484.58452389427
-7.591815716918266,-4.808472902158021,101484.58452389427
-7.871060354030128,-4.169405866962292,101484.58452389427
-6.408336282803427,-6.929379786126024,101484.58452389427
-5.1031060599934275,-11.073182431218951,101484.58452389427
-5.801695447426003,-8.366076819803896,101484.58452389427
-5.799020225201057,-8.380445254981666,101484.58452389427
-5.173438531713791,-10.524868950329132,101484.58452389427
-5.32206505064298,-9.77853812899734,101484.58452389427
-5.351276179876043,-9.636725312254391,101484.58452389427
-7.816048283895183,4.406748383075608,101484.58452389427
-7.536573627331856,5.042025470939983,101484.58452389427
-7.2025718290793534,5.615998280223336,101484.58452389427
-7.183453252424281,5.644702517793991,101484.58452389427
-6.89087303669587,6.234145288262372,101484.58452389427
-6.529756129339058,6.811801953621705,101484.58452389427
-5.167067673635458,11.358060328702171,101484.58452389427
-5.183110543657756,11.151800165276224,101484.58452389427
-6.446042478826809,7.036190846152752,101484.58452389427
-5.256702653430075,10.543277322574605,101484.58452389427
-5.308028496425256,10.342445151103101,101484.58452389427
-5.393065541579281,9.854645525476318,101484.58452389427
-5.706993266927131,8.838968336163438,101484.58452389427
-6.184467226021884,7.682894552459176,101484.58452389427
-5.039378589576784,-11.890267740685967,101484.58452389427
-7.8771319896827166,-3.73790957253992,101484.58452389427
-7.8849429826288,3.6820835941407277,101484.58452389427
-7.963949630549762,3.827454033355358,101484.58452389427
-5.133385747252392,11.815470497899286,101484.58452389427
-5.129470634634629,12,101484.58452389427
-5.0495857551363414,-11.678863883854582,101484.58452389427
-7.914756629306001,-3.98677996241997,101484.58452389427
-7.8972059455229235,4.121969531601529,101484.58452389427
-5.147554683722101,11.594038188321022,101484.58452389427
-7.1673187461568135,-5.668041710147107,101484.58452389427
-5.092517396173651,-11.185346468952535,101484.58452389427
-6.730060675652773,-6.459817259288799,101484.58452389427
-7.801148894579351,-4.429229282133786,101484.58452389427
-6.3126225276009675,-7.286123506750643,101484.58452389427
-5.794330240270958,-8.398679257463238,101484.58452389427
-5.2833314046810305,-9.994915896601567,101484.58452389427
-7.659510814019159,4.669951993991303,101484.58452389427
-7.166901185901619,5.6642810726920745,101484.58452389427
-6.566883180869352,6.713738548069732,101484.58452389427
-5.217798188358687,10.837092105820378,101484.58452389427
-5.490474749403415,9.362475923763515,101484.58452389427
-5.967519531110755,8.039891079690154,101484.58452389427
-5.037194444965985,-12,101484.58452389427
-5.041254708533219,-11.813286720337988,101484.58452389427
-7.94082711846488,-3.856256529394037,101484.58452389427
-7.857543432177023,-3.7017429243284576,101484.58452389427
-7.899912140760298,3.7095480106140575,101484.58452389427
-5.1320007264636835,11.870631011564765,101484.58452389427
-7.942459146887552,3.9298155584548846,101484.58452389427
-5.142521127039886,11.65741407024197,101484.58452389427
-7.369062241626764,-5.934196576102041,101543.99797627886
-6.103222244819188,-11.595003094368291,101543.99797627886
-6.131750947559356,-11.146395705454575,101543.99797627886
-6.139732119514285,-10.879629432526073,101543.99797627886
-7.03871109315934,-6.6305029104255935,101543.99797627886
-7.451618145474556,-5.620434985877248,101543.99797627886
-7.881223842620535,-4.600373853476513,101543.99797627886
-8.07487274750244,-4.0179522235258265,101543.99797627886
-7.014127684460286,-6.66638283673384,101543.99797627886
-6.349775776289947,-9.16931566986958,101543.99797627886
-6.161874929753196,-10.643774620331422,101543.99797627886
-6.235788920453061,-9.99255917275704,101543.99797627886
-6.614785851341825,-7.915807692204815,101543.99797627886
-7.97130906860772,4.438270427723684,101543.99797627886
-7.7338667357229935,5.109933717019221,101543.99797627886
-6.212181153220723,11.597042950398391,101543.99797627886
-7.450957741456714,5.81695400440727,101543.99797627886
-6.2391674336376965,11.159756168266682,101543.99797627886
-7.167688841276544,6.478605705801843,101543.99797627886
-6.264560530462953,10.577573551886443,101543.99797627886
-6.269879171344899,10.525935801953237,101543.99797627886
-6.625554706839643,8.511044908883976,101543.99797627886
-6.719770548415831,7.978787961489691,101543.99797627886
-6.982919396733514,6.966635867826708,101543.99797627886
-6.421936244870738,9.542399654354462,101543.99797627886
-6.092771936805498,-11.841560066243932,101543.99797627886
-8.14768358554522,-3.703774999091103,101543.99797627886
-8.058237931658216,3.5478861399934956,101543.99797627886
-8.159454060146977,3.6813260819956146,101543.99797627886
-6.203227735902763,11.816814145638476,101543.99797627886
-6.200566000905933,12,101543.99797627886
-6.101421822998277,-11.623472190221886,101543.99797627886
-8.148213571419722,-3.704423796998622,101543.99797627886
-8.16332074775698,3.721560599494495,101543.99797627886
-6.206896551724136,11.723121892782503,101543.99797627886
-7.071827513267348,-6.562965516548308,101543.99797627886
-6.109934221534689,-11.458407172450796,101543.99797627886
-7.697429409858264,-5.216769967667143,101543.99797627886
-7.953288265058761,-4.4698165631998785,101543.99797627886
-6.762912555625105,-7.602710322248212,101543.99797627886
-6.322845441646052,-9.570110850300027,101543.99797627886
-6.190790027805223,-10.425845320920942,101543.99797627886
-6.464296834462813,-8.724073885505874,101543.99797627886
-8.105064316182009,3.9689288397716593,101543.99797627886
-7.936394942092866,4.4969753766279625,101543.99797627886
-7.52903854192121,5.4619252764418,101543.99797627886
-6.212197417610072,11.592531692967176,101543.99797627886
-7.194185752938351,6.332320057573213,101543.99797627886
-6.258598303379579,10.642113511001474,101543.99797627886
-6.341851350787076,9.916287034289667,101543.99797627886
-6.741291786468873,7.614302664584951,101543.99797627886
-6.476673226349504,8.990878260767085,101543.99797627886
-6.090363685645084,-12,101543.99797627886
-6.093295889244453,-11.815881230628843,101543.99797627886
-8.04247689669503,-3.5621487700474948,101543.99797627886
-8.155740980378958,3.6768707859661984,101543.99797627886
-6.2032112428251605,11.817635735496678,101543.99797627886
-8.148596783152199,-3.709827134784415,101543.99797627886
-7.272470763230349,-11.378827125800669,101603.41142866346
-7.2805156228438825,-10.713965135086601,101603.41142866346
-7.28513190948912,-11.169105977384564,101603.41142866346
-7.256897696424614,-10.285684056968568,101603.41142866346
-7.523762355175311,-6.4001257675391185,101603.41142866346
-7.34378528518277,-7.637744291770441,101603.41142866346
-7.262817365041855,-9.862272577923306,101603.41142866346
-7.236182382431631,-8.848611763018429,101603.41142866346
-7.857024382071389,-5.373949687843998,101603.41142866346
-7.8979690792555415,-5.306711345549611,101603.41142866346
-8.239949379247678,-4.01045864014638,101603.41142866346
-8.121453548828292,-4.5208996253622304,101603.41142866346
-8.122101788366976,-4.419193284395096,101603.41142866346
-8.307913683666257,3.829481258299034,101603.41142866346
-8.151706832843434,4.487229958327518,101603.41142866346
-7.99594084915465,4.981780100653654,101603.41142866346
-7.411611875561205,11.606896968736516,101603.41142866346
-7.931159844114178,5.177841963098473,101603.41142866346
-7.40732376134361,11.239780641702021,101603.41142866346
-7.722489321099191,5.997255875879404,101603.41142866346
-7.4023366682492355,11.008445686955245,101603.41142866346
-7.4025480282399485,10.720159001640507,101603.41142866346
-7.453308386192224,7.120027495827705,101603.41142866346
-7.5779825777034695,6.287294794958738,101603.41142866346
-7.43554299830414,7.459270993063342,101603.41142866346
-7.392603654851041,10.055096969007293,101603.41142866346
-7.3936073000053275,9.15872164200824,101603.41142866346
-7.3915999236721746,8.203494190848948,101603.41142866346
-7.27004570026204,-11.949037968168918,101603.41142866346
-8.249922747600362,-3.5616852690398155,101603.41142866346
-8.18045133349267,3.4372902803363714,101603.41142866346
-8.282109744373638,3.5687250715302845,101603.41142866346
-7.409372161134163,11.821306545715316,101603.41142866346
-7.408077288543901,12,101603.41142866346
-7.272634803771844,-11.757705060772492,101603.41142866346
-8.278685140974801,-3.8664985800893232,101603.41142866346
-8.272747908652844,-3.589627366069353,101603.41142866346
-8.306438402665433,3.8186962288365245,101603.41142866346
-7.278498269228162,-11.603000874555212,101603.41142866346
-7.278357493088022,-10.919196486659873,101603.41142866346
-7.666426747134303,-6.098334186634085,101603.41142866346
-7.51984075636201,-7.040707442653728,101603.41142866346
-7.354534093283474,-8.252176615176657,101603.41142866346
-7.275460352697813,-9.639989283515295,101603.41142866346
-7.966215551151677,-5.077831398253223,101603.41142866346
-8.151259893581722,4.35275832952139,101603.41142866346
-7.399958198388195,11.373639636690998,101603.41142866346
-7.885411236668728,5.25645967376246,101603.41142866346
-7.380407498097066,10.39739426612173,101603.41142866346
-7.43941725626271,7.052294057049617,101603.41142866346
-7.370533184291755,9.388871354275377,101603.41142866346
-7.356422684477324,8.402222235287944,101603.41142866346
-7.2695685796140355,-12,101603.41142866346
-7.271923948140923,-11.819529934387779,101603.41142866346
-8.166736022104367,-3.44970168351647,101603.41142866346
-8.257335387091473,3.5389985096122674,101603.41142866346
-7.408356219919748,11.920209470414619,101603.41142866346
-8.289251875893749,-3.8223355590892876,101603.41142866346
-8.30570974433458,3.8142930374930586,101603.41142866346
-7.408621506070194,11.7254865325616,101603.41142866346
-8.797034614989531,-11.479975882381396,101662.82488104806
-8.666794342658767,-10.630718376549023,101662.82488104806
-8.518487713461269,-9.855996146346591,101662.82488104806
-8.664458472001495,-10.596256940889006,101662.82488104806
-8.4049943858297,-9.616891342431728,101662.82488104806
-8.015303532550412,-7.5095046473077085,101662.82488104806
-8.067021649913535,-6.38613771768302,101662.82488104806
-8.016527234604691,-7.4725154490662,101662.82488104806
-8.014761216822098,-7.478504343846582,101662.82488104806
-7.994781432784379,-6.138184328708114,101662.82488104806
-8.142597019013085,-5.17458162563713,101662.82488104806
-8.309343737240402,-4.267763264126222,101662.82488104806
-8.419344279569133,-3.740846489682543,101662.82488104806
-8.452561021791626,3.8479785972965868,101662.82488104806
-9.038841500982889,11.624997241937637,101662.82488104806
-8.34222619331992,4.543210825450156,101662.82488104806
-8.956067000387876,11.246843092973865,101662.82488104806
-8.901747540681711,10.98723471985274,101662.82488104806
-8.85418387841733,10.756111204018833,101662.82488104806
-8.208028700860602,5.272029619399025,101662.82488104806
-8.674056823574439,10.0256432092865,101662.82488104806
-8.047838767148017,5.932851128843584,101662.82488104806
-8.390365705769483,9.039740132297256,101662.82488104806
-7.99402090074167,6.177557747351538,101662.82488104806
-8.375846680212485,8.727380861282615,101662.82488104806
-8.104232644723213,7.258303152088487,101662.82488104806
-7.961779402468588,6.242269532344262,101662.82488104806
-8.873412538525592,-11.960486808154831,101662.82488104806
-8.3521619096555,-3.4195955389885286,101662.82488104806
-8.302664735327124,3.326694420679247,101662.82488104806
-8.4047654286003,3.456124061064955,101662.82488104806
-9.080986204747756,11.829770007307424,101662.82488104806
-9.08702059798809,12,101662.82488104806
-8.856337867555922,-11.778701571945275,101662.82488104806
-8.41243609493545,-3.6885022771954854,101662.82488104806
-8.432468456655908,3.7010920673100296,101662.82488104806
-8.838662557041435,-11.607745777012717,101662.82488104806
-8.780933567641302,-11.165634769224706,101662.82488104806
-8.647969973202391,-10.507363708951894,101662.82488104806
-8.206408635454496,-8.772792503372965,101662.82488104806
-8.016753764694633,-7.435512422651053,101662.82488104806
-8.172843729956526,-5.4540989694672755,101662.82488104806
-8.30733081792108,-4.583582720381865,101662.82488104806
-8.427649536981885,-3.8574393991365206,101662.82488104806
-8.960948691389344,11.393984755751452,101662.82488104806
-8.34115235129901,4.220121542403078,101662.82488104806
-8.80107042434793,10.626486716931517,101662.82488104806
-8.175173840780483,5.073594692118749,101662.82488104806
-8.463213400803992,9.534784992818466,101662.82488104806
-8.080605410436332,7.709483032875859,101662.82488104806
-7.930863519465764,6.412951687432823,101662.82488104806
-8.875158751267065,-12,101662.82488104806
-8.870760980249731,-11.821718813194199,101662.82488104806
-8.397282245885965,-3.474830935140084,101662.82488104806
-8.290995147513705,-3.3372545969854457,101662.82488104806
-8.35892979380399,3.401126233258336,101662.82488104806
-9.083567089653286,11.920087006360479,101662.82488104806
-8.422544506597458,3.641122875797225,101662.82488104806
-9.054083300666512,11.740907931285385,101662.82488104806
-11.484276424255455,11.335102465623011,101722.23833343266
-11.518252140094344,10.937036911472058,101722.23833343266
-10.998071070646612,-11.614499801499008,101722.23833343266
-11.104374321899051,-11.217049307226286,101722.23833343266
-11.02147651779831,-10.902780625466125,101722.23833343266
-10.586706042728556,-10.264200270480817,101722.23833343266
-10.220517638590172,-9.922228730048488,101722.23833343266
-10.011963334831679,-9.605198694299325,101722.23833343266
-9.268612124167973,-8.566114112262536,101722.23833343266
-8.937882763232704,-7.900413425706477,101722.23833343266
-8.698847789731381,-7.181966178451842,101722.23833343266
-8.395694555366052,-5.887035696330974,101722.23833343266
-8.398237405609505,-4.98698259066796,101722.23833343266
-8.496585686113828,-4.116333243857347,101722.23833343266
-8.547314379868038,-3.6203785642900272,101722.23833343266
-8.597208359916994,3.86647593629414,101722.23833343266
-11.444952567270018,10.761509332916287,101722.23833343266
-10.953948601418245,10.263888279452608,101722.23833343266
-8.532745553796406,4.599191692572793,101722.23833343266
-10.318172056351438,9.646293031490469,101722.23833343266
-8.517020104404622,5.37682555274497,101722.23833343266
-10.109117470152798,9.478293643297304,101722.23833343266
-9.35066136253855,8.493606075573851,101722.23833343266
-8.541129973016263,6.320382518230554,101722.23833343266
-9.114122117475713,7.756848779621544,101722.23833343266
-10.948065499230566,-11.872540810405042,101722.23833343266
-8.454401071710642,-3.2775058089372413,101722.23833343266
-11.096102893364414,11.839324250730657,101722.23833343266
-11.069185689721289,12,101722.23833343266
-11.172413793103448,11.667802087307123,101722.23833343266
-8.424878137161578,3.2160985610221235,101722.23833343266
-8.52742111282696,3.3435230505996247,101722.23833343266
-11.0159288467458,-11.65465226196823,101722.23833343266
-8.532109986823624,-3.5051729028239045,101722.23833343266
-8.558498510646386,3.583487905783536,101722.23833343266
-11.587808561350123,11.300116677107109,101722.23833343266
-10.974416356237988,-11.409944836025444,101722.23833343266
-10.841362838798569,-10.581784494523323,101722.23833343266
-9.835401537778667,-9.294614472470178,101722.23833343266
-8.709313639815571,-6.96348477036178,101722.23833343266
-8.466285904926137,-5.61583561922302,101722.23833343266
-8.49320808701387,-4.646265815401499,101722.23833343266
-8.565593624667434,-3.876990759176449,101722.23833343266
-11.236778563244021,11.64719876226169,101722.23833343266
-11.296759407987906,10.722507844520447,101722.23833343266
-8.531044809016297,4.087484755284764,101722.23833343266
-8.438047778459758,4.899852961237705,101722.23833343266
-10.03135286263122,9.415490366869768,101722.23833343266
-8.391458689099865,5.894796202127697,101722.23833343266
-8.708603403439115,7.146576634132694,101722.23833343266
-10.923790540524593,-12,101722.23833343266
-10.944523525589418,-11.82466046000966,101722.23833343266
-8.521816583119083,-3.360034504210814,101722.23833343266
-8.415254272923042,-3.224807510454421,101722.23833343266
-11.097280578397505,11.854194620027322,101722.23833343266
-8.460524200516506,3.2632539569044043,101722.23833343266
-8.539379268860335,3.467952714101391,101722.23833343266
-11.871434125959247,-8.492276452884237,101781.65178581726
-12,8.391925163569212,101781.65178581726
-11.035242813771966,-8.462837914444359,101781.65178581726
-9.993514731613104,-7.767077447634751,101781.65178581726
-9.206959777669033,-6.784645770071791,101781.65178581726
-8.653877792205927,-4.799383555698788,101781.65178581726
-8.701514808503724,-5.239609016524996,101781.65178581726
-8.776131674113081,-5.6532898338724005,101781.65178581726
-8.683827634987255,-3.964903223588472,101781.65178581726
-8.67528448016694,-3.4999106388975116,101781.65178581726
-8.741855698042365,3.884973275291693,101781.65178581726
-8.723264914272892,4.655172559695431,101781.65178581726
-10.913407526577153,8.268039231325872,101781.65178581726
-8.700921716139034,4.72611123035666,101781.65178581726
-8.826960808214784,5.4545966433735,101781.65178581726
-8.917130012246293,5.645853149731618,101781.65178581726
-10.391721798180933,7.87359628144346,101781.65178581726
-9.253920265567483,6.71771815829004,101781.65178581726
-9.199268978311887,6.448107797750778,101781.65178581726
-8.556640233765782,-3.135416078885955,101781.65178581726
-8.547091538996032,3.1055027013649994,101781.65178581726
-8.650076797053622,3.2309220401342946,101781.65178581726
-8.651783878711797,-3.321843528452324,101781.65178581726
-8.684528564636862,3.4658837442570416,101781.65178581726
-12,-8.520293834197727,101781.65178581726
-11.623432213410783,8.296559239375952,101781.65178581726
-10.221935194229417,-7.88782307443533,101781.65178581726
-8.895275230629299,-5.826427872107502,101781.65178581726
-8.67908535610666,-4.708948910421133,101781.65178581726
-8.703537712352983,-3.8965421192163774,101781.65178581726
-8.720937266733586,3.9548479681664523,101781.65178581726
-8.792495819280683,5.279195323649299,101781.65178581726
-9.627222723289222,7.279507500938099,101781.65178581726
-8.646350920352205,-3.245238073281545,101781.65178581726
-8.53951339833238,-3.1123604239233975,101781.65178581726
-8.562118607229023,3.125381680550473,101781.65178581726
-8.656214031123215,3.2947825524055574,101781.65178581726
-12,-7.394483565446727,101841.06523820186
-11.638640937062902,7.208640188217339,101841.06523820186
-10.466940704433025,-6.914988323384533,101841.06523820186
-9.840143162102864,-6.583656089578294,101841.06523820186
-9.656490835689585,-6.354268604035399,101841.06523820186
-10.947919260681257,-7.248958710837938,101841.06523820186
-9.11737561233119,-5.452854665660107,101841.06523820186
-8.825107481389027,-3.6862234876602806,101841.06523820186
-8.880704961428485,-4.609621317381898,101841.06523820186
-8.835658490840117,-3.8250854963638097,101841.06523820186
-8.810558618627338,3.348279582730548,101841.06523820186
-8.876466165929608,3.831256306689323,101841.06523820186
-8.909894663532071,3.925643389994775,101841.06523820186
-9.041033503234843,4.75063001119276,101841.06523820186
-9.796711657406096,6.351488753904242,101841.06523820186
-9.145657855891297,5.283090635692646,101841.06523820186
-8.770885257585325,-3.1304416423522756,101841.06523820186
-8.652460658224859,-3.0055341020735455,101841.06523820186
-8.755488100783143,3.0976296293332184,101841.06523820186
-8.771457770599971,-3.1385141540807435,101841.06523820186
-8.772732481280283,3.118321029668965,101841.06523820186
-11.387853142385804,-7.261083065060477,101841.06523820186
-12,7.300154497804844,101841.06523820186
-9.583715765258859,-6.130534781891679,101841.06523820186
-9.000306439585056,-4.803815461556482,101841.06523820186
-8.803254580465847,-3.3794427135049956,101841.06523820186
-8.884302138905108,-3.9299510371680855,101841.06523820186
-8.855063180907672,3.6736298144094555,101841.06523820186
-8.911627735080533,4.53154810141644,101841.06523820186
-10.836725929366686,7.198595780778503,101841.06523820186
-9.566432443876565,6.175589117039074,101841.06523820186
-8.733798489899128,-3.085040777104629,101841.06523820186
-8.655927029412581,3.001415628803678,101841.06523820186
-8.773048793386092,3.1216123907097235,101841.06523820186
-11.467408582582394,-6.516482876247219,101900.47869058646
-12,6.553141900494932,101900.47869058646
-10.931548752833223,-6.501714851642393,101900.47869058646
-9.805399885743958,-5.756356669458801,101900.47869058646
-9.458619550549297,-5.252419497447814,101900.47869058646
-8.935769401113586,-3.322775600271739,101900.47869058646
-9.091230885140538,-4.418635234174563,101900.47869058646
-8.963900037428193,-3.6930033669003954,101900.47869058646
-8.936588672617814,3.2306754212040536,101900.47869058646
-9.002445965384396,3.715442516051091,101900.47869058646
-9.098048004826914,3.9853797943679785,101900.47869058646
-9.415652248648438,4.863724111843796,101900.47869058646
-10.805699095558026,6.42575527074149,101900.47869058646
-10.337130379974198,6.044099112507973,101900.47869058646
-9.464354903567813,5.111584628011793,101900.47869058646
-8.834853088551155,-3.024965441472963,101900.47869058646
-8.728812338132533,2.9148194837428467,101900.47869058646
-8.849038044553259,3.0278989895376114,101900.47869058646
-8.931224680764752,-3.25897478811248,101900.47869058646
-8.850713060885115,-3.0371436058013495,101900.47869058646
-8.932416857467278,3.205465662968162,101900.47869058646
-12,-6.624340541412273,101900.47869058646
-11.426538171899423,6.433531606858006,101900.47869058646
-10.350028926383324,-6.097933021395726,101900.47869058646
-9.398099074167963,-4.916889990395658,101900.47869058646
-9.093591587708309,-3.9725912493655207,101900.47869058646
-8.941235645896285,3.264647080631514,101900.47869058646
-9.099027095291769,4.327682757042028,101900.47869058646
-9.660225549714394,5.5270428310919835,101900.47869058646
-8.725814336611199,-2.9183814763261813,101900.47869058646
-8.832593404056645,3.015111609915479,101900.47869058646
-8.923707394185419,-3.202015331048154,101900.47869058646
-12,-6.012094237097056,101959.89214297106
-11.016366668304766,5.730049732909365,101959.89214297106
-10.038698708688646,-5.220573819076588,101959.89214297106
-9.822621657370961,-5.085056236613968,101959.89214297106
-9.799863488767405,-5.051984329235521,101959.89214297106
-9.301756808852591,-4.2276491509672285,101959.89214297106
-10.922963680475323,-5.837028647591062,101959.89214297106
-9.09214158401627,-3.5609212374369816,101959.89214297106
-9.022539696740068,-3.154204832816646,101959.89214297106
-9.076150371256794,3.214636308957959,101959.89214297106
-9.286201346121755,4.045116198741182,101959.89214297106
-9.794830770292794,4.94266728456214,101959.89214297106
-9.286426455503006,4.123817412667618,101959.89214297106
-9.755274297670821,4.921986378588673,101959.89214297106
-8.890734245003825,-2.920733652256908,101959.89214297106
-8.801697646852485,2.8282233386820153,101959.89214297106
-8.922680184851362,2.938751422437419,101959.89214297106
-9.008219170754959,-3.1356497011953524,101959.89214297106
-9.019540938330628,3.1325480301439734,101959.89214297106
-11.179089228484226,-5.845847624348676,101959.89214297106
-12,5.935211900415483,101959.89214297106
-9.795891708750869,-5.029964519234835,101959.89214297106
-9.30288103651151,-4.015231461562955,101959.89214297106
-9.06716320635799,-3.2321803987652933,101959.89214297106
-9.128425764839188,3.5996287254128587,101959.89214297106
-9.621306753144651,4.690764436747014,101959.89214297106
-10.789707804346115,5.714836502827703,101959.89214297106
-8.9245717698651,-2.9467159761569404,101959.89214297106
-8.799168014997537,-2.8312288505788166,101959.89214297106
-8.88884594336157,2.9124418603496403,101959.89214297106
-9.003550491151971,3.1109758853104625,101959.89214297106
-11.945237264802081,-5.411228325650264,102019.30559535566
-12,5.382135302975995,102019.30559535566
-10.933621484914388,-5.376396126676672,102019.30559535566
-9.952608831441188,-4.741464994897948,102019.30559535566
-9.220383130604347,-3.428839107973568,102019.30559535566
-9.48715091016385,-4.003934697746935,102019.30559535566
-9.100802836134088,-3.0550244968617477,102019.30559535566
-9.505543393198716,-4.039012038675137,102019.30559535566
-9.2174979287853,3.212001394858813,102019.30559535566
-9.254405564293979,3.4838149347746263,102019.30559535566
-9.507856739101335,4.0046282570594665,102019.30559535566
-10.204771432276775,4.791214142937825,102019.30559535566
-10.84219825137931,5.285950026630493,102019.30559535566
-8.946615401456496,-2.8165018630408527,102019.30559535566
-8.874582955572437,2.7416271936211842,102019.30559535566
-8.996322325149468,2.8496038553372274,102019.30559535566
-9.06706263513213,-3.011307256924389,102019.30559535566
-9.096807948988701,3.036991114778476,102019.30559535566
-12,-5.421656822688968,102019.30559535566
-11.869153552694701,5.354878755071239,102019.30559535566
-10.239090927411542,-4.892212392859422,102019.30559535566
-9.52645756285238,-4.058263504766324,102019.30559535566
-9.205939071038236,-3.2387406027564847,102019.30559535566
-9.390883026033976,3.869166071513121,102019.30559535566
-9.858794127784353,4.610330367694753,102019.30559535566
-8.998430478845087,-2.8562883465125313,102019.30559535566
-8.872521693383876,-2.744076224831452,102019.30559535566
-8.945098482666495,2.8097721107838014,102019.30559535566
-9.062716691627976,2.9909998092742973,102019.30559535566
-11.320882432887746,-4.92873089620048,102078.71904774026
-11.999999999999998,5.023623917696714,102078.71904774026
-10.944279289353453,-4.915763605762283,102078.71904774026
-10.091114560860191,-4.422629651910167,102078.71904774026
-9.348624677192422,-3.2967569785101536,102078.71904774026
-9.420833812503787,-3.4524247856474535,102078.71904774026
-9.179065975528108,-2.9558441609068495,102078.71904774026
-9.641831203877771,-3.873901365333453,102078.71904774026
-9.358845486313806,3.209366480759667,102078.71904774026
-9.380385363748768,3.3680011441363944,102078.71904774026
-9.74377197259011,3.9214807432616743,102078.71904774026
-10.614712094260753,4.63976100131351,102078.71904774026
-10.894688698412505,4.857063550433284,102078.71904774026
-9.002496557909165,-2.712270073824798,102078.71904774026
-8.94746826429239,2.6550310485603523,102078.71904774026
-9.069964465447569,2.7604562882370356,102078.71904774026
-9.125906099509304,-2.886964812653426,102078.71904774026
-9.174074959646777,2.9414341994129787,102078.71904774026
-12,-5.0580556187872325,102078.71904774026
-11.345757667055434,4.887339074993906,102078.71904774026
-10.685720262857014,-4.735512249635759,102078.71904774026
-9.893128265152793,-4.105219984913606,102078.71904774026
-9.344714935718482,-3.2453008067476756,102078.71904774026
-9.460035760150435,3.592898137410841,102078.71904774026
-9.962313957897885,4.298674356800836,102078.71904774026
-9.072289187825074,-2.765860716868122,102078.71904774026
-8.945875371770214,-2.656923599084087,102078.71904774026
-9.001351021971418,2.707102361217962,102078.71904774026
-9.121882892103983,2.8710237332381325,102078.71904774026
-12,-4.694454414948638,102138.13250011455
-11.041429616112179,4.465433289163602,102138.13250011455
-9.415653611129088,-3.133321629387451,102138.13250011455
-9.77811901453316,-3.7087906920204405,102138.13250011455
-10.20649669022031,-4.103111787922392,102138.13250011455
-10.958389753280535,-4.519334711736583,102138.13250011455
-9.448834102120099,-3.1753905066172807,102138.13250011455
-9.500193043817767,3.206731566660979,102138.13250011455
-9.506365163181682,3.252187353518274,102138.13250011455
-9.97968720603792,3.8383332294783212,102138.13250011455
-10.936863570746883,4.459910292258074,102138.13250011455
-10.06583378799344,3.9870183459610367,102138.13250011455
-9.058377714352133,-2.6080382846268426,102138.13250011455
-9.020353572999685,2.568434903514559,102138.13250011455
-9.143606605732884,2.6713087211523243,102138.13250011455
-9.184749563876258,-2.762622368404055,102138.13250011455
-9.251341970291435,2.845877284064076,102138.13250011455
-11.133171872374163,-4.529383869634535,102138.13250011455
-12,4.6651125324796885,102138.13250011455
-9.257329114908536,-2.856663824969174,102138.13250011455
-9.541805038782824,-3.2581029910841814,102138.13250011455
-10.243262388028521,-4.122248854421171,102138.13250011455
-9.529188494254885,3.316630203356536,102138.13250011455
-10.735255613938463,4.337005311969378,102138.13250011455
-9.146147896792236,-2.6754330872394156,102138.13250011455
-9.019229050143815,-2.5697709733518566,102138.13250011455
-9.057603561266575,2.604432611669952,102138.13250011455
-9.181049092569715,2.7510476572228013,102138.13250011455
-12,-4.330853211046902,102197.54595249915
-11.528775889300023,4.2084407247228866,102197.54595249915
-9.446555633997008,-2.9513820058573916,102197.54595249915
-9.914406825212215,-3.5436800186787565,102197.54595249915
-10.170177143124587,-3.779116265202613,102197.54595249915
-10.977532085056843,-4.216475474983935,102197.54595249915
-9.5324993228184,-3.06034828048803,102197.54595249915
-9.328608980949507,2.7503203686985787,102197.54595249915
-9.600333774021708,3.1307082551536194,102197.54595249915
-9.658452815431472,3.1624965892052046,102197.54595249915
-10.206019026624356,3.7289106331732853,102197.54595249915
-9.114258870804802,-2.503806495410788,102197.54595249915
-9.093238881719639,2.4818387584537276,102197.54595249915
-9.217248746030988,2.5821611540521325,102197.54595249915
-9.24359302825343,-2.6382799241330916,102197.54595249915
-11.58182185524182,-4.251219322628057,102197.54595249915
-12,4.306601147200407,102197.54595249915
-9.335592254302556,-2.757483489014276,102197.54595249915
-9.773311469092533,-3.2745891134098097,102197.54595249915
-10.484908783774529,-3.9429385423645247,102197.54595249915
-9.54854807231952,3.0692499272762785,102197.54595249915
-10.148939293749526,3.7104284812917627,102197.54595249915
-10.941759690433006,4.177435548630475,102197.54595249915
-9.220006605772221,-2.5850054575950066,102197.54595249915
-9.092582728530154,-2.482618347604492,102197.54595249915
-9.113856100571498,2.5017628621041132,102197.54595249915
-9.24021529304572,2.631071581186636,102197.54595249915
-11.94807266301712,-3.9683172067818244,102256.95940488375
-12,3.9519000997819242,102256.95940488375
-9.477457656864926,-2.7694423823273318,102256.95940488375
-10.05069463589127,-3.3785693453370724,102256.95940488375
-10.13385759602886,-3.4551207424828334,102256.95940488375
-10.99667441683315,-3.9136162382312865,102256.95940488375
-9.6161645435167,-2.9453060543587792,102256.95940488375
-9.405875991607584,2.654763453333082,102256.95940488375
-9.672816451872578,3.005426598138684,102256.95940488375
-9.828064077391442,3.0903396190867523,102256.95940488375
-10.414500051457258,3.5705460643138287,102256.95940488375
-10.946655810119125,3.8949608050028757,102256.95940488375
-9.170140027257473,-2.399574706194733,102256.95940488375
-9.16612419043959,2.3952426133928966,102256.95940488375
-9.290890886329091,2.4930135869519408,102256.95940488375
-9.302436492630601,-2.5139374798621286,102256.95940488375
-12,-3.974889134393802,102256.95940488375
-11.986995553049772,3.9499097433588455,102256.95940488375
-9.413855393696576,-2.6583031530593777,102256.95940488375
-10.004817899402244,-3.291075235735438,102256.95940488375
-10.726555179520535,-3.763628230307879,102256.95940488375
-9.534486447968863,2.8412590681884433,102256.95940488375
-10.19401952205335,3.499155494909841,102256.95940488375
-9.293865314752209,-2.4945778279505975,102256.95940488375
-9.165936406916492,-2.395465721857127,102256.95940488375
-9.170108639876423,2.3990931125382744,102256.95940488375
-9.299381493521727,2.511095505150471,102256.95940488375
-11.183524139097036,-3.6203993954283313,102316.37285726835
-12,3.7085689179923866,102316.37285726835
-9.508359679732845,-2.587502758797272,102316.37285726835
-11.015816748609456,-3.610757001478637,102316.37285726835
-10.968201575266544,-3.5843179182512332,102316.37285726835
-10.092735701278924,-3.179816359191414,102316.37285726835
-10.178944854070918,-3.2193021747139046,102316.37285726835
-9.483143002265658,2.559206537967585,102316.37285726835
-9.745299129723447,2.880144941123748,102316.37285726835
-9.99767533935141,3.0181826489683,102316.37285726835
-10.622981076290163,3.4121814954543725,102316.37285726835
-10.951551929805246,3.612486061375278,102316.37285726835
-9.35089114519622,-2.4007380263789586,102316.37285726835
-9.223063323805732,2.3080003606787645,102316.37285726835
-9.356075174816501,2.4028264970987134,102316.37285726835
-9.492118533090595,-2.55912281710448,102316.37285726835
-9.358278247819612,-2.404005384267426,102316.37285726835
-9.424961636040132,2.4807161214829376,102316.37285726835
-12,-3.723732640816016,102316.37285726835
-11.593892657527379,3.6464133829939858,102316.37285726835
-10.755832597581904,-3.4737768571396144,102316.37285726835
-9.699829764215,-2.8302638282295285,102316.37285726835
-9.520424823618207,2.613268209100608,102316.37285726835
-10.239099750357177,3.287882508527919,102316.37285726835
-9.22255474975837,-2.308856954241932,102316.37285726835
-9.348710134800974,2.399584162828852,102316.37285726835
-9.437708605173505,-2.4886237743279436,102316.37285726835
-12,-3.47257614723823,102375.78630965295
-12,3.4652377362028486,102375.78630965295
-9.783494984913299,-2.7152216021002777,102375.78630965295
-10.047148714728003,-2.9497836686421133,102375.78630965295
-9.55553443256515,-2.4581386107615746,102375.78630965295
-10.993258811011309,-3.371398667563424,102375.78630965295
-9.59507600373828,2.4905600910951438,102375.78630965295
-10.16728660131138,2.9460256788498476,102375.78630965295
-10.831462101123066,3.253816926594916,102375.78630965295
-10.956448049491367,3.3300113177476787,102375.78630965295
-9.38552776052076,-2.302359734783758,102375.78630965295
-9.274979123676388,2.220554572374154,102375.78630965295
-9.409261417102659,2.3111647725158493,102375.78630965295
-9.540584286605192,-2.4522179982882526,102375.78630965295
-9.54906409076815,2.4593639665313565,102375.78630965295
-11.256551747451713,-3.378485281369083,102375.78630965295
-11.200789762004984,3.3429170226291256,102375.78630965295
-9.62498947968667,-2.5142556597506625,102375.78630965295
-10.29972193807685,-3.0654681334591647,102375.78630965295
-9.817781807574319,2.7548632841088123,102375.78630965295
-10.284179978661,3.0766095221459975,102375.78630965295
-9.410127464679768,-2.3132403251228397,102375.78630965295
-9.273871297540841,-2.2224204822075757,102375.78630965295
-9.384083519782045,2.3000806291637987,102375.78630965295
-9.535203170163118,2.453566569123231,102375.78630965295
-12,-3.221419653660444,102435.19976203755
-11.133864927345023,3.089342862030974,102435.19976203755
-9.867160205611599,-2.6001793759710274,102435.19976203755
-10.00156172817708,-2.719750978092812,102435.19976203755
-9.611201731971494,-2.3562129856575154,102435.19976203755
-10.959347576199168,-3.1493290618527277,102435.19976203755
-9.730921816885221,2.4404766493473686,102435.19976203755
-10.332768109936422,2.868110446692425,102435.19976203755
-9.890264485425188,2.6295816270938768,102435.19976203755
-9.420164375845301,-2.2039814431885567,102435.19976203755
-9.326894923547044,2.1331087840695444,102435.19976203755
-9.46244765938882,2.219503047932986,102435.19976203755
-9.573499134529918,-2.341281862624528,102435.19976203755
-9.607158693040109,2.3565651234262024,102435.19976203755
-11.557617469509427,-3.165431687858428,102435.19976203755
-12,3.2219065544133105,102435.19976203755
-9.786359599254004,-2.497733912162957,102435.19976203755
-10.42049902208278,-2.9116340922044253,102435.19976203755
-10.320449227255942,2.86487209206898,102435.19976203755
-10.956310258814513,3.0781288661474995,102435.19976203755
-9.461976681539921,-2.222475265978254,102435.19976203755
-9.325187845323313,-2.1359840101732184,102435.19976203755
-9.419456904763118,2.2005770954987454,102435.19976203755
-9.56987550434588,2.3409712485558627,102435.19976203755
-12,-2.970263160082659,102494.61321442215
-11.585619677564576,2.9151536416179615,102494.61321442215
-9.9508254263099,-2.4851371498417762,102494.61321442215
-9.955974741626157,-2.4897182875435107,102494.61321442215
-9.666869031377841,-2.2542873605534552,102494.61321442215
-10.925436341387028,-2.927259456142031,102494.61321442215
-9.866767630032161,2.3903932075995935,102494.61321442215
-10.435044258753928,2.7020657320883634,102494.61321442215
-9.96274716327606,2.5042999700789412,102494.61321442215
-9.45480099116984,-2.105603151593356,102494.61321442215
-9.3788107234177,2.0456629957649337,102494.61321442215
-9.51563390167498,2.1278413233501223,102494.61321442215
-9.606413982454644,-2.2303457269608034,102494.61321442215
-9.665253295312066,2.253766280321048,102494.61321442215
-11.858683191567142,-2.9523780943477727,102494.61321442215
-12,2.978575372623773,102494.61321442215
-9.94772971882134,-2.481212164575252,102494.61321442215
-10.54127610608871,-2.7578000509496854,102494.61321442215
-10.221867530142553,2.6460264091550236,102494.61321442215
-10.948167679187456,2.874893455023739,102494.61321442215
-9.513825898400075,-2.1317102068336675,102494.61321442215
-9.376504393105787,-2.049547538138862,102494.61321442215
-9.45483028974419,2.101073561833692,102494.61321442215
-9.604547838528642,2.2283759279884947,102494.61321442215
-11.694714842982957,-2.7268079597188244,102554.02666680675
-12,2.736556647784144,102554.02666680675
-9.952848838476127,-2.338445523634512,102554.02666680675
-10.891525106574887,-2.705189850431334,102554.02666680675
-10.662053190094639,-2.603966009694946,102554.02666680675
-10.017227472201052,-2.352587551736937,102554.02666680675
-10.0026134431791,2.3403097658518184,102554.02666680675
-10.537320407571436,2.5360210174843023,102554.02666680675
-10.03522984112693,2.379018313064006,102554.02666680675
-10.9400250995604,2.6716580438999786,102554.02666680675
-9.489437606494384,-2.0072248599981553,102554.02666680675
-9.430726523288355,1.9582172074603232,102554.02666680675
-9.56882014396114,2.0361795987672586,102554.02666680675
-9.63932883037937,-2.1194095912970785,102554.02666680675
-9.723347897584024,2.150967437215894,102554.02666680675
-12,-2.7354837863466117,102554.02666680675
-11.975829713206867,2.7370773807704105,102554.02666680675
-9.722536330784187,-2.152361735449396,102554.02666680675
-10.302709271731977,-2.439378060387148,102554.02666680675
-10.123285833029163,2.427180726241067,102554.02666680675
-9.56567511526023,-2.040945147689081,102554.02666680675
-9.427820940888259,-1.963111066104505,102554.02666680675
-9.490203674725262,2.0015700281686386,102554.02666680675
-9.639220172711402,2.115780607421126,102554.02666680675
-11.119368856927142,-2.490165464074579,102613.44011919135
-12,2.509089485773172,102613.44011919135
-9.95148474364253,-2.1904406907965743,102613.44011919135
-10.857613871762748,-2.4831202447206375,102613.44011919135
-10.78283027410057,-2.450131968440206,102613.44011919135
-10.082913229139892,-2.2193115323758543,102613.44011919135
-10.101355182959663,2.242909375393664,102613.44011919135
-9.781442499855984,2.0481685941107397,102613.44011919135
-10.20232751444008,2.2550281975680724,102613.44011919135
-10.931882519933342,2.4684226327762184,102613.44011919135
-10.639596556388941,2.369976302880241,102613.44011919135
-9.524074221818923,-1.9088465684029543,102613.44011919135
-9.482642323159011,1.8707714191557128,102613.44011919135
-9.6220063862473,1.944517874184395,102613.44011919135
-9.672243678304094,-2.0084734556333537,102613.44011919135
-12,-2.515191912117397,102613.44011919135
-11.683676962774578,2.5159044582726398,102613.44011919135
-9.778203630190532,-2.0504361103453363,102613.44011919135
-10.665722126727347,-2.3964936881230723,102613.44011919135
-10.056221605261886,2.234469111660036,102613.44011919135
-9.617524332120384,-1.9501800885444944,102613.44011919135
-9.47913748867073,-1.8766745940701481,102613.44011919135
-9.525577059706333,1.9020664945035852,102613.44011919135
-9.673892506894164,2.003185286853758,102613.44011919135
-12,-2.2949000378881816,102672.85357157595
-12,2.2816223237621998,102672.85357157595
-9.950120648808934,-2.042435857958637,102672.85357157595
-10.78666428476083,-2.280016396964852,102672.85357157595
-10.872009643468203,-2.266624022683212,102672.85357157595
-10.16073660919878,2.0953147672097403,102672.85357157595
-9.839537102127942,1.9453697510055852,102672.85357157595
-10.469793571848014,2.1324081601936893,102672.85357157595
-10.923739940306286,2.2651872216524582,102672.85357157595
-10.741872705206445,2.20393158827618,102672.85357157595
-9.558710837143465,-1.8104682768077534,102672.85357157595
-9.534558123029667,1.7833256308511025,102672.85357157595
-9.675192628533459,1.8528561496015312,102672.85357157595
-9.70515852622882,-1.8975373199696288,102672.85357157595
-11.030703234306225,-2.2673538224999077,102672.85357157595
-11.39152421234229,2.2947315357748685,102672.85357157595
-9.833870929596879,-1.9485104852412767,102672.85357157595
-10.148598986078733,-2.086035513014772,102672.85357157595
-10.022591374437376,2.0694807368845174,102672.85357157595
-9.669373548980538,-1.859415029399908,102672.85357157595
-9.530454036453204,-1.7902381220357917,102672.85357157595
-9.560950444687403,1.802562960838532,102672.85357157595
-9.708564841076926,1.8905899662863896,102672.85357157595
-12,-2.074608163659021,102732.26702396054
-12,2.054155161751283,102732.26702396054
-9.948756553975336,-1.8944310251207352,102732.26702396054
-10.681050147427468,-2.0946627846362684,102732.26702396054
-10.931616407558291,-2.0553439840729193,102732.26702396054
-10.220118035437885,1.9477201590258533,102732.26702396054
-9.897631704399886,1.8425709079004562,102732.26702396054
-10.737259629255883,2.0097881228193373,102732.26702396054
-10.91559736067923,2.0619518105287478,102732.26702396054
-10.844148854023926,2.0378868736721594,102732.26702396054
-9.593347452467997,-1.7120899852125764,102732.26702396054
-9.586473922900309,1.6958798425465136,102732.26702396054
-9.728378870819608,1.76119442501869,102732.26702396054
-9.738073374153537,-1.7866011843059313,102732.26702396054
-11.397526448423559,-2.057486610379531,102732.26702396054
-11.099371461910074,2.073558613277152,102732.26702396054
-9.889538229003211,-1.8465848601372423,102732.26702396054
-10.214284743017558,-1.9527594936537216,102732.26702396054
-9.988961143612874,1.904492362109039,102732.26702396054
-9.72122276584068,-1.768649970255344,102732.26702396054
-9.581770584235663,-1.703801650001456,102732.26702396054
-9.596323829668467,1.7030594271735031,102732.26702396054
-9.74323717525968,1.777994645719049,102732.26702396054
-12,-1.8543162894298055,102791.68047634514
-11.155940952868372,1.8448726986626034,102791.68047634514
-9.947392459141739,-1.7464261922827977,102791.68047634514
-10.57543601009408,-1.9093091723076396,102791.68047634514
-10.991223171648393,-1.8440639454625753,102791.68047634514
-9.95684815701319,1.7397877215743904,102791.68047634514
-10.929554239114132,1.845549595520136,102791.68047634514
-10.279499461677002,1.8001255508419296,102791.68047634514
-10.884563127582021,1.8661064901969855,102791.68047634514
-9.7698625584638,-1.672064696751488,102791.68047634514
-9.636145061334222,1.5908119886923884,102791.68047634514
-9.780391320347409,1.6604721227813393,102791.68047634514
-9.945205528409558,-1.7446592350331824,102791.68047634514
-9.772563520421752,-1.6726421566025846,102791.68047634514
-9.95568686587643,1.739578923699054,102791.68047634514
-11.764349662540987,-1.8476193982591027,102791.68047634514
-12,1.8266879997403112,102791.68047634514
-10.279970499956397,-1.819483474292639,102791.68047634514
-10.787411439727883,1.8610857649124959,102791.68047634514
-9.631655780247108,-1.6034963992137232,102791.68047634514
-9.775400815767163,1.659391860324933,102791.68047634514
-9.900834701062134,-1.7270873347622164,102791.68047634514
-9.955549036229364,1.7395633474341115,102791.68047634514
-11.869953309099284,-1.6365508900339276,102851.09392872974
-11.85186229354379,1.6024123675163835,102851.09392872974
-10.345656256895237,-1.6862074549315564,102851.09392872974
-10.469821872760692,-1.7239555599790108,102851.09392872974
-9.993876304358125,-1.5983909569958579,102851.09392872974
-10.275193460216185,1.6406209919356576,102851.09392872974
-10.984028548652127,1.6050071926500526,102851.09392872974
-10.33888088791612,1.6525309426580062,102851.09392872974
-10.811559042115016,1.6838102575247897,102851.09392872974
-9.792548913757203,-1.5284134832339038,102851.09392872974
-9.682512549555563,1.459808312337077,102851.09392872974
-9.827632856023644,1.5229228465085105,102851.09392872974
-9.96407863095717,-1.5954808808324543,102851.09392872974
-10.004631856766432,1.5919745447531228,102851.09392872974
-12,-1.6007872672257586,102851.09392872974
-12,1.5992208377293389,102851.09392872974
-10.201611756860348,-1.6545652586060322,102851.09392872974
-11.050829935738493,-1.632783906852231,102851.09392872974
-10.439136510355805,1.6645637445406363,102851.09392872974
-9.819792526938343,-1.5342381090730823,102851.09392872974
-9.67829379571863,-1.4717282827685694,102851.09392872974
-9.797367799906207,1.5163715643006714,102851.09392872974
-9.972519831510667,1.58834553297028,102851.09392872974
-11.506279458553463,-1.4233242692500951,102910.50738111434
-12,1.2804184116044777,102910.50738111434
-10.3818793168209,-1.5421896925228193,102910.50738111434
-11.110436699828593,-1.4215038682418866,102910.50738111434
-10.41556255261488,-1.531416367089673,102910.50738111434
-10.053576847656435,1.4443701658071915,102910.50738111434
-10.418140204143363,1.4849552343163053,102910.50738111434
-11.038502858190121,1.3644647897799689,102910.50738111434
-9.815235269050607,-1.3847622697163195,102910.50738111434
-9.728880037776904,1.3288046359817658,102910.50738111434
-9.87487439169988,1.3853735702356818,102910.50738111434
-9.981484559705828,-1.4444183173819363,102910.50738111434
-12,-1.287548148422696,102910.50738111434
-11.78742202302949,1.362225519547104,102910.50738111434
-10.042268092945168,-1.450354509406968,102910.50738111434
-10.568981228948129,-1.506468937610635,102910.50738111434
-10.334055159589461,1.4947996177816305,102910.50738111434
-10.738554956648013,1.501514024852594,102910.50738111434
-9.867021533454935,-1.3958340615435796,102910.50738111434
-9.724931811190155,-1.3399601663234153,102910.50738111434
-9.81933478404525,1.37335126827641,102910.50738111434
-9.98949062679197,1.4371277185064484,102910.50738111434
-12,-0.9743090296196336,102969.92083349894
-12,0.9369160935894738,102969.92083349894
-10.340488927610302,-1.3698750051146138,102969.92083349894
-11.152583631487175,-1.213276539583425,102969.92083349894
-11.166327206144452,-1.1979823494699615,102969.92083349894
-10.102521838546437,1.2967657868612603,102969.92083349894
-10.50388249200501,1.3108628933931525,102969.92083349894
-11.092977167728113,1.1239223869098853,102969.92083349894
-9.837921624344009,-1.2411110561987353,102969.92083349894
-9.775247525998244,1.1978009596264545,102969.92083349894
-9.922115927376112,1.2478242939628528,102969.92083349894
-9.998890488454485,-1.2933557539314184,102969.92083349894
-11.211662188683828,-1.1911066730971884,102969.92083349894
-11.51735635934414,1.122653492033311,102969.92083349894
-10.090659881532211,-1.3023180618180783,102969.92083349894
-10.496586994505764,-1.31994823191397,102969.92083349894
-10.3082889208754,1.3337623058602288,102969.92083349894
-10.665550871181008,1.3192177921803978,102969.92083349894
-9.914250539971528,-1.2574300140140773,102969.92083349894
-9.771569826661679,-1.2081920498782615,102969.92083349894
-9.841301768184291,1.2303309722521485,102969.92083349894
-10.006461422073272,1.285909904042617,102969.92083349894
-12,-0.6610699108165712,103029.33428588354
-12,0.59341377557447,103029.33428588354
-10.299098538399704,-1.1975603177064085,103029.33428588354
-10.942839589631951,-1.0490903026508411,103029.33428588354
-11.168603693410939,-0.7978544189673084,103029.33428588354
-10.15146682943644,1.1491614079153294,103029.33428588354
-10.589624779866659,1.13677055247,103029.33428588354
-11.14745147726611,0.8833799840398018,103029.33428588354
-9.860607979637413,-1.0974598426811513,103029.33428588354
-9.821615014219585,1.0667972832711432,103029.33428588354
-9.969357463052347,1.1102750176900238,103029.33428588354
-10.016296417203144,-1.1422931904809004,103029.33428588354
-11.913316183288462,-0.6849084822017573,103029.33428588354
-11.247290695658789,0.883081464519518,103029.33428588354
-10.139051670119256,-1.1542816142291887,103029.33428588354
-10.577611436396646,-1.1084800967382666,103029.33428588354
-10.28252268216134,1.1727249939388273,103029.33428588354
-10.592546785714005,1.1369215595082018,103029.33428588354
-9.96147954648812,-1.1190259664845748,103029.33428588354
-9.818207842133202,-1.0764239334331074,103029.33428588354
-9.863268752323336,1.0873106762278872,103029.33428588354
-10.023432217354575,1.1346920895787855,103029.33428588354
-11.51063240483289,0.060375840172989304,103088.74773826814
-10.257708149189106,-1.025245630298203,103088.74773826814
-10.733095547776731,-0.8849040657182573,103088.74773826814
-11.448496654627252,-0.35562211511519104,103088.74773826814
-11.16890174570223,0.1786429807810059,103088.74773826814
-11.036536687980325,0.6158170518094378,103088.74773826814
-10.597621913465309,0.8664614125200516,103088.74773826814
-10.200411820326444,1.001557028969398,103088.74773826814
-10.256756443447276,1.0116876820174256,103088.74773826814
-9.883294334930817,-0.953808629163567,103088.74773826814
-9.867982502440926,0.9357936069158319,103088.74773826814
-10.016598998728583,0.9727257414171949,103088.74773826814
-10.0337023459518,-0.9912306270303823,103088.74773826814
-10.1874434587063,-1.0062451666402992,103088.74773826814
-10.658635878287528,-0.8970119615625636,103088.74773826814
-11.170880180677425,-0.3977264884646554,103088.74773826814
-10.933733567641742,0.721990493240735,103088.74773826814
-10.391080248541265,0.9959615198576474,103088.74773826814
-10.008708553004713,-0.9806219189550722,103088.74773826814
-9.864845857604726,-0.9446558169879535,103088.74773826814
-9.885235736462377,0.9442903802036258,103088.74773826814
-10.040403012635878,0.9834742751149539,103088.74773826814
-10.632733533931713,-0.5825305531677795,103148.16119065274
-10.235674919702419,-0.8031399989832095,103148.16119065274
-10.900375682059405,-0.28684862319470694,103148.16119065274
-10.606068842883142,0.5903827009768648,103148.16119065274
-10.24757727549356,0.7928370932700465,103148.16119065274
-10.852136082549068,0.33624833644799396,103148.16119065274
-10.04535214330027,-0.8120324607892356,103148.16119065274
-9.911175473873476,0.7547337616623754,103148.16119065274
-10.06164130156716,0.7940086468244302,103148.16119065274
-10.219109214700655,-0.8165577225151966,103148.16119065274
-10.319120739139228,-0.75517322044585,103148.16119065274
-10.967215293067605,-0.04383420058248015,103148.16119065274
-10.602773578194556,0.594106425584944,103148.16119065274
-10.054737557435347,-0.8100693664767572,103148.16119065274
-9.909120491748453,-0.7721946046736536,103148.16119065274
-10.049517022620115,0.7964987742523838,103148.16119065274
-10.229267317452308,0.8076552304698819,103148.16119065274
-10.522899251358693,-0.2640715767678945,103207.57464303734
-10.627212501698109,0.11613913363035881,103207.57464303734
-10.46697566360908,0.2972104324488181,103207.57464303734
-10.289283514788238,0.3966283574357604,103207.57464303734
-10.027211285980478,-0.487219476479158,103207.57464303734
-9.946705284323471,0.4528402570026455,103207.57464303734
-10.098588230470712,0.46375285306223113,103207.57464303734
-10.190559765521686,-0.4769229858565399,103207.57464303734
-10.283329187109498,-0.40178254052353335,103207.57464303734
-10.094555993472285,-0.4731333626060774,103207.57464303734
-9.945472295048443,-0.46331676280953327,103207.57464303734
-10.029710213572413,0.4778992645569395,103207.57464303734
-10.196492760280325,0.4717233482640674,103207.57464303734
-10.331236915124258,-2.793864625845796E-4,103266.98809542194
-10.331347276574897,1.2286929506182494E-4,103266.98809542194
-10.331177749023604,3.1443931269218764E-4,103266.98809542194
-10.330989754082914,4.1962160147455626E-4,103266.98809542194
-10.009070428660683,-0.16240649216908035,103266.98809542194
-9.982235094773467,0.15094675234291563,103266.98809542194
-10.135535159374264,0.1334970593000321,103266.98809542194
-10.162010316342716,-0.1372882491978833,103266.98809542194
-10.330983454516577,-4.250820638570693E-4,103266.98809542194
-10.134374429509222,-0.13619735873539732,103266.98809542194
-9.981824098348435,-0.15443892094541284,103266.98809542194
-10.009903404524708,0.1592997548614951,103266.98809542194
-10.163718203108344,0.13579146605825299,103266.98809542194
