% Model,43.mph
% Version,COMSOL 5.4.0.295
% Date,"Nov 10 2020, 21:27"
% Dimension,2
% Nodes,1639
% Expressions,1
% Description,표면
% x,y,Color
-12.000000000000002,-11.24812696056876,101723.69031895214
-12,-11.62157797768943,101729.36254338767
-11.396919888533901,-11.309137087895113,101722.50197731786
-12,-10.623478823999193,101719.03758463291
-11.33520955775779,-10.796316878522491,101718.20731260242
-12,-9.657111031223213,101719.15836203248
-11.16705830733104,-9.984179867845356,101717.22661607509
-11.018661988512681,-8.872569888229137,101721.4596877169
-12,-8.388869486736592,101725.32911586168
-7.277596069769672,-1.2,101321.6808766485
-7.277596069769672,-1.1390657118817888,101307.6965540011
-7.5,-1.2,101762.79782588092
-7.299897085201385,-1.2960493991033353,101994.40821673894
-7.326923097152397,-1.3525832471124772,101987.15595318661
-12,-6.950892055523703,101736.78036127806
-10.890806375707148,-7.462699557398711,101731.69065697821
-12,-5.692609768249941,101748.30522895257
-11.009216130911554,-6.149641768590206,101744.12610862503
-12,-4.660458081355618,101756.83620024688
-11.12592609478135,-5.0276583967523,101754.44016655993
-12,-3.7532840878656186,101762.11499021009
-11.212003488092359,-4.1289275712462565,101760.97224055952
-12,-2.9487158101109996,101764.19297788297
-11.262113436943894,-3.3303937937916923,101764.33726359833
-11.304884447435763,-2.6246078115947573,101764.86252295016
-12,-2.18916153129216,101763.58027074936
-7.2775960697696735,1.2,101339.46078896077
-7.5,1.2,101757.60282782535
-7.2775960697696735,1.1396007746144905,101326.8372363686
-11.29910396163555,-1.9333831551572007,101763.37252101731
-12,-1.437480485332272,101760.9919172725
-11.285042873669966,-1.2069166602846273,101760.01589816237
-12,-0.6856472097841504,101757.50513633083
-11.311784714720872,-0.3957471793571739,101755.99269523304
-12,0.08882777159020705,101754.26033830976
-11.257317702994524,0.4141628438151403,101752.88964210998
-12,0.8641187904863479,101751.96992031495
-7.299897085201385,1.296049399103335,101959.86811446311
-7.325573467954567,1.3509392882982025,101955.41943198959
-11.273578247862625,1.1903277166497372,101751.2229405679
-12,1.6367155432761624,101750.11694323854
-11.307395188427229,2.020511969123153,101749.37764182984
-12,2.407949451412451,101747.52251740296
-12,3.164188286934799,101743.37938921829
-11.259393008591756,2.878333508189094,101745.76263248123
-12,11.286761736511806,101689.35705488703
-11.427606036767935,11.373274108215806,101688.90085547278
-12,11.646719931148368,101694.93260626514
-12,3.811560713636627,101738.37301247746
-11.266107023862851,3.642392799919827,101740.37601010717
-12,4.592354955736862,101731.01175220411
-11.383134194439343,4.377066284712191,101733.4023188526
12,-11.327579801358958,101324.94031798442
11.460107196389357,-11.34789350404101,101325.74200355353
11.999999999999996,-11.658790521870404,101325.47756248842
7.299897085201385,-1.296049399103335,101288.83035074477
7.326825825915164,-1.3536165263792164,101288.81696251513
7.5,-1.2,101288.75609086454
-12,10.476001956029961,101684.43948746817
-11.265302281677291,10.895167291125412,101683.69145437646
-11.351333519150268,5.150889901018961,101725.26161140382
-12,5.503106389121625,101721.28269186289
12,-10.605404016093885,101325.28665278117
11.309550349201631,-10.838841729339777,101325.34515916953
-12,9.665242175548116,101685.21769163579
-11.130445614352155,9.890137340902564,101683.35982284778
-11.147401701639613,6.063325476854111,101714.96469941562
-12,6.595027350183301,101709.16571226124
-10.94562229740451,7.257699011731982,101701.65767037081
-12,8.135353273173159,101694.26895624668
-11.008791911847803,8.697639619278501,101689.0896471193
12,-9.883228230828813,101325.72556764563
11.017780178980797,-10.075651184559048,101324.71495049633
7.2775960697696735,-1.2,101281.49283279997
7.2775960697696735,-1.1373807441544945,101281.4910182349
12,-8.738694703140403,101329.7634381836
11.0767422012602,-9.029994417978257,101323.23286598992
10.998019996303555,-7.711348278152195,101315.2722479503
12,-7.187341779856077,101331.37389428496
7.277596069769672,1.2,101254.81507220391
7.277596069769672,1.1376395885882473,101255.70098568514
7.5,1.2,101226.76208783592
11.117446839532025,-6.298809336493247,101301.93893852133
12,-5.916282069610805,101331.79604360413
11.251221202833795,-5.198353700910417,101274.11886530441
12,-4.874246903548951,101304.47367211436
12,-3.9731874307263766,101286.15341360732
11.217169213262865,-4.367152238122717,101261.06728627784
7.299897085201385,1.2960493991033353,101225.96698673638
7.327758163864851,1.3543300654993302,101225.93444919541
12,-3.153703368901656,101282.74215561255
11.184013079463988,-3.5808686554405726,101263.43187279749
12,-2.390163137763592,101287.1659071552
11.259722308492531,-2.7596694768755357,101275.4607696074
12,-1.629717664700161,101285.72709637875
11.183441081714808,-2.008626529361553,101274.70950593545
12,-0.8663553929384449,101293.36166917808
11.118389916295623,-1.1955442948881265,101274.25435421379
12,-0.0991921293927227,101324.22292132997
11.114406301339772,-0.4860399572337933,101280.13768153884
12,0.669694088509865,101331.55820652372
11.18637441592962,0.34874099632852135,101274.85352504427
12,1.4415137209644442,101309.91041949084
11.182121458448238,1.0606756193595885,101239.77389667416
12,2.2106864026238546,101288.43284630791
11.232373987709783,1.8072017125838233,101215.18302388798
12,2.9718237365007383,101290.0187450587
11.239601504397704,2.610568484888008,101233.12885052721
12,3.759108654573385,101300.34949925433
11.294330565206387,3.4117142738240367,101252.61802123908
11.280090367064659,4.197692775737502,101248.12774261732
11.999999999999998,4.65247485380077,101313.1097430522
12,5.690236144597407,101325.0407948895
11.168047475386244,5.064267224070362,101252.02735382157
12,6.977646478908454,101331.96223942853
10.842741667892849,6.1314031993275995,101261.98812612052
12,8.510986359472454,101330.1084738368
10.844808479796662,7.40113036793768,101289.71986432014
12,9.689210979977734,101326.41881303913
11.02037897419446,8.87318107799571,101308.20838246807
11.999999999999998,10.622863884933262,101325.2951684203
11.16728115314545,9.980880791491943,101314.34007616254
12,11.262858463520022,101323.51151744432
11.338635440249966,10.790353200547258,101316.94875322889
11.999999999999998,11.633646718514997,101322.44702743231
11.40727893906691,11.31401907157132,101317.51715391467
-11.172413793103473,-11.619788816872427,101725.50148168422
-10.7680850083292,-11.196298951704037,101713.31354753945
-10.344827586206918,-11.616723660926565,101703.0089385367
-9.933578995131493,-11.234738346795195,101702.70597622207
-9.517241379310367,-11.612430467754345,101696.93611987853
-9.10995914993771,-11.183877979878465,101697.92912958506
-8.689655172413815,-11.607037689977373,101694.29974537491
-6.573350356496192,-2.062995727161213,101882.40292616091
-6.275915485988562,-2.0112079208832188,101866.15653253304
-6.600384264343139,-1.8311508507208845,101899.59281225776
-6.864049559060307,-2.1157097322559264,101891.72608019806
-6.573538233700725,-2.368222122825113,101863.25636770901
-6.2466953005037205,-2.2689188508280185,101853.55973845384
-5.905193807158696,-2.214442901811052,101837.80273424495
-6.256735030071421,-2.566088554596197,101840.51146533067
-9.500377431000212,-10.71708670430362,101703.37553554469
-10.361252533668306,-10.534623969943812,101710.82994989936
-8.323042215372789,-11.168891664436664,101693.13412238122
-7.86206896551726,-11.601364606664454,101688.27650569059
-8.784270430048027,-10.590186578677562,101698.82577765192
-4.960258425279154,-0.7346310228489861,101173.1703147689
-5.1488240065210835,-0.9703709036539008,101150.07472747135
-4.6061739195772695,-0.9478210680484003,101195.15022515763
-5.450962223615857,-0.7810071892600128,101142.81387803111
-5.626170142152219,-0.9926078378626773,101126.54463318853
-6.865035127964078,-1.865702309238614,101916.3629617394
-6.885273905825271,-1.673161819372898,101940.05258183893
-6.895362977672985,-2.5039134772377247,101862.2113500567
-6.6050361783997245,-2.6917063948715994,101844.8788232275
-7.140643864419058,-2.249986202649472,101881.31522455317
-7.121306126960614,-1.9328441773817935,101913.96632251055
-4.380829299472455,-0.6431685379538433,101212.0784535195
-4.736718642358501,-0.3016771363965154,101198.83453962096
-3.9892859582413926,-0.9274054044300792,101233.85768300197
-5.869172727084071,-2.4989858935929097,101826.80104364578
-5.481875335716425,-2.4449625874191665,101810.40628518253
-6.273035019054227,-3.026563824561249,101819.397630287
-5.860083122717242,-2.897130803280277,101811.57959618459
-9.373520395214097,-9.933195325188931,101706.97714344274
-10.105688740661007,-9.432581237884113,101714.62337668746
-7.518581495501676,-11.239672035805732,101685.3500984091
-7.0344827586207055,-11.596407322983906,101679.15648862656
-8.03441242781682,-10.682399774582272,101692.39379269218
-8.364310960946538,-9.855668023675419,101699.62290950834
-5.889797391794206,-0.822023087176368,101128.9297110735
-6.046071237081048,-1.0133620513330122,101119.50809968999
-6.2835081422366885,-0.8776043043151518,101122.97094109956
-6.415440327934016,-1.0341162648033468,101115.25705000022
-5.227519414508689,-0.39740316373015866,101174.34337951955
-5.044604175129017,-0.03896518762881037,101190.78374723504
-4.638848571224614,0.2170072381924721,101209.39990308818
-5.671269926400089,-0.5037485603088812,101157.52125138893
-6.62989286637719,-0.9065659390459202,101122.54619274974
-6.740358558202196,-1.0505002041983158,101109.8017239951
-7.1152270813497305,-1.7279687513113908,101942.51901356573
-7.136560824657817,-1.5365240801202298,101976.3085585283
-9.948418507376882,-8.30997814828683,101721.76742793365
-6.712177140618538,-3.2208337849948494,101818.93632685025
-7.269862368749639,-2.63797928462619,101852.05948073027
-7.056822404596408,-2.988186118154969,101833.44664401923
-7.34634935694226,-1.7869264805468006,101919.14044985278
-7.49174202270995,-2.4119445497074476,101859.24558564149
-7.383932177010827,-2.0588598654808488,101889.58500487478
-4.332383245564816,0.6418337574497802,101223.06533626122
-3.989285958241398,0.9260580634351376,101233.28785850294
-4.606173919577271,0.9478185051184668,101220.21434875605
-4.15779063044413,-0.2279597630547497,101221.76228236758
-4.048318412539292,0.24583151380048335,101226.16628103399
-3.746917460921966,-0.6047479367268864,101237.30137258275
-3.288003904228773,-0.9104651308693947,101249.76780131599
-5.434087825143637,-2.747278771439526,101799.67878757039
-4.998456310070023,-2.706969791796789,101781.64847255261
-6.441960925318923,-3.658304803745055,101795.89616184136
-6.994393486520271,-3.8664195704211286,101793.9779945328
-5.898147739051442,-3.335756886520686,101795.5586321042
-5.42932039589865,-3.2081108889710976,101784.96533099981
-6.6875510133426435,-4.25442551669397,101777.18954781565
-7.261930417815114,-4.357178205341265,101778.37755690272
-6.705257450381128,-11.197704443394116,101675.26910383592
-6.206896551724153,-11.592946403232485,101667.33248936999
-8.879994909943676,-8.923177342332913,101710.65600558858
-8.869978097539386,-7.648435616143723,101722.63537454623
-7.1857484746287925,-10.669341137816517,101683.13402181787
-7.618030460334831,-10.019394024580201,101691.22380368096
-7.723375692128028,-9.143364584405084,101698.71529578303
-4.908738302216033,0.6888312302435344,101205.77402243567
-5.201959929964381,0.3487276243205557,101192.1775015199
-6.47242639519676,-0.6545523363278061,101161.128762657
-6.094842703321722,-0.6022652379900186,101151.63810450093
-5.501303094269513,-0.024389885937745815,101181.7388117817
-5.8855961607984115,-0.27142114571785964,101173.68602967786
-5.148824006521085,0.9702822591151299,101195.71934273167
-6.917846559354301,-0.9204207454879441,101135.98125779821
-7.026175291244613,-1.0614872120579175,101113.14649397208
-6.806983452461521,-0.7252297862330562,101176.65831668425
-7.1726521913723165,-0.9460714852908905,101192.70040460829
-7.277596069769672,-1.0659445661399354,101263.56643252958
-7.336837145748344,-1.5726536412080097,101950.4208597991
-7.359354311493612,-1.4204238647234477,101971.7377589629
-9.767765846109747,-6.7342068901755505,101736.8677823726
-8.748557707609155,-6.742877356056891,101733.40814700945
-8.970179059467359,-5.781804824499884,101748.37821274204
-7.992062037700474,-6.2436549557758765,101737.39229406415
-8.070059139614395,-5.512426370131192,101751.26070194677
-7.252505388363712,-3.48393695652709,101809.7958590116
-7.489315087335934,-3.8960113619556074,101792.67213490553
-7.626256500836392,-2.761094707520796,101836.39443538616
-7.468367103711873,-3.0833065434291993,101825.37642851677
-7.957836075485581,-4.2517611031307805,101780.0480604852
-7.594542673315294,-4.927152198501589,101763.21806255123
-8.578258399287414,-4.779547240684317,101766.373045393
-7.776598053189025,-2.467280505067145,101843.91974552837
-7.537161970095953,-1.6458742851026407,101902.02591297425
-7.605151574564671,-1.9293371548474207,101881.37043185264
-7.64137190066233,-2.2059304685860024,101863.73796829917
-3.705218855637357,0.5886351274177692,101234.96811997761
-3.288003904228773,0.9082995872487736,101239.22835682293
-3.4502748515210446,-0.005473671098006387,101238.92016946165
-2.973929534027552,-0.5888026189246423,101247.92103902988
-2.5059531321986976,-0.8975086652800367,101252.53584234165
-4.939927560364307,-3.0414618578911075,101770.69823583169
-4.445848331167801,-3.0038187716979694,101750.20611224603
-6.124220925917554,-3.9496726795416914,101778.62886914513
-6.321360350820708,-4.50584426870936,101763.3832301446
-5.495992187161513,-3.766316711314206,101768.80135204148
-4.926777204740042,-3.5626345340367926,101755.74289270822
-6.8673377332303,-4.952823931990284,101757.54032174157
-5.896171817854815,-11.193370543965852,101662.72599601223
-5.3793103448276005,-11.59125508026639,101652.95579578998
-6.307198930879187,-10.663633628221108,101670.82293124466
-7.774671975739788,-8.139018460746284,101708.67750812473
-7.867527160464938,-7.198787194891791,101721.40729180642
-7.1423242977571295,-5.6822619633937785,101742.13284637351
-7.213131847693373,-6.599061637100233,101724.20625943814
-6.8081422097538145,-9.844158627752776,101681.85399935118
-6.9087042335037685,-8.705818003812848,101692.14111053203
-5.042833851104008,-11.194261432874457,101646.81548890074
-4.551724137931046,-11.590822136317778,101636.09794336598
-5.421096432055733,0.7412876433679463,101182.87446861899
-5.682260626295232,0.42814135041385554,101181.98493415442
-6.67346104241815,-0.40296036715087696,101231.48296272306
-6.306776199387415,-0.28965941356435143,101199.45018861814
-5.9778697938554375,0.11302271290673861,101191.33217852177
-5.626170142152226,0.9912038653221618,101165.60864447337
-7.077863036446906,-0.7562956964733485,101230.7826477012
-7.005076857838481,-0.5046523620112638,101288.33104651984
-7.273387974558636,-0.8262718108336486,101288.8692467883
-7.380275098290814,-0.9776898687316194,101356.12907701051
-7.516884399651332,-1.4441864865838374,101896.2153132533
-7.6737909552997445,-1.5184174392240357,101869.58527675061
-10.084324817965603,-5.459204854950352,101751.9515293239
-9.46154615898061,-4.8756322892806745,101761.12790481624
-7.948410600543088,-2.7265444319915546,101827.31087357673
-7.873494201060087,-3.576529480199281,101801.1605674237
-7.938423843704239,-3.090532293996618,101815.37245805464
-8.504872784039133,-3.9188053521564843,101784.04988043387
-9.10875720193364,-4.265612414315268,101772.3371243751
-8.046873416010685,-2.4645008427584383,101830.87515783442
-7.905728893014022,-2.256295926825158,101844.86354483491
-7.801329286133535,-1.732574229466597,101861.5512618187
-7.864024804869984,-2.0202547783271823,101853.78374924631
-2.981763032550644,0.5465002089649824,101240.82015464666
-2.5059531321987034,0.8950219682836971,101243.21635689406
-2.5535840806041623,-0.0036703115909549407,101246.22774425952
-2.1632782879988985,-0.5339731989919209,101250.21025183955
-1.6773873383859503,-0.8883236493768475,101250.93378213511
-4.373169144032395,-3.3522893589809364,101739.17514238057
-3.8135108420949537,-3.3379805225129995,101714.52853856393
-5.720755035471742,-4.442829712653731,101753.40593937437
-6.08205561636222,-4.921461266294981,101747.51351234231
-5.02601558576307,-4.262971465111352,101738.94658354616
-4.339873321474364,-3.9144785866373732,101724.09873753024
-6.212375862507633,-5.595559470604818,101731.844039515
-5.460611861968707,-10.668338358428441,101656.09460637126
-5.974029853949054,-9.976157600991176,101668.36977045496
-6.816737432042318,-7.433475086233696,101706.45705668352
-6.459757722664984,-6.4407876128845,101716.98652889188
-6.028908895697099,-9.097250152153121,101675.0300287395
-6.142486557429205,-8.157267884866462,101685.89068528792
-4.1688061302355734,-11.22140318467584,101627.62812790579
-3.724137931034493,-11.590911631097224,101616.69163964142
-4.5914633255221045,-10.655949890430218,101638.15152055572
-5.871689734673123,0.7868062817779181,101163.71303026944
-6.932049557097315,-0.2128330268107264,101319.69390807165
-6.119408891548788,0.5440537327514715,101179.61252699212
-6.650564216440634,-0.03349808344410463,101262.39939967332
-6.371873790833268,0.2914116394950616,101215.42423527739
-6.046071237081048,1.0105894359349086,101145.82332205457
-7.195427521803135,-0.31279745377985246,101392.16328047105
-7.2912311830961745,-0.6151279889832876,101372.95864607209
-7.463211908937107,-0.8051991342589101,101437.2974810854
-7.595496544866254,-1.0010394916025143,101625.12701271458
-7.694162015270335,-1.3077496892448905,101811.53460963117
-7.874708469835134,-1.4382983775589193,101827.01528727064
-8.060891827509623,-1.624734200759705,101826.35903318915
-7.7124356869211,-1.1131038504451625,101750.22938731534
-10.368520332490563,-4.485308893706338,101761.38592575163
-9.810614022479003,-4.065006198793483,101768.92188423581
-8.247104351251405,-2.769865762416211,101815.74503533634
-8.339624660920318,-2.4698212275166154,101816.70780146825
-8.4944138125233,-3.2189441388362052,101799.31778293496
-9.081153263164754,-3.5650230294898306,101782.45899690675
-8.146573279672214,-2.1529774353130517,101830.27642336847
-8.0844348036836,-1.8528598891429355,101833.53445060297
-8.513913775617073,-2.263180576720048,101810.46270981211
-2.1721183878323176,0.5311498685098107,101245.33882899948
-1.6773873383859343,0.8856557552122072,101245.88425593125
-1.7022503332976124,-0.004408763991353846,101248.50398802
-1.3357120685158077,-0.5306843640843081,101249.53178101662
-0.8386960237928669,-0.882634627198864,101249.28516322313
-3.7426080433058457,-3.697766824409529,101703.54386209931
-3.099551105976302,-3.7064858436253587,101672.75888018934
-3.6753016148959765,-4.269284140880968,101687.58330546146
-5.303395658420066,-5.1203033535918445,101723.94236044632
-4.3693001073107,-4.771265892434164,101703.95715074048
-5.567230327160046,-6.222981889221261,101705.41055020054
-5.110515728414668,-9.83908183021489,101652.48117235793
-5.632141090462895,-7.365108019364382,101687.08952835471
-5.209772787089326,-8.660170443123631,101662.70048661834
-3.362903932669276,-11.143159665293794,101607.42726125132
-2.8965517241379395,-11.591265807329332,101594.74759901408
-3.769257378977937,-10.651283964973997,101618.46000233198
-4.284398306598436,-9.94782736356771,101633.40913698496
-6.274656051340172,0.8338529361273407,101153.59574916406
-7.125356636123015,-0.03320999005166088,101390.04315169548
-6.9472129750040255,0.1449129268333749,101332.82461419293
-6.488633672787699,0.609017942256504,101192.22787008133
-6.704578860926676,0.394245812164776,101252.36390465904
-6.41544032793402,1.0286769303138854,101137.04217570918
-7.331313580873443,-0.06435130861210499,101451.08334670645
-7.425184395452458,-0.39711167483982895,101463.02635363808
-7.563315016068916,-0.6225210097062424,101517.04300546272
-7.672863543374143,-0.7843423333322909,101591.10448695683
-7.75514928202227,-0.922014350759649,101667.01512923981
-8.31129305016547,-1.6112328862480043,101807.51955926628
-8.126646052742503,-1.4732316434172594,101809.13481754035
-7.897594567319785,-1.2127499233358654,101781.27239063846
-8.077116857502425,-1.3150979192282821,101793.2673418523
-7.910885204041995,-1.007879854081179,101728.20545885329
-10.521492439496939,-3.6997579836085617,101766.38629055046
-9.71380722706584,-3.3075565121308124,101776.04557822109
-8.693766391934538,-2.62056570462721,101802.26085696822
-9.10149010186194,-2.9287760327508345,101789.007969299
-8.419775910671696,-1.9483528575811186,101812.00881715692
-8.84156058782356,-2.1439920573829356,101796.39254164393
-8.592313654221133,-1.6251288359893283,101793.67901420977
-8.538518311678851,-1.4122741789189637,101782.72934454998
-1.3155636316274113,0.5250675334432536,101247.37729895301
-0.838696023792854,0.8793535636567961,101247.16810649297
-0.8443755460252829,7.102025992253725E-5,101248.70579976904
-0.4308368330989844,-0.46288626366608066,101248.82880326406
-7.1048234716705884E-15,-0.8809785180698638,101248.78644545874
-3.0350252680780647,-4.083029960300657,101661.38493229084
-2.3360622169614733,-4.092852156279933,101622.45049715081
-3.637735105747609,-5.126596952813995,101666.97326253135
-2.9677344510540675,-4.680113297749657,101645.0329394862
-4.499952300851375,-5.944412990243385,101682.04053460622
-4.8032540227582405,-6.913211082626179,101673.93891792971
-4.293661672089497,-9.061394476922878,101637.98645508579
-4.5574888934334625,-7.904437360498045,101654.56267117336
-3.4946038973728006,-6.1156786189508106,101643.41886878217
-2.526946543490426,-11.14698249431364,101584.10070150932
-2.068965517241386,-11.591909569398126,101570.78554925477
-2.9829944338649717,-10.556978448644962,101597.33077123074
-3.4705869132848206,-9.797971064035307,101612.5138211566
-6.623105774786577,0.8709837478287064,101153.2604361789
-7.213616300391961,0.2112038294447544,101411.47756380618
-7.015416129102402,0.4803256772148806,101313.2964460647
-6.83817866729072,0.7195597851716676,101209.77715832414
-6.7403585582022,1.0449135685550723,101130.3362881392
-7.44145509491144,0.08559233016395171,101487.34374431528
-7.554044997625234,-0.13927411576936066,101517.3841072183
-7.65210331724157,-0.3755158071237119,101548.81232646754
-7.795917427711374,-0.5816003222901641,101605.9495876413
-7.902092089377935,-0.7923403434913702,101671.34265179448
-8.298934954368567,-1.3079183188433396,101781.3562562349
-8.140323284362788,-1.112328794240072,101757.86890157878
-8.113071827201253,-0.872195618306458,101716.36338539183
-10.464279645377673,-2.959688006358904,101769.29138585458
-9.792335528051764,-2.6439539856052514,101776.69953141989
-9.28246848466949,-2.35466430317068,101785.62876154123
-8.842089509404323,-1.7644496757084702,101788.60025012832
-9.234741243056975,-1.8515664912653842,101780.35660953751
-8.84989148918533,-1.389334581490085,101774.31456146576
-8.587708144296457,-1.1607758582873333,101763.11207103287
-0.41308619022197723,0.5155124651067753,101247.95258257816
7.10481488780614E-15,0.8764438253091064,101248.02815467467
-1.7040959898970143E-4,0.006367353797869939,101248.99283515401
0.4163597198377329,-0.4730759931111619,101248.64115366747
0.838696023792854,-0.8847241749576833,101248.67228558483
-2.2856615340249555,-4.4735589793650625,101610.8251396634
-1.5611032967771497,-4.479553333152108,101556.73909836668
-2.824665438159365,-5.594799231892378,101621.11598198711
-2.2158592199838485,-5.082807273872123,101595.10247460219
-1.678580343563614,-11.160458121174406,101558.42237968916
-1.2413793103448327,-11.592545108164536,101545.17212024033
-3.7594575018834258,-7.129115153803829,101638.92471250401
-3.544114821390262,-8.583874384773948,101619.6718599453
-2.7462250161497503,-6.692697198862254,101604.14207744655
-2.1757768754637725,-10.584424498309165,101573.43599893292
-2.628923687013504,-9.969807130942304,101587.66690584461
-2.678895093826271,-9.06376833433446,101590.27717159585
-7.490500582469983,0.31443149879129517,101501.54816952777
-6.922738222096431,0.8960875798712745,101170.0741271866
-7.2922744868327625,0.5104130105870592,101409.58003558857
-7.108380221990539,0.7424332926232966,101274.32179337392
-7.026175291244613,1.0582323593417915,101139.82400502247
-7.744731223812926,0.3585058070265958,101579.6559587632
-7.672222884336786,0.10603699509394006,101553.88891136959
-7.814418380216672,-0.10457135217104656,101586.65781200728
-7.937533787686055,-0.3717153774329368,101627.03602440919
-8.036503232503874,-0.5894070767523006,101663.52044151143
-8.38565905086103,-0.956388549837895,101741.60447069544
-8.278797216920081,-0.6756476998449896,101704.8500610725
-10.497362629085252,-2.314173681018951,101768.16142732628
-9.786054308570446,-1.8675514215566862,101772.13035610525
-8.702435805273783,-0.8516346926209067,101741.99399208218
-9.298632255621005,-1.411222466802177,101768.63765805832
-8.976997880917388,-1.0161932393953748,101754.73911355255
0.43334194865742875,0.46390861851097936,101248.8608553193
0.8386960237928669,0.8778079397512221,101248.53248673715
0.8375744432571447,-0.005325724313215096,101249.25538658143
1.279403788145467,-0.4939840740204149,101249.07572145962
1.6773873383859343,-0.8941355339650012,101249.6125713506
-1.5324094119804335,-4.8752000919204175,101547.87018863922
-0.7819875823540402,-4.862980569670052,101463.67653822096
-2.0573152914579778,-5.953120344752603,101574.12922466556
-1.4499011772957442,-5.523510394856375,101535.99532560109
-0.8453820903644632,-11.132830119905556,101531.70173612692
-0.41379310344827935,-11.593271302704522,101518.60236125892
-1.3285503996580288,-10.678053150662727,101546.69732487692
-2.674382943260334,-7.779801741906102,101593.85844112594
-1.989704252781101,-6.935198815808728,101565.720983317
-1.8363651186276837,-9.845893309387614,101561.89599804181
-1.9143441119945774,-8.691028444641908,101562.64242373352
0.039304854325847315,-11.145526336041028,101502.87227202002
0.41379310344827314,-11.594790458860412,101491.9011213938
-7.817108625200205,0.56667589464806,101616.61299617878
-7.964603991294749,0.39124618581748294,101632.70324453744
-7.547140402713232,0.596949934723435,101519.51772171083
-7.200230819063944,0.9404027257071125,101237.18522454098
-7.347724457011517,0.765545673949351,101389.54217873812
-7.2775960697696735,1.0671217041518792,101290.09808321699
-7.9773817017872855,0.16052546539244822,101626.37213275812
-8.073766730181193,-0.11344357690383826,101638.53347793774
-8.281458958376918,-0.34695804235266714,101680.21828075607
-8.577329908992413,-0.5953809407267133,101720.72719905539
-8.159980928893402,0.3302572673613453,101657.8671170345
-8.062164684386289,0.5508251350859757,101662.39794790138
-7.9704027097049135,0.7081764599142959,101668.42822122636
-10.47251232196266,-1.5983643532896126,101764.06262743576
-9.937854650926493,-1.1399366043273385,101760.20147463777
-8.984484041301625,-0.5294348748572175,101734.92927097612
-9.446312733851983,-0.7436182573397891,101750.4785585582
1.3365187339284859,0.5230768656293521,101248.96083807015
1.6773873383859503,0.8845639228610565,101249.15884884757
1.7074229416555948,0.009673961903854804,101249.37225702452
2.110531266124132,-0.4829713380417589,101250.16696853215
2.5059531321987034,-0.9070318314561266,101250.50980909396
-0.7803729155181065,-5.2544151475450604,101471.02616870544
-1.2272331685274975E-16,-5.242905603960242,101356.84258629415
-0.7189106478459975,-5.828381251286435,101476.14702661191
-1.141974697259372,-6.497774749245012,101516.9030609824
-0.4492942394978713,-10.62712670068611,101517.39191080868
-0.9460228359792272,-10.007124753814251,101532.46688731526
-1.3286233157780707,-7.75260004427767,101536.74401134589
-1.0575344262906132,-9.082717388696084,101532.52232569753
0.8815845973931618,-11.146219814630072,101475.64979085473
1.2413793103448256,-11.596651458574485,101465.8733330002
0.4752538990769125,-10.622993577016405,101486.62399489571
-7.723049874779459,0.7738185658851671,101618.25833725164
-7.973091300605472,0.8564210429427793,101695.06828041257
-7.5248952900445,0.8329026959075209,101511.71966560734
-7.413425521424131,0.970172384147682,101434.21499570321
-8.358040822839026,0.09550142204501112,101678.26243617386
-8.710994970740579,-0.19650952555074205,101712.99406541487
-8.3555881220778,0.4733199400352661,101691.60114381893
-8.22315824889651,0.7743354773931911,101706.4816818851
-8.100614106834529,1.032928225960235,101736.42963280472
-10.663435812023266,-0.8059335024249988,101757.57903944234
-9.978100154795627,-0.38720864195420285,101751.2517805705
-9.295836045307238,0.016274052379961892,101736.40055420775
2.1646162555806416,0.5262309943808475,101249.62383973938
2.5059531321986976,0.8973222433063858,101249.91868351218
2.5158931628976977,-0.00898295221168197,101250.90595860394
3.009898000187059,-0.5858500470628839,101251.56959458637
3.288003904228773,-0.9220360055619209,101252.68835813855
-0.029243222190026025,-5.648713283233216,101392.15256119544
0.7409266808971217,-5.279933066112923,101286.37349789479
0.7821695925441273,-4.865868186574913,101254.83588399144
-0.16200931256544332,-6.330979658090675,101445.60355069408
-0.2934867442242079,-7.192186703970257,101476.42195091514
1.720943205649957,-11.149097475544899,101449.7767082865
2.0689655172413763,-11.597710706349478,101441.12640316988
-0.0700735384329673,-9.741729869609722,101499.89213290515
-0.2623521990711744,-8.534982045363357,101495.06121773443
1.3176815190797169,-10.582699141975976,101459.05664653251
0.8423740938832903,-9.950420139544438,101469.46778433397
2.5545875505171063,-11.165785878968654,101425.91946580901
2.896551724137929,-11.598304356312356,101418.34421443239
-7.852389618379488,1.0155378901514065,101721.4347207513
-7.641796792753892,1.0175530464801064,101687.22542590374
-7.958659671776183,1.2109693822483587,101768.63894428716
-8.80125693694348,0.3935380083117514,101720.2742736797
-8.558339682539497,0.7626489921827692,101724.26120671835
-8.367592152766688,1.0377145521897937,101742.46569353213
-8.183468339926728,1.246813353394586,101766.52108440014
-10.574947930080034,-0.021420204319422504,101752.49338716599
-9.913389854392209,0.40373418824901963,101746.98149909925
-9.377351313845706,0.6815985141383716,101742.74070697412
2.9959408824549296,0.5512259355730803,101250.85184065778
3.288003904228773,0.9146028846172841,101251.0952681676
3.716322123065782,-0.5997512299987913,101253.27759408597
3.989285958241398,-0.9391759772468348,101254.73358117817
3.4545586698501074,-0.01315191949592936,101252.26681030368
1.5125497067452707,-4.890011892083715,101274.69677961593
1.5603504847071898,-4.483306543144429,101275.22604183955
0.6763639203880373,-6.040616530403201,101366.25350361985
1.4422642751531891,-5.561818563649672,101305.29084148786
0.5416611103012303,-6.906312363822787,101420.47337149344
0.5115627714060978,-7.935742656696268,101452.87222324547
2.2518934293225543,-10.699386121083027,101432.00877813519
0.9442796914510981,-9.03579993828754,101455.57916799773
1.7340398891524254,-9.92807772403701,101441.28707701039
3.325704865184084,-11.17468553529527,101406.0593541017
3.7241379310344813,-11.599351857900347,101398.10077300346
2.9918821791342975,-10.696102371147376,101411.94188900689
2.2922194431269998,-4.503254537988046,101280.74975051089
2.33348869821693,-4.096236427699355,101279.60367271514
-7.733300209897678,1.180501508784752,101764.63699564054
-7.8503249357974205,1.3331014582579022,101795.91528384271
-8.024035776589786,1.413943369447466,101793.55086570524
-8.957590789098347,0.9197159630847137,101741.72008432058
-8.689767545188703,1.0846991575218592,101746.70342187503
-8.269946812130145,1.5261156557880744,101784.48435695459
-8.59368323290067,1.3136647380292061,101760.80901591561
-8.401293827337692,1.360451313473214,101769.39884881812
-10.602446231898265,0.8159366944864022,101751.04574051627
-9.375806183813454,1.2118547275772753,101751.21512162974
-9.954583833394745,1.2094441075290463,101751.0946990878
3.73874597978061,0.5887972896075029,101251.87337994583
3.9892859582413926,0.9343347834579654,101251.82263473862
4.329789993327771,-0.6404050854743931,101255.98552031389
4.606173919577271,-0.9576602868115037,101257.8458586245
4.067916172140993,-0.26411151571565417,101254.47447054987
4.17121385902424,0.22768234388888903,101253.89130321726
2.2211143699652394,-5.228694812797014,101282.00765030907
4.09153072466015,-11.191130596780674,101388.63944013474
4.551724137931032,-11.600318355301567,101380.55312184159
1.5245839907321521,-6.515942247509932,101362.26443032034
2.1411044065506792,-5.968631673611625,101319.35420556435
1.568363818807428,-7.7854177675903244,101409.25081194265
2.620215284082794,-9.945263389481187,101415.70106846835
2.1475817683273744,-9.091653531922482,101416.89141597807
3.6636727505790176,-10.72086046529998,101395.69446947538
3.31297059715671,-10.09134102353245,101398.84185838542
3.036122254588713,-4.101498489603506,101280.12726377195
3.0948038765502086,-3.70911018239087,101280.4177895274
2.986872649610943,-4.774215152138858,101282.09162950737
3.737112304700208,-3.7156067173789293,101280.55884645462
3.8071827294077236,-3.341228953219589,101281.46246544109
-7.356385127258386,1.4168071553320434,101946.16047014545
-7.694264272611923,1.3543089024085468,101809.07745488545
-7.488737056411229,1.4564468723891213,101887.87335912742
-7.841862337416503,1.5135445617323209,101820.65142476802
-8.031029592465794,1.6586491742287452,101809.69378294381
-8.2688860173416,1.7513064374795382,101794.21027618267
-8.943023072259242,1.3839563787762552,101758.30380422655
-8.605705518181793,1.6151571929112298,101774.05544521265
-8.54290799283495,1.910268573398866,101783.44439695888
-10.610074237090348,1.5799757239149064,101751.46113857791
-9.436989017828235,1.683552044329496,101758.05902498124
-10.022345235022017,1.9726956757490537,101754.51287804589
4.39106783471782,0.6809276129529132,101253.4062048256
4.6061739195772695,0.9550452376665775,101253.51498107027
4.900103261847871,-0.6775719397508566,101258.01138846924
5.148824006521085,-0.9764749089215194,101259.97646448182
4.645491430432331,-0.19003968813021532,101255.85136164435
4.752359623835438,0.3265089047583609,101254.76101915412
4.923389987568946,-11.177420559417941,101372.30464641518
5.3793103448275845,-11.60018421220587,101365.43436353265
5.724439778684425,-11.218138441534608,101358.9085240194
6.206896551724136,-11.599908788171431,101352.8729646431
2.9526238897859667,-5.716927765651773,101293.1826788239
4.440911043786651,-10.73190974391804,101379.32225307227
2.642014668886939,-6.840808323638477,101349.37824464125
2.6668627305471038,-8.171665311254786,101382.91422344891
3.2829238414034063,-9.165019565164775,101388.11903673677
4.043403454311149,-10.001778524762484,101382.24146211088
6.617271924817281,-11.189913827316106,101346.63627711766
7.0344827586206895,-11.602608143319694,101342.88290283589
3.6914814468965673,-4.386487473876935,101279.67441820297
3.6994074161758497,-5.081369965455423,101275.61182694118
4.3623757361231945,-3.361406760549003,101281.87238470513
4.4390680965318206,-3.009085157966969,101283.22212639145
4.333319413880726,-3.9225582235306335,101278.7260567773
4.936068554243777,-3.061384768673529,101284.19815468662
4.991792553247794,-2.7133604961911204,101285.56642398954
-7.311898861030718,1.568154580639245,101925.55570910744
-7.132942068510282,1.5341365450423734,101945.10213894137
-7.637838753494705,1.5866392848676687,101859.80526194785
-7.451542006048069,1.6417915970939265,101890.38259249149
-7.799510530935987,1.7183593938194621,101835.72639330711
-8.044394017467685,1.8832243299483291,101812.65601743954
-7.087132111377282,1.7173082310722565,101909.67847027442
-6.8805407442553514,1.67121974436763,101905.88157894969
-8.28360694894119,2.060019548888567,101796.64316538296
-8.907989938306875,1.970492588920864,101771.37398743011
-8.612519649872082,2.2236692611170725,101783.06374076587
-10.65238453818803,2.4393677156053353,101750.06101611051
-9.418185844173081,2.3528687874244802,101761.97024888976
-9.97862798580825,2.802260991120507,101753.22836845211
10.885529690045933,-11.318601381555723,101326.01517919764
10.344827586206897,-11.652062696457524,101327.04681680388
11.172413793103448,-11.658790521870399,101326.47314655331
5.425239225222455,-0.7691629853005842,101261.13448357438
5.626170142152226,-0.9949688816707987,101263.47085268362
4.940523252996118,0.7177875911996902,101254.4933875992
5.1488240065210835,0.9758705277334776,101254.79632844376
5.215046828511154,-0.3798990449197712,101258.59815462578
5.081489341740504,0.05402332887393123,101256.97163118361
5.243728596279184,0.41124967801883855,101256.53816040047
5.352423895523834,-10.722842006766891,101362.96297673103
6.218032656114353,-10.629973927275085,101349.78805277775
3.724775700874075,-6.212043079083709,101305.84767830539
4.951084311841591,-9.960529308083462,101364.71839595685
3.8532895674807373,-7.766585619619141,101351.43783603434
4.326639195916078,-9.07435243842473,101365.94953698346
7.4886831197960495,-11.218565886542496,101337.82673915302
7.862068965517242,-11.609689762123606,101335.55520919294
8.34554612521392,-11.272145869589304,101332.00190791949
8.689655172413794,-11.62205906826954,101330.83915112117
9.283166511018095,-11.291011050199495,101328.07035521131
9.517241379310345,-11.638607045631773,101328.12522431256
10.108014467204223,-11.309512910461452,101326.5632355233
6.990496138070477,-10.696323876302191,101340.74220774905
4.356054642422961,-4.723676295154264,101279.97843723909
4.477761004806797,-5.748670931762083,101283.58733100617
4.906082937602002,-3.5699693945589632,101281.7298950682
4.977951672525401,-4.285816058334908,101278.34701244645
5.433931426198567,-2.7475178208358217,101286.58461624426
5.475376549455101,-2.450671532834429,101287.63648796214
5.395590292910526,-3.2472018959521733,101284.52605122257
5.858473399053886,-2.4878664585014687,101288.30648263589
5.898729617094129,-2.217947460887613,101289.12726348668
-7.298015630347776,1.7936533764915417,101889.5270063976
-8.04168942825988,2.1773163136018674,101809.66021785971
-7.5511163175445235,1.8353843817626352,101860.80944295802
-7.817233702681406,1.984721195776672,101829.23304888139
-6.833933896314426,1.855147665017867,101880.1772066544
-6.594477023692898,1.8297358001298467,101862.50509274476
-7.069572844911527,1.952973907832191,101876.66667029024
-8.342549459784397,2.418578280457105,101789.93410155117
-8.02406441707998,2.5023836101360035,101802.43181681405
-8.86860617689371,2.619773807223746,101772.28226613603
-6.557416919813865,2.039623443956324,101846.0336755893
-11.172413793103448,11.646719931148363,101691.14704017907
-10.790765653764511,11.282592711857824,101679.77656927785
-10.344827586206897,11.630888322812257,101668.6858854734
-10.607232879055523,3.302236008839401,101745.3727624665
-9.329962135290645,3.0235804340945376,101759.31905524012
-9.859888339274956,3.5099098234423827,101748.20516511159
10.52346844586202,-10.739282665583184,101325.25292265169
5.673657662437005,-0.4725298518500942,101260.53216378653
5.872294927467109,-0.8119537317120242,101264.3322152229
6.046071237081048,-1.0129960098167774,101266.71756819345
5.437978172941474,0.7636937412344874,101255.76020305125
5.626170142152219,0.9961230160529605,101255.94442684017
5.517203754444225,0.05727270411512414,101258.54710044808
5.704196788100305,0.4785540084483806,101257.07718295786
5.991592165903306,-9.938286945565546,101348.98119763772
6.648794955445686,-10.050299896630992,101340.9962912215
4.931464813015428,-7.076593447239635,101315.0242507076
5.585223534090017,-8.977380718589659,101343.75354895603
4.909461784622031,-8.10893960407524,101340.07676083775
7.878212758240827,-10.589345571580738,101333.06832372927
8.79025341569164,-10.62126203438041,101328.24766055481
9.689890453457831,-10.720251247884676,101325.77958234173
7.367314914735832,-9.87835242207703,101333.29462464305
10.132102155127424,-10.15724855330592,101323.9921626105
6.233697996846917,-2.2561955521366794,101289.36536722274
6.269759074403861,-2.0125062957108626,101289.898054955
6.5632660826340095,-2.0347495527534263,101289.82134092152
6.5955154065928,-1.832159131764056,101290.02486980896
5.135902376234432,-5.062400915580315,101278.06721899191
5.425374813633911,-6.1267825139136125,101294.99720444618
5.890936877338569,-6.84174519948391,101300.91979971134
5.469290854943317,-3.8421678389171467,101281.8812849116
5.667059810068963,-4.594123682268126,101284.00792480052
5.827000341950868,-2.9233931344565414,101286.83842830722
5.89058040161741,-3.4945081665347306,101285.36773955164
6.2192012066338505,-2.5781464742176374,101288.28109323668
-6.269391269639974,2.0116132474399064,101828.06099336935
-7.316831641174534,2.0463075605489958,101861.08375013307
-7.756032847524828,2.322010680462703,101820.98305935599
-7.556050711108004,2.125179531218193,101841.52711445422
-6.823976312794894,2.125581555366174,101853.67676555009
-7.091473262617383,2.2033724832250408,101849.93004687066
-7.761170992171853,2.687293349642292,101803.48364371927
-8.2153640032015,2.844673690878905,101785.75807127614
-8.651110623065492,3.2644463444988587,101766.47522301819
-6.556403501150916,2.307478458501029,101829.09384921238
-6.2280465876349,2.242964889786092,101815.88537087872
-10.066658178017777,11.275860588098034,101669.11177803965
-9.517241379310345,11.615028555288124,101662.62315985112
-10.454610980063233,10.890025218184011,101676.34250607296
-10.565264834282797,4.083480427841553,101738.15542654971
-9.195915731765437,3.7321736509085253,101751.23553391012
-9.798178730300872,4.142275838623552,101740.84672542046
-10.719101577717295,4.781748241220316,101730.00423959315
5.907038565439737,-0.19812333067535026,101260.41655968608
6.073047656941502,-0.5515134366289257,101264.14107865364
6.266657978825,-0.8545941014688929,101267.37099372876
6.41544032793402,-1.03067243906146,101269.4656218462
5.879684019678703,0.8011915937273629,101256.41452677453
6.046071237081048,1.015053834017783,101256.68077285537
5.99984993487616,0.22296761582202576,101259.25981865487
6.11174472868534,0.5501536517040316,101257.67125033757
6.680460487406435,-9.060969165820813,101331.59558495121
6.017995987490164,-7.840490304025087,101319.70291513405
8.290904420939018,-9.8018301944787,101326.13471030437
9.339356865066712,-9.92258851831228,101323.55130039627
7.715020728312547,-9.071345827648752,101322.77863509791
10.05613264547236,-9.230138932301145,101320.6072320005
6.847362177529634,-1.8616383133517023,101289.69652313966
6.881901527477112,-1.6742926258090045,101289.73083975152
7.099469104125826,-1.7273659248905888,101289.31577388746
7.1348026448212085,-1.5382197726204891,101289.24265951598
7.359140314771699,-1.4226970791102738,101288.73219489162
7.323952471605956,-1.578414359225978,101288.82868569683
6.550253864492313,-2.3462695279409127,101288.95896001802
6.834487120310336,-2.127891315577194,101289.23815167924
5.873033707455275,-5.3844695597213255,101287.02649567042
6.672356983101477,-6.92726521705568,101299.39960920489
6.270576126019229,-6.015197222693138,101288.81482226978
6.0493576889409715,-4.11907716365088,101286.87287511675
6.269519904941522,-4.833611348693799,101288.09975989198
6.20954510234252,-3.076800794527049,101286.7398628549
6.392698128616259,-3.7584081717045934,101287.13549225945
6.579149972049472,-2.7469782023641383,101287.51193189576
-5.899148095656945,2.2190145562573496,101798.48167043543
-7.335987833847848,2.455170082401192,101828.13988785594
-6.912891816760953,2.4547212998535506,101830.1931924795
-7.460380192690357,2.857847798459626,101802.7287272051
-7.777118559768152,3.066451948735569,101789.05278798038
-8.000058877463122,3.4826086271585854,101770.68936110615
-8.471106303499248,3.965743961514796,101752.65539734789
-6.613495375769236,2.7072658464504538,101806.90574441386
-6.221399574531842,2.597177334965569,101799.09977807313
-5.848513240416922,2.4794533077492105,101787.09754996291
-9.278577241978692,11.246154705801443,101663.73349087963
-8.689655172413794,11.60187140012034,101658.84959050012
-9.748733762138707,10.679779823603434,101670.6980842587
-10.366617531388695,10.232877158103708,101677.64085652145
-9.99988369217077,4.7188761021170045,101732.38085659848
-9.200978109454132,4.499819569999894,101738.06020436599
-10.447479485402638,5.511120663017228,101721.39597468932
6.277843425019864,-0.22971330479294946,101262.13251101786
6.455851538688521,-0.6066588286685396,101266.46964712696
6.620210561694337,-0.8884719099007518,101270.16617550123
6.7403585582022,-1.0462792995278352,101272.12766758131
6.2700574087633045,0.8414144649950828,101256.874505753
6.415440327934016,1.0319045445111337,101256.69210668496
6.334567301751674,0.3116488456055078,101259.04808984026
6.482112918941894,0.6451453816258296,101257.27100399906
7.456067432857191,-7.890538775910668,101311.40507437989
8.784277970626233,-8.67744543384226,101316.51500410357
7.59199438718166,-6.777205071740814,101293.46720053336
9.992990502669876,-8.035894927197402,101310.68004364755
7.095093572431964,-1.9306733145812665,101289.06174466327
7.313702230889087,-1.7809571637550916,101288.64888917688
7.49896727496408,-1.4609239811242667,101288.40015363439
7.485582862180987,-1.6666619621728451,101288.21257078611
6.854403495652148,-2.5020646594407543,101287.83484555966
7.117532160202489,-2.2504102977518565,101287.98616087042
6.688876002509082,-5.335277557517069,101287.62689668358
7.029950413651625,-5.998481707086194,101288.24902822818
6.636003082764726,-4.408443652380825,101288.29727531025
6.861358116204971,-4.820287469599446,101287.51429523586
6.690913437518978,-3.2487491940053865,101286.52561856296
6.888248881185261,-3.9368981514558414,101286.62053893099
7.010364860580691,-2.953006696900384,101285.81902609371
-5.476508395467117,2.4537410766358794,101769.7716923098
-7.056014614385442,2.9294593731774152,101799.78497933177
-7.461463326192237,3.2851530746190796,101782.72529939776
-7.5021309246904915,3.7904194057945935,101763.205913436
-8.432682159439967,4.796453410336879,101733.61900732636
-7.823343408259617,4.284331001254009,101747.03015276944
-6.660619350408157,3.1577387353470714,101783.8628781525
-6.236268107882758,3.03497165436869,101779.47276984215
-5.8379153197809,2.8791307712809395,101772.02560340952
-5.427061547537068,2.7471353579843054,101759.15128704718
-8.44819110915952,11.233875462378567,101658.30252300244
-7.862068965517242,11.591931254011206,101651.95440183343
-8.893049684297653,10.592711056273144,101664.60913527379
-9.43288895708619,9.841050215160266,101673.26965607186
-10.141961961199144,9.169816651352832,101682.2359641647
-9.235689455380502,5.609674691139882,101719.35167591365
-10.080888896516903,6.461307361187397,101709.14187914647
-9.936578407311696,7.745761429695002,101693.5091740446
-7.590890156846375,11.216983649308307,101649.8113247535
-7.0344827586206895,11.585086559102956,101642.0321727671
6.64286330676606,0.03451421662812002,101261.14712366603
6.680773216242652,-0.3978010657108897,101265.92319254
6.790667718591295,-0.674076321184809,101270.02144501334
6.911325877753218,-0.9007158473489597,101273.46250682435
7.026175291244613,-1.057218971516883,101275.00267360556
7.2775960697696735,-1.062237637139888,101283.24924952837
6.630592477853971,0.9025992289466436,101256.96525809221
6.740358558202196,1.0463399322885292,101256.71888269643
6.69205357480385,0.39879340233073374,101258.40868183038
6.785339464901571,0.694457667606036,101257.00202695763
8.753109229580621,-7.110355795175757,101295.74195209808
8.048487876717381,-5.959383863475771,101281.94275537455
10.096822903807489,-6.672067733066069,101288.95047497888
7.335959240222041,-2.0587435460102395,101287.72399198757
7.673243507874656,-1.3529579634014675,101286.51202193719
7.531011817258933,-1.908381743035708,101287.23404194416
7.651884493351177,-1.5448125228350347,101287.24200935924
7.657896543577385,-1.758183988882716,101286.75324478197
7.225091072141381,-2.646900001118061,101285.97245263269
7.45082219909161,-2.4416073724564704,101285.62193402043
7.518425092647354,-5.103049093500153,101281.46265682265
7.193966498162171,-4.421055695905386,101285.44633547927
7.199434674856492,-3.5078361227120536,101284.43308191783
7.378049968423855,-3.935669132452081,101282.75695277077
7.410366371028378,-3.106967285479491,101283.45150338775
8.379805328064917,-4.983823142930657,101272.58733770187
-4.9935387749701174,2.7184824760517508,101739.96739017016
-8.187335348395848,5.748377610345285,101713.67674114816
-6.973076788155862,3.5841312943886896,101768.59099786813
-7.256626768282746,4.0829071650136495,101751.91288046952
-7.776317986680606,4.973349756055657,101728.595101879
-7.2781122721869895,4.577759249294072,101735.9820471922
-7.480471621105727,5.6765699335486355,101709.41731594212
-6.42424186584749,3.532865508350108,101762.81894067455
-5.908508215875891,3.389773159383657,101755.13986321155
-5.425304204206165,3.1046811394135316,101748.07585870997
-4.937054448757409,3.0426733412052416,101729.42504494298
-7.980569639455753,10.604404312975959,101656.19399258083
-8.460003622958318,9.835817478224905,101665.02617499874
-8.877022765340243,8.557692937416231,101678.82998785574
-8.682433576214112,6.8961619211514105,101697.50006239698
-6.729112237858766,11.164534155244045,101638.38532000569
-7.170412603951361,10.633501155606,101646.23087815267
-6.206896551724136,11.580810510999486,101629.35725884567
7.18120966691643,-0.9375041398638946,101280.01684602835
6.933641061907733,0.20612097963669263,101258.35276627634
6.941427225607497,-0.13659421742646663,101262.64503909629
6.992420322115082,-0.4938486657041474,101269.31770012599
7.083424795053961,-0.7569616097755656,101275.33987652254
7.403067599358419,-0.9733058097824836,101289.8367644504
6.904415395881849,0.908452513436602,101257.57041348098
7.026175291244613,1.0571962938368944,101257.034378517
6.97379739455417,0.5008733228822164,101256.21261931391
7.032190992110609,0.7562514962880987,101257.39818134527
9.266636095257127,-5.769537473190734,101268.43177017164
10.37173981498096,-5.59591783903123,101268.77863610293
7.741863939692012,-1.1726580725657394,101281.71552662295
7.858271436537039,-1.315352718974884,101283.21228388508
7.625309270925487,-2.2030373947164312,101285.31232412888
7.8550863948474,-1.4935182367845063,101284.24109154053
7.779832365696739,-1.9432914849459992,101284.95927942965
7.829053833910865,-1.6869078321960962,101284.83036877344
7.615858353900038,-2.786342215483278,101283.03477445162
7.7864700638076165,-2.5215836746514997,101282.50858156692
7.852778537694292,-4.267318726890898,101277.9261318875
7.694500740431302,-3.5859889704836383,101280.20061749838
7.858077156856987,-3.1806189530847133,101279.43345310996
9.156522342976588,-4.708613486116369,101260.98469899328
8.58035495518189,-4.239904869713963,101269.20444926113
-4.4410951157566965,3.01566203059485,101707.58782867009
-7.572648499016521,6.519510704686412,101693.68140016322
-6.670638100293332,4.217221321304758,101741.13450732794
-6.90659195984486,5.114336045344618,101717.62013226796
-6.958207326586986,5.926154049476021,101697.7766803149
-6.090394441937026,4.089124670600459,101734.58751726734
-5.4369253556010015,3.697865212288214,101728.9760085582
-4.913828469713266,3.538540099991569,101714.73562513418
-4.363817812360675,3.3720837508607757,101696.04334517977
-7.434045127490183,9.75664324093189,101654.38257257685
-7.771991654388228,8.890318886620797,101665.31591149214
-7.469275246009829,7.574596786451746,101676.04119853211
-5.875298364203308,11.154335222771083,101624.14161993678
-6.255558326609119,10.508747709475472,101632.82180198886
-6.585866668148176,9.85154908396746,101641.31703248553
-5.3793103448275845,11.578599541886865,101614.08059164444
7.170822705370862,0.30748081399869187,101255.03083527397
7.321527609469148,-0.7885146451495222,101279.80349459952
7.1737071866851885,0.03668557196548078,101259.05147643365
7.2267572669764535,-0.2564832541893784,101264.94231455751
7.27086557674669,-0.5512635843158672,101272.52298838708
7.616842207524832,-1.0172359550064018,101277.17396857355
7.521230042470429,-0.8343424815351944,101280.85394565332
7.14463074579654,0.9158612965412029,101259.4055468086
7.277596069769672,1.0628070948941442,101259.63103632392
7.1968601114705155,0.551714391879064,101253.67446385
7.332905326092474,0.4019008603098731,101250.93102744655
7.274980755138525,0.7663097384661094,101254.0703666596
9.961931324455888,-4.8582376845131074,101253.30758978029
10.680434020983965,-4.82029446776317,101254.60923336812
7.84381791486726,-1.0014853997067197,101283.73854349309
7.980166199455557,-1.1733255488047762,101281.07805660808
8.028797986600978,-1.3834106128506574,101281.00207556943
7.924538868313825,-2.2089069482531,101282.36264571319
8.054929951451141,-1.6427370594282733,101280.52600466744
8.032208412081857,-1.8975367856370395,101281.29230333249
8.24488971477545,-1.514610881600135,101275.75609821979
8.116789233869293,-2.9140560051089226,101277.53135755862
8.178037244986857,-2.4957880012132287,101277.96215495632
9.707640329745944,-4.210327649039788,101253.33984375655
8.383461720104135,-3.4718385662266944,101272.47502770227
9.088370771424605,-3.8243723920453014,101261.31402353813
-3.80872162111924,3.3469254860505773,101670.97214029203
-6.591676985186393,6.598472361905736,101679.33639513263
-6.152004734956584,4.973181981330194,101708.84402500473
-6.196891151569327,5.7073053709733985,101690.71647119512
-5.562590059923336,4.49521357057437,101707.90888194773
-4.904437814373916,4.327133170973535,101692.18059498594
-4.318889120094678,4.017662091197846,101678.226824278
-3.7379109514774975,3.7146608584784078,101659.6181002363
-6.6522622464163526,8.747511555643207,101650.69370449582
-6.2696210088002555,7.526886964358744,101658.75123482366
-5.028111438228607,11.149083459414125,101607.25671721688
-5.367799577593747,10.575236722688405,101615.58807693278
-5.769897456207909,9.612783619817272,101627.96691349799
-4.551724137931032,11.578261668969036,101596.08788855743
7.378794087126635,0.20334327321083576,101253.58103897849
7.545534479756072,-0.6005047416445419,101274.62188740584
7.437169629711642,-0.039028648697427185,101258.50096626236
7.487852466288308,-0.32411743727365117,101266.11145400589
7.750695391469658,-0.7990839447877889,101276.31217512043
7.774923596222601,-0.5697649827679472,101270.966176845
7.989877667297186,-0.849480872092737,101278.06786182751
7.37599539350266,0.9551933780848695,101258.27175374994
7.400725158834917,0.5738115582475862,101248.24858153246
7.503349406351514,0.3784642602653726,101247.54876777716
7.480692219620267,0.7820224773585255,101243.1761440977
10.470628380871362,-4.057030867633714,101250.33716685788
8.109311902967434,-0.9940463678513682,101279.13516586577
8.202343062250618,-1.2450391872866342,101276.80414866853
8.388815126334581,-1.3515423423280497,101272.54981284463
8.326258799111415,-2.1671998319107297,101276.24167331726
8.343972400628315,-1.8168272877527345,101274.89689306972
8.514693300496672,-1.6089012699176797,101271.14338957744
8.66329587313766,-2.6257018946006463,101271.99652527933
9.81131613165012,-3.5431609809541764,101254.9077667605
9.214349212842817,-3.0265388057786233,101264.975717962
-3.0954190198092495,3.711826160636074,101628.26583278514
-5.561922974816264,6.43801638079964,101661.99763187513
-5.249520181672537,5.183204552861747,101681.31729627555
-3.0396033565347294,4.091938494997738,101617.0782643289
-4.341675193409359,4.7511770506014,101661.35951875256
-3.6516644792333524,4.402377616281394,101640.33648111043
-4.086022095099815,11.18713180682602,101585.20342027907
-5.583724590097341,8.447359586982799,101633.69625071085
-5.39294718595558,7.466213460231714,101640.79360631616
-4.782567056900556,6.829786305335242,101633.81042444194
-4.497366950272306,10.564252144703522,101596.24633996794
-4.8677134745239306,9.805445879889872,101607.83290851561
-4.831615948226574,8.929810722763683,101612.04598034623
-3.7241379310344813,11.579035644042992,101575.6740153287
7.599896791241579,0.15235392683678253,101251.3235044827
7.744056317414681,-0.3298660099760429,101264.39823562068
7.697061166535383,-0.10950892277082051,101257.85254333967
7.962677942902823,-0.669564162144346,101274.48395690437
7.932443489803831,-0.4192347996783207,101266.94762065938
8.224582210096633,-0.785424169750857,101273.34094448634
7.578072570690957,1.0041596612492347,101209.8767575694
7.734300984994303,0.3722437450740116,101242.53664073517
7.588043928663645,0.5884971329494924,101240.1698135078
7.681446518607612,0.7837793717647868,101222.5916809108
10.564851890169267,-3.236499273798695,101261.64393713161
8.621512214498825,-1.3504429826140594,101269.57764425223
8.462077443369697,-1.0532993702848197,101270.37931112583
8.776031245746745,-1.958089933976569,101267.86019907937
8.83647941166719,-1.5199027910075258,101267.38249813985
9.36416279400922,-2.2903512306649585,101267.5516265031
9.968232901230655,-2.703763332701877,101266.24071242962
-2.333095451678885,4.094017110136788,101576.64163161583
-2.2860292303020686,4.488188086313388,101564.62325130998
-4.487280705827132,5.851300728305532,101642.63461031439
-2.9045742311586835,4.8090466705677954,101594.62462229324
-3.5979747220318767,5.135005137182143,101621.54750708316
-3.2110224281327158,11.153715260150324,101561.63127603185
-3.648119147712722,10.563066620986143,101574.29773601552
-4.611054579196681,7.830541328333915,101616.203238133
-4.144477530903924,6.874105807110424,101612.43716294956
-4.050305666494549,9.679655498166067,101587.51621136711
-4.049081132131085,8.536715542433043,101593.55417625951
-2.896551724137929,11.579935641707632,101552.69233112011
-2.449029067673877,11.100780663161663,101538.97385701838
7.841355180091696,0.12281455155453272,101248.53436086344
8.017964441287816,-0.16748033875006552,101257.10873084281
8.16422582028865,-0.4721939025374664,101267.10590793821
8.470548902641712,-0.6650631369706295,101270.07076598502
7.759951215507276,0.952595117032388,101222.33975567904
7.72406392288581,1.1376556950966594,101205.86665934885
8.000678294566208,0.3810665819727058,101236.37127360415
7.828426230079025,0.5979731233320893,101231.31984047937
7.910718339948245,0.8008407859963304,101224.37639388711
7.708071215748226,1.3238726028008974,101219.18472817716
7.361191458261009,1.4242668651745243,101225.7602990554
7.522930225810922,1.4512998396868682,101224.75156510668
10.537489963548946,-2.3673524190503485,101273.10805199087
8.907611768029469,-1.1965256492114082,101267.17653299567
8.78021484560245,-0.864803230748701,101263.58569675678
9.271338128818456,-1.564908947405735,101268.40932752241
9.843925301262464,-1.857862355576123,101264.05859296182
-1.5594601600986635,4.476038168341895,101508.42072248386
-2.166057247915104,5.181562971961348,101544.15544700473
-1.511119138072185,4.868323113135125,101497.50636914898
-3.3696882053490445,6.328291775967728,101591.64314988161
-2.754335155651843,5.692632738090406,101570.91902202839
-2.8300402758627223,10.58472757473607,101550.64558265671
-3.325370538243657,9.836693446985578,101566.61599461778
-3.3607621234380645,7.562511275584797,101578.80758650231
-3.3508586074192475,8.869029812909073,101570.20613387741
-2.0695844575376143,10.586599816263496,101526.77469492693
-1.618010003130908,11.118613063660042,101512.52960245295
-2.0689655172413763,11.581092622452411,101527.48852123115
8.177152356379782,0.07506577012337519,101245.73539687511
8.441915966105821,-0.22415606253081644,101254.685836307
8.84062895904521,-0.5117687061124323,101263.18083768664
8.268639889443442,0.35928490739397384,101232.89863331964
7.906241350511871,1.2405337432616363,101205.80625356002
7.927262797045925,1.0482301177376316,101203.45185791214
8.146087182320056,0.6611963018739588,101221.15617032476
8.092977869394852,0.9084142053635529,101202.41703121786
7.692766948401371,1.522903695445104,101218.55825401357
7.9096619262659535,1.4669657671343523,101205.72518882142
7.341274257359696,1.5779690344728934,101225.4642987037
7.138794370860522,1.541227890087189,101225.9812601154
7.534277475095225,1.658786840227789,101222.15601424551
10.493069228710295,-1.607523621825048,101273.20715424925
9.24187556946367,-0.8959548628142465,101266.4657315117
9.908804898208706,-1.234072203980129,101264.65199674129
-0.7815879668010165,4.856640613507194,101411.38419527219
-2.0348800440238906,5.931368233971999,101526.7388277152
-1.3994525131331472,5.566568327564598,101483.7212503394
-0.740893029994477,5.263613966591354,101414.86856480862
-2.4528364834324616,6.7705216388914256,101544.36227278992
-2.4924928405013964,9.64593133166246,101540.545627636
-2.4449241268197865,8.29798215542458,101539.36983711172
-1.626311239660732,9.89149943283102,101510.87900429506
-1.1653945084594617,10.632551652158536,101496.51381858414
-0.8057745694841921,11.132317659976517,101485.39058756946
-1.2413793103448256,11.58307457743912,101500.78542872038
7.102735722620355,1.7419604591242546,101223.96940771835
6.886838545975558,1.6764944929069128,101224.86550121862
6.845714984267498,1.890741429330873,101221.09262864185
6.600744802550234,1.831932978605674,101221.39340749416
8.523945735728606,0.1685913862277698,101237.61133130403
8.851067391783522,-0.053425971825556,101245.93694271623
9.22394362713206,-0.3805140587650708,101255.35734456594
8.495001557733007,0.5400945367222278,101220.87685458467
8.076872306572197,1.3428154780139345,101197.48949512384
8.168787335769705,1.1476272547182218,101198.10361741006
8.318130179836896,0.8650384110931973,101204.34169941627
7.814661258914056,1.7283409128790048,101209.98571414838
8.111110478710684,1.5051142376116065,101195.52564633799
8.028632468463956,1.65455901332648,101199.00502018924
7.32329675811525,1.8061407363827064,101221.21464985552
7.585429595180958,1.903987044361406,101213.84261747696
10.419883582268636,-0.8103484446541152,101268.43708696855
9.786364956620872,-0.4272355357307361,101260.30250992223
6.55611543151851,2.050243859651765,101217.11966523586
6.2753546222464,2.009956574170124,101216.84972740039
1.2022767038589304E-16,5.233898873747753,101298.55792550817
-1.463044913643818,6.47178873598259,101490.65118364758
-0.707008330702226,5.907346632519469,101426.77384600525
0.001087928274884479,5.644143033358993,101337.02155471723
6.216515962975517,2.275933660501627,101212.92537257611
5.9047083488931,2.2133143380837437,101213.90570356295
-1.4609265723565776,7.660546502334291,101494.55851686012
-1.524503586642721,8.988297067976243,101504.48440151232
-0.8364494162256948,9.89868410911898,101482.46107937669
-0.4603107393357632,10.646954152787659,101472.16354468046
0.017734896000430933,11.14803415825051,101457.5634972304
-0.41379310344827314,11.585577253297574,101473.2190334617
7.080495419143611,1.9591891715649519,101218.75017867216
6.827273427091094,2.167043237909087,101213.87543542666
8.915173097340395,0.3507054675206762,101228.08644143444
9.32521746672457,0.10008002304071739,101237.01951329102
8.606692690142694,0.8434965974681088,101204.31767946604
8.818989180648932,0.6841129724632473,101210.01599060713
8.297579350556479,1.3891068675651677,101190.36013000841
8.519941943955866,1.1849928710906885,101185.45716361623
7.842741754261678,2.007831622363965,101203.12571325041
8.052982727616856,1.8630351250968633,101197.09446772725
8.242806341694838,1.6721240620180977,101190.71824910353
7.346181332932547,2.10691512448226,101211.01821606814
7.661261307364448,2.199724106614194,101201.6353126034
10.415507258031662,-0.15398663648370606,101261.88942130159
9.868043895513523,0.33480988730843536,101228.62002777627
6.533816702253913,2.3930676235216524,101209.32951177015
0.7081260095271709,5.255484803440679,101223.78741497692
0.7814366303625352,4.85423963992505,101189.48994517347
-0.577516509485829,6.8654189757068025,101436.13608353816
0.10143941434080145,6.315621826463028,101367.81165136264
0.6493277468747314,5.847328190375061,101296.02830985983
5.838679908469664,2.5088364479191254,101211.85584633956
5.481747419874397,2.444647482303881,101213.94942768222
6.184016015983632,2.622891585598586,101207.7930647994
-0.6563006435572069,8.11632187000865,101460.50090424613
-0.510398470736231,9.040009612570186,101464.78804701594
0.06811995081392044,9.792153460166919,101448.81800471364
0.4415643573432548,10.525815186077018,101440.77615457326
0.8419867350443293,11.135355732513545,101430.09898617755
1.2087453459740238,10.636788194266638,101415.49462769051
0.41379310344827935,11.587882222704405,101445.62727938144
7.10837710887175,2.2793742427344807,101208.03262914934
6.851174833566931,2.46367261393631,101204.43260008562
9.298962904592631,0.741453336197942,101204.52228413626
8.896184150491578,1.0568520970238853,101183.07853740708
8.522705175532847,1.5636416732103318,101183.70090643731
8.81767950290688,1.4027726570533219,101178.88162521186
7.9019170366045834,2.2603549753114014,101193.00059836164
8.108982952140162,2.1420796576001164,101189.94116999606
8.402489635731788,1.9367539602170007,101183.03124882127
7.484569216263326,2.4379392588365127,101196.07554696285
7.774893732058647,2.5161921790175787,101187.33052502736
10.495547188701439,0.6976410812487789,101222.83888223558
9.886663598409962,1.0509070555776163,101178.30666215353
6.567804542387794,2.778620783532539,101199.5179263109
1.5149469895445224,4.8574154787557715,101208.71117488365
1.5598257334815324,4.469372773558775,101210.57090597627
1.3366970745425328,5.614648500567456,101255.69528236221
0.2102023474789228,7.277030550321866,101401.89187955076
1.0615218317245658,6.522622083405801,101326.42653931493
5.416270183808965,2.7608121068352354,101213.73228542072
4.9981462686875435,2.706143015286945,101216.03579003658
5.794353869249812,2.8980466764652366,101209.6271911571
6.220812225081208,3.1034271831621947,101201.18854966546
4.933516025626813,3.0449914621278733,101217.53633054781
4.444971198603317,3.001216806781557,101218.6540731134
4.374546336130898,3.3622384945320176,101221.59088696493
3.811819571630355,3.332197339808569,101221.23798853182
3.7366912749297962,3.714952305191304,101223.3148728175
3.0974054689494572,3.697605256380207,101222.45350144697
3.0250433591045,4.085190082529829,101222.57778263207
2.3338581252845665,4.0809726034163365,101219.24939224137
2.2817590840544972,4.469966606223263,101219.26417174307
0.4389420196495051,8.677104659588155,101420.76365702962
0.973109955562587,9.795605418476836,101417.52345899063
1.7001618422746891,10.013064671449635,101394.35363933732
2.072082155260073,10.686875032787308,101388.64635893445
1.6555741185048758,11.132503716035318,101404.09835399089
1.2413793103448327,11.58943737000765,101418.8152736453
7.197826643104462,2.688851627939202,101191.43359608004
6.930939463448264,2.8814866361479328,101190.10958519248
9.259828422606821,1.4184414924451143,101167.53893190536
8.86208282100176,1.7819825045224305,101173.06032618276
8.081163451913802,2.486036535015405,101181.6179491199
8.401470161124218,2.368937833885168,101179.53286361916
8.744458886330786,2.160985060913903,101175.80215648645
7.584741893669988,2.8571907973513047,101177.63682646032
7.997520752424504,2.8016613510820836,101172.80195077021
10.483365144397322,1.4543636714810353,101170.13929834233
9.811072497019403,1.750278304414295,101164.34457251882
6.738448441185843,3.238450933321589,101187.47350117123
2.1286812155185837,5.221663090775436,101218.05200168233
1.9811832996228205,6.035570475244524,101265.97790212325
1.2478125781097769,7.66833281933858,101365.32559871108
1.8766420883213264,7.009834283103575,101321.16145810316
5.409393447364333,3.1513991146176537,101214.09052470677
5.9008032829534285,3.432331820062963,101206.48032410647
6.464201067666414,3.6059202917363846,101191.7174327506
4.921198617633171,3.4884668382717554,101220.51507948023
4.338916149248041,3.949693801150708,101226.52011964361
3.6771413697746502,4.328748044242646,101224.14899956255
2.9113476885076413,4.735218457246231,101224.3686316507
1.7400484198747668,9.050278886234043,101379.3648357383
2.512784570952748,9.856903805282059,101369.05920538736
2.9687044162685945,10.651829928759616,101363.20115302374
2.5002856471646093,11.157022301850638,101379.12007987253
2.068965517241386,11.589543664786124,101393.40731898599
7.299442856996294,3.237837222010023,101171.56399347736
9.246153483825532,2.1448444923263095,101164.7469257432
8.38885141996041,2.7557410538014087,101168.14464375506
8.80566249257407,2.588706578431941,101168.68271515901
7.874078400616644,3.1811985629744033,101161.88313077837
8.297751874176589,3.099619155152976,101160.8326050774
10.459957510112625,2.1309772889013203,101168.90011320205
9.832240403247502,2.458439814866338,101168.281832439
6.97258764895097,3.7183891695132405,101174.81204586917
2.7461531568394864,5.617159026615372,101232.71867107776
2.7280175314581903,6.79973750748978,101290.09837520689
2.441379121642126,7.954938176100965,101333.61126303712
5.448681782300495,3.788008246380426,101216.40141535702
6.709160085380521,4.125514104025827,101185.89031216131
6.1075511395816235,4.006944404735411,101204.06561767195
4.960791535322202,4.206327546035321,101224.6337748753
4.363127761697528,4.5974295786312025,101231.41421817338
3.6519697133554603,5.034131064754309,101222.79998169061
3.057409540319625,8.843820736052669,101338.38746883291
3.3025417782741098,9.829754276989952,101347.2045645438
3.754781676685432,10.656364091482825,101344.35237318282
3.2366056711284084,11.210476826184737,101359.70538724725
2.8965517241379395,11.588134748154552,101369.95506405471
7.460076291986856,3.7561236796349906,101160.8121648182
7.74102745860756,3.579095622705721,101156.44337252584
9.333009225522327,2.8997742978852084,101165.84003491957
8.720031778681154,3.2019567317796493,101156.01735770506
8.22067850953473,3.556882964318407,101152.38855232245
10.514191360968406,2.8935957211562715,101200.69364199921
9.945855594293755,3.2674276705300422,101178.06865502185
7.307247713085013,4.189558344129118,101165.67806159197
6.9436793979342255,4.555605990805701,101180.97149025962
3.5072163633701186,6.1814623554558095,101249.86673846311
3.6745403997855464,7.710762656031326,101296.8054730005
5.72893272265181,4.542078646987387,101215.87706358527
6.409202947133082,4.645576026222987,101198.55257240303
5.212322120277232,5.136715611247408,101222.91615519962
4.443490098641206,5.5716082179763875,101229.49042321379
4.090656028762696,8.922197073414385,101315.40943109617
4.15726454993071,9.8958187825157,101328.37380588293
4.529161005960267,10.627662556993533,101327.48560469189
4.124159387482937,11.133465507780977,101338.70669340291
3.724137931034493,11.58605536559664,101349.38627414826
7.8961126188263515,4.093883428902336,101152.89252620014
9.233556272274706,3.682230622047144,101158.34777351003
8.686331117751118,3.980259101202168,101151.8233953769
10.627251077359661,3.721414788907666,101206.81658232598
9.884257876224874,3.972952885015044,101175.86882063918
7.4851811075732115,4.791650603410969,101166.29384649794
6.819830362076662,5.076413176049808,101187.9277084435
4.5349989926700776,6.801875143650938,101253.92733645595
4.614330333469915,7.848599008360339,101282.38389840255
6.235046811296227,5.468900047302772,101203.96438501053
5.548628747464061,6.103053721594558,101223.01429410758
5.170662818742891,8.513942903939235,101288.37856355512
4.985582950652951,9.751556316739858,101311.72950867286
5.388527038990844,10.54595297860231,101312.87626140729
4.948545902157974,11.135864134478204,101323.05484797165
4.551724137931046,11.584370071949929,101331.85941137264
8.340680906396523,4.65884138879376,101155.25432097634
8.009082012061038,5.323540774180179,101168.9065525602
9.325927365390852,4.565741224183763,101161.74627543459
10.38698271133349,4.468952115967217,101196.50207675877
7.252796179197144,5.735535550371334,101188.33254104418
8.073288896594473,5.9388277652140715,101186.69377911034
5.582583233192513,7.3480260036720555,101255.28053446696
6.498762297272476,6.384469316666507,101214.98483815923
5.965325737184708,8.206025321613605,101269.66684340805
5.825848906572576,9.175854652532236,101290.78940815372
5.789805198279801,10.00429139637208,101302.39065229562
6.245858782867777,10.575949364115072,101302.24112417958
5.832208394026295,11.180394102915109,101310.35771180796
5.3793103448276005,11.58435855870247,101317.92389781451
8.884154310396296,5.4680727257973905,101175.19854452103
10.02663326609068,5.373229193115913,101200.00676350835
8.604021065414631,6.435681218691229,101207.90813464395
7.648754427678866,6.746943245506336,101216.45956109276
6.74537370554346,7.578216609879211,101248.45725351326
6.533393250187044,8.78878666251625,101275.36237055865
6.607278414730983,9.804444882299286,101292.46830086621
7.10747584227835,10.5483941894286,101295.89909926384
6.710206766109076,11.183466592370278,101301.7463999451
6.206896551724153,11.587340607356948,101307.64472912975
9.676939952584519,6.524352576912504,101231.15128053469
8.703644210847555,7.453593753329953,101244.83351488686
7.88983274697644,7.931151016373043,101254.89091843706
7.468223637839117,8.841394194337669,101272.89828216408
7.44624141557078,9.869337405894546,101287.76670487001
8.063906048440368,10.666008108948448,101293.70107137715
7.571363625951116,11.191158782943972,101297.69899390922
7.0344827586207055,11.591154483776132,101301.08709920433
9.653461046364905,8.116673519000713,101273.67618225167
8.796847814044854,8.89351551052642,101277.67049505723
8.269773446186049,9.830236690235658,101287.5764912254
8.709184921833744,10.63812916278031,101295.1467893673
8.334991638657183,11.143288715953808,101296.33196003702
7.86206896551726,11.593983122123815,101298.05566959234
10.101169001939585,9.49900611330098,101297.39630596885
9.27395124004847,9.968986085912436,101292.69950650871
9.394637780898362,10.673154041985454,101297.82043600373
9.113771097786794,11.169112776245527,101298.50626712955
8.689655172413815,11.601340342680771,101298.13116862177
10.384835719426789,10.593528554092636,101305.65667611106
9.948840343355995,11.249494327214714,101303.9011757745
9.517241379310367,11.61536647609801,101301.71378928763
10.766138636901674,11.201432529386159,101310.93114966944
10.344827586206918,11.62755330437601,101307.76085204727
11.172413793103473,11.633646718515008,101314.84741463757
-11.999999999999998,-11.82798998985883,101732.37486993012
-12,-12,101732.82202448585
-11.172413793103473,-11.827176734942013,101730.65596056821
-11.172413793103473,-12,101732.40271482599
-10.344827586206918,-11.825783482239348,101700.14512551375
-10.344827586206918,-12,101699.66986880568
-9.517241379310367,-11.82383203079743,101695.62167280732
-9.517241379310367,-12,101695.4930744805
-8.689655172413815,-11.821380768171533,101693.67436735664
-8.689655172413815,-12,101693.53616451108
-6.559344390372259,-1.7421216460784024,101901.27313770656
-6.230919294166869,-1.910816627053416,101866.89416818284
-6.525144495396526,-1.6679306422096674,101901.77735388391
-6.193422467648792,-1.8271572155285802,101867.1840532205
-5.1488240065210835,-1.0956231380245003,101148.32950427082
-5.1488240065210835,-1.2,101148.39865710407
-4.6061739195772695,-1.0853732127492728,101194.50726549736
-4.6061739195772695,-1.2,101194.62312228848
-5.856781731138544,-2.1018974641658743,101838.27228332484
-5.816438334455084,-2.0081095994615596,101838.55316771411
-7.86206896551726,-11.818802093938388,101687.94730382763
-7.86206896551726,-12,101687.9162591443
-5.626170142152219,-1.105730835392126,101126.02275590152
-5.626170142152219,-1.2,101126.09258134654
-6.046071237081048,-1.1151645687877327,101119.33227216387
-6.046071237081048,-1.2,101119.38573404097
-6.415440327934016,-1.1245983021833394,101114.44338047877
-6.415440327934016,-1.2,101114.53976425511
-6.848054735570273,-1.593885224275827,101946.49809535181
-6.817038760357775,-1.5278213950282677,101947.68250191765
-3.9892859582413926,-1.076093365650036,101235.05280325125
-3.9892859582413926,-1.2,101235.11230589889
-5.430679480389419,-2.318847826032647,101810.96787780176
-5.388016267616915,-2.2137521915438807,101811.31675728448
-7.0344827586207055,-11.816548783174502,101678.9474275601
-7.0344827586207055,-12,101678.9289068761
-6.740358558202196,-1.1320455473628708,101107.6074479619
-6.740358558202196,-1.2,101107.12368858169
-7.026175291244613,-1.137039641844508,101105.26697056611
-7.026175291244613,-1.2,101108.63126577494
-7.1023751356322435,-1.4645296057856059,101990.44040189672
-7.073887061444266,-1.4045342105067526,101992.20530086641
-4.606173919577271,1.0853720477811213,101221.60361261443
-3.989285958241398,1.0754809379250625,101234.17107258299
-4.606173919577271,1.2,101221.75284288712
-3.989285958241398,1.2,101234.28191753176
-3.288003904228773,-1.0683932413042703,101251.31167600327
-3.288003904228773,-1.2,101251.4426659422
-4.901137778053229,-2.4474538665344494,101782.78804308274
-4.945373474424499,-2.5654156507446038,101782.28745796166
-6.206896551724153,-11.814975637832948,101667.15640669591
-6.206896551724153,-12,101667.15285790277
-5.3793103448276005,-11.81420685466654,101652.8344550863
-5.3793103448276005,-12,101652.85221612174
-5.148824006521085,1.0955828450523317,101195.86359979116
-5.148824006521085,1.2,101195.96302295993
-3.288003904228773,1.067408903294897,101239.61320453904
-3.288003904228773,1.2,101239.66371966219
-2.5059531321986976,-1.062503938763653,101253.62686263412
-2.5059531321986976,-1.2,101253.74369557813
-4.3478267358654445,-2.713043166784587,101751.63297002738
-4.392382006457425,-2.84521389629067,101750.8996383056
-4.551724137931046,-11.814010061962627,101636.08994283796
-4.551724137931046,-12,101636.12095917792
-5.626170142152226,1.105092666055528,101164.50735628909
-5.626170142152226,1.2,101164.66945980005
-2.5059531321987034,1.061373621947135,101243.19912067438
-2.5059531321987034,1.2,101243.20847005997
-1.6773873383859503,-1.0583289315349307,101251.27253392483
-1.6773873383859503,-1.2,101251.33520493192
-3.7190186651556387,-3.014871040725293,101716.58549639693
-3.7619696546735093,-3.1617389869924324,101715.49782293693
-3.724137931034493,-11.81405074140783,101616.72784249876
-3.724137931034493,-12,101616.77931032944
-6.046071237081048,1.113904289061322,101145.09907526092
-6.046071237081048,1.2,101145.12864188694
-1.6773873383859343,1.057116252369185,101245.75607161596
-1.6773873383859343,1.2,101245.73571949697
-0.8386960237928669,-1.05574301236312,101249.60645353611
-0.8386960237928669,-1.2,101249.63788307177
-3.014190961676473,-3.353188338395293,101676.132958017
-3.0529910272673044,-3.5137781134998685,101674.36149647157
-2.8965517241379395,-11.814211730604242,101594.90587535952
-2.8965517241379395,-12,101594.98289743353
-6.41544032793402,1.1221258774154026,101135.60399016383
-6.41544032793402,1.2000000000000002,101135.60723670515
-0.838696023792854,1.0542516198439982,101247.08186133148
-0.838696023792854,1.2,101247.07177372288
-7.1051528639962685E-15,-1.0549902354863017,101248.90533233785
-7.105427357601002E-15,-1.2,101248.93154121403
-2.265503772757724,-3.7125581890762924,101627.1537581187
-2.297575792850337,-3.885419083259765,101624.66096577935
-2.068965517241386,-11.814504349726421,101571.02674031012
-2.068965517241386,-12,101571.12222966725
-6.7403585582022,1.1295061675250329,101126.54656929927
-6.7403585582022,1.2,101126.04267542873
7.105148962239701E-15,1.0529290115041392,101248.16296444146
7.105427357601002E-15,1.2,101248.17273381805
0.838696023792854,-1.056692806798947,101248.629809901
0.838696023792854,-1.2,101248.63350694417
-1.5103403050613615,-4.075036653570547,101565.87652546707
-1.5334143922049015,-4.258907871562165,101560.64285017057
-1.2413793103448327,-11.81479323098388,101545.5266324105
-1.2413793103448327,-12,101545.64345843626
-0.41379310344827935,-11.815123319411146,101519.05099431511
-0.41379310344827935,-12,101519.18916473207
-7.026175291244613,1.135560163337178,101129.78150897569
-7.026175291244613,1.2,101132.62876912746
0.8386960237928669,1.0535490635232827,101248.53749749978
0.8386960237928669,1.2,101248.5444399786
1.6773873383859343,-1.0609706972568187,101249.70568856326
1.6773873383859343,-1.2,101249.71968470914
-0.7551701525306803,-4.437518326785273,101469.10183244938
-0.7673598933594803,-4.630910255369264,101462.98042504935
0.41379310344827314,-11.815813844936551,101492.44347047675
0.41379310344827314,-12,101492.59990699739
1.6773873383859503,1.0566199649368437,101249.08474102456
1.6773873383859503,1.2,101249.08316151382
2.5059531321987034,-1.0668326506618757,101250.66782323389
2.5059531321987034,-1.2,101250.67700107738
0,-4.8,101350.02813987869
-5.578332584215898E-17,-5.001320729072837,101332.15405605284
1.2413793103448256,-11.816659753897493,101466.48846925671
1.2413793103448256,-12,101466.65433042047
2.0689655172413763,-11.817141230158853,101441.78498284135
2.0689655172413763,-12,101441.95331633113
2.5059531321986976,1.0624192015029026,101249.98670071593
2.5059531321986976,1.2,101249.99912675325
3.288003904228773,-1.0736527298008731,101252.5875778215
3.288003904228773,-1.2,101252.57368378734
0.7551701525306795,-4.437518326785274,101262.12812956989
0.7674426252640649,-4.632222808507837,101262.50018300302
2.896551724137929,-11.81741107105107,101418.99498901117
2.896551724137929,-12,101419.15852547779
1.510340305061359,-4.075036653570548,101273.62733769683
1.533072204900373,-4.26061387610413,101272.88388617085
3.288003904228773,1.0702740384624019,101251.08338788128
3.288003904228773,1.2,101251.09124685987
3.989285958241398,-1.0814436260212885,101255.07281079746
3.989285958241398,-1.2,101255.0949064657
3.7241379310344813,-11.817887208136522,101398.71144453202
3.7241379310344813,-12,101398.8637250389
2.265503772757684,-3.7125581890763115,101279.5743978123
2.296406011602796,-3.8869573884504223,101279.57328601049
3.0141909616764915,-3.353188338395284,101280.56400159358
3.0508331957099992,-3.514970994756914,101280.50594430935
3.9892859582413926,1.0792430833899842,101251.8740115661
3.9892859582413926,1.2,101251.87625716085
4.606173919577271,-1.0898455849143198,101257.88265383895
4.606173919577271,-1.2,101257.87995905432
4.551724137931032,-11.818326525137076,101381.07090045343
4.551724137931032,-12,101381.20242043775
5.3793103448275845,-11.818265551002668,101365.88657857786
5.3793103448275845,-12,101365.99518115215
6.206896551724136,-11.818140358259742,101353.20625961131
6.206896551724136,-12,101353.29266431174
3.71901866515566,-3.0148710407252834,101281.81243405877
3.759093239815689,-3.1632155464045133,101281.72900301887
4.3478267358654605,-2.713043166784579,101283.64217426853
4.389300081622897,-2.84760770823112,101283.540550734
-7.100730246474274,1.4634443625683977,101959.75047768746
-7.0738870614442675,1.4045342105067513,101961.63522153311
5.148824006521085,-1.098397685873418,101260.33772688822
5.148824006521085,-1.2,101260.3338410569
4.6061739195772695,1.0886569262120807,101253.28430381129
4.6061739195772695,1.2,101253.278165086
7.0344827586206895,-11.819367337872588,101343.15995757809
7.0344827586206895,-12,101343.24601667936
7.862068965517242,-11.82258625551073,101335.86068003903
7.862068965517242,-12,101335.95821831108
8.689655172413794,-11.828208667395245,101331.21054534713
8.689655172413794,-12,101331.33138498515
9.517241379310345,-11.83573047528717,101328.68177417113
9.517241379310345,-12,101328.82987630641
11.172413793103448,-11.844904782668364,101326.82125293318
10.344827586206897,-11.841846680207965,101327.63915182125
11.172413793103448,-12,101326.87391682151
10.344827586206897,-12,101327.76421660466
4.901137778053244,-2.4474538665344427,101285.88399181845
4.942344494050767,-2.568320516378387,101285.80534031823
5.3880162676169245,-2.2137521915438763,101287.85177664009
5.4277254866342775,-2.3214428012214,101287.80041787264
-6.84590329849304,1.5930024629097947,101912.93490246068
-6.8170387603577804,1.5278213950282653,101914.43869894263
12,-12,101325.89888078124
11.999999999999998,-11.844904782668364,101325.82434289381
5.626170142152226,-1.1068040371230903,101263.38133072898
5.626170142152226,-1.2,101263.35737538317
5.1488240065210835,1.0981229671515806,101254.88933704517
5.1488240065210835,1.2,101254.89754906693
5.853843462927382,-2.103490445564309,101289.24417671254
5.816438334455093,-2.008109599461555,101289.27189104888
6.228120925264736,-1.9114067974296158,101289.96641413463
6.193422467648798,-1.827157215528577,101289.97718869669
-6.556659280985787,1.7414784412642934,101864.63267283219
-6.525144495396529,1.6679306422096656,101865.44148867285
-11.999999999999998,11.839418150521984,101697.68502114815
-11.172413793103448,11.839418150521983,101695.74788928792
-12,12,101698.09685919988
-11.172413793103448,12,101697.30254728388
6.046071237081048,-1.1149981862803533,101266.95008537077
6.046071237081048,-1.2,101266.90381160357
5.626170142152219,1.1073286436604366,101255.90261279243
5.626170142152219,1.2,101255.92120634958
6.557131273213016,-1.7425799556434793,101290.0666792465
6.525144495396529,-1.6679306422096656,101290.07022188038
6.846521836321113,-1.5943992272013285,101289.76501046846
6.8170387603577804,-1.5278213950282653,101289.7725331655
7.101575962979241,-1.4653003751039049,101289.26921016336
7.0738870614442675,-1.4045342105067513,101289.27158455964
-6.2279537412811505,1.911000866397363,101828.79733434551
-6.193422467648798,1.827157215528577,101829.26731934588
-10.344827586206897,11.832221964914662,101666.01721502445
-10.344827586206897,12,101665.5523229647
6.41544032793402,-1.1230329268461183,101269.58685986421
6.41544032793402,-1.2000000000000002,101269.55320581171
6.046071237081048,1.115933560917174,101256.72528643032
6.046071237081048,1.2,101256.73207543403
-5.8540336804559345,2.103975488914189,101799.1360055414
-5.816438334455093,2.008109599461555,101799.59265771369
-9.517241379310345,11.82501297967642,101661.2596449662
-9.517241379310345,12,101661.0765549862
6.7403585582022,-1.130126954330834,101272.0568612069
6.7403585582022,-1.2,101271.98868408303
6.415440327934016,1.123592974777788,101256.61079629372
6.415440327934016,1.2,101256.60336737026
-5.428239962094285,2.3228380484038778,101770.54107298126
-5.3880162676169245,2.2137521915438763,101771.08751949079
-8.689655172413794,11.819032454600155,101658.09877522023
-8.689655172413794,12,101657.93811061811
7.026175291244613,-1.135099532507674,101275.2238497047
7.026175291244613,-1.2,101275.29512780943
6.740358558202196,1.130154514676604,101256.58684540773
6.740358558202196,1.2,101256.532254237
-4.943138231197278,2.57064868904231,101740.66784242558
-4.901137778053244,2.4474538665344427,101741.35889642462
-7.862068965517242,11.81451420636873,101651.5069271296
-7.862068965517242,12,101651.44053987622
7.026175291244613,1.1350892244713155,101256.37445052498
7.026175291244613,1.2,101256.52855584523
-4.3478267358654605,2.713043166784579,101709.3108131925
-4.390221453997841,2.8505971957892475,101708.38028747276
-7.0344827586206895,11.811402981410435,101641.73206039892
-7.0344827586206895,12,101641.69572955846
-3.71901866515566,3.0148710407252834,101673.4200658591
-3.759792736048196,3.165804879509508,101672.12594214731
-6.206896551724136,11.809459323181585,101629.1631710327
-6.206896551724136,12,101629.15152159272
-3.0141909616764915,3.353188338395284,101632.03947640401
-3.0511128062822905,3.516205530322916,101630.0692585514
-5.3793103448275845,11.808454337221303,101613.93902757647
-5.3793103448275845,12,101613.94780062129
-2.265503772757684,3.7125581890763115,101581.71800059885
-2.296227263176412,3.8859486077401644,101579.05232535856
-4.551724137931032,11.80830075862229,101596.08770793314
-4.551724137931032,12,101596.1274434151
-1.510340305061359,4.075036653570548,101518.09790669124
-1.5326675118964974,4.2573100693757056,101512.5982598872
-3.7241379310344813,11.808652565474087,101575.7314655302
-3.7241379310344813,12,101575.78827901476
7.1033903839062,1.4666677012251328,101225.91398188451
7.073887061444266,1.4045342105067526,101225.92151337386
6.8487659356385855,1.5954000758821973,101225.4083814146
6.817038760357775,1.5278213950282677,101225.46287233278
6.559508271375484,1.7424771587533068,101222.22653347252
6.525144495396526,1.6679306422096674,101222.33270520181
-0.7551701525306795,4.437518326785274,101416.57879170477
-0.7671782499262872,4.62802845711342,101410.33428446147
6.23066435610225,1.9102478330929185,101217.69955908821
6.193422467648792,1.8271572155285802,101217.83442015873
-2.896551724137929,11.809061655321651,101552.85527639856
-2.896551724137929,12,101552.93768767906
0,4.8,101291.18469364513
5.464894108449683E-17,4.997226760794433,101272.50026225706
5.856561068290546,2.1013844806534614,101214.60863737785
5.816438334455084,2.0081095994615596,101214.72019658325
-2.0689655172413763,11.809587555660187,101527.77828845837
-2.0689655172413763,12,101527.88993489566
0.7551701525306803,4.437518326785273,101195.63361117542
0.7671094606360689,4.626937105485172,101196.05260713496
5.430621336824861,2.31870459643479,101214.3652462321
5.388016267616915,2.2137521915438807,101214.39624201469
4.901137778053229,2.4474538665344494,101215.96802379002
4.945232546523372,2.5650398432401293,101216.01297502145
4.3478267358654445,2.713043166784587,101217.96229837935
4.3919833098372045,2.844031184965028,101218.05113181956
3.7190186651556387,3.014871040725293,101220.36332460449
3.761200895371419,3.159110267581328,101220.48985113764
3.014190961676473,3.353188338395293,101222.10317983155
3.0520157377096475,3.50974148293389,101222.14185842214
1.5103403050613615,4.075036653570547,101210.23726635773
1.5328336816159847,4.254280344474287,101209.14861913184
2.265503772757724,3.7125581890762924,101219.81754833437
2.2965739329971977,3.880019286503585,101219.61477775198
-1.2413793103448256,11.81048844429051,101501.18823846827
-1.2413793103448256,12,101501.32397843762
-0.41379310344827314,11.81162602422617,101473.76221454129
-0.41379310344827314,12,101473.92540340497
0.41379310344827935,11.812673737592911,101446.27327616628
0.41379310344827935,12,101446.45388076425
1.2413793103448327,11.81338062273075,101419.51310347496
1.2413793103448327,12,101419.69484345202
2.068965517241386,11.813428938539147,101394.12200857888
2.068965517241386,12,101394.29839284661
2.8965517241379395,11.812788521888432,101370.69196089139
2.8965517241379395,12,101370.86228126296
3.724137931034493,11.811843347998472,101349.99741489001
3.724137931034493,12,101350.14037992485
4.551724137931046,11.811077305431786,101332.44419973856
4.551724137931046,12,101332.57724388773
5.3793103448276005,11.811072072137486,101318.46291508024
5.3793103448276005,12,101318.59332715586
6.206896551724153,11.812427548798613,101308.24876578986
6.206896551724153,12,101308.3898748571
7.0344827586207055,11.81416112898915,101301.63723118156
7.0344827586207055,12,101301.76752235465
7.86206896551726,11.815446873692643,101298.559948644
7.86206896551726,12,101298.64718483563
8.689655172413815,11.818791064854896,101298.68889855125
8.689655172413815,12,101298.78874591374
9.517241379310367,11.82516658004455,101302.20735675815
9.517241379310367,12,101302.30455185562
10.344827586206918,11.830706047443641,101308.295094373
10.344827586206918,12,101308.34492183656
11.172413793103473,11.833475781143186,101314.96912331847
11.172413793103473,12,101314.99702064607
11.999999999999996,11.833475781143179,101320.98971860007
12,12,101320.49148920116
